Date,Start_Hour,End_Hour,Source,Season,Production,Day_of_Year,Day_Name,Month_Name
string,continuous,continuous,Mixed Solar Wind,Fall Spring Summer Winter,continuous,continuous,Friday Monday Saturday Sunday Thursday Tuesday Wednesday,April August December February January July June March May November October September
meta,,,,,,,,
12/18/2022,21,22,Wind,Winter,11400,352,Sunday,December
1/29/2024,14,15,Wind,Winter,7917,29,Monday,January
8/1/2024,15,16,Solar,Summer,8835,214,Thursday,August
11/10/2020,1,2,Wind,Fall,989,315,Tuesday,November
12/19/2022,1,2,Wind,Winter,12526,353,Monday,December
10/18/2024,13,14,Solar,Fall,4855,292,Friday,October
4/10/2020,17,18,Solar,Spring,3692,101,Friday,April
1/25/2023,0,1,Wind,Winter,2156,25,Wednesday,January
12/12/2021,12,13,Wind,Winter,5813,346,Sunday,December
10/11/2020,13,14,Wind,Fall,6106,285,Sunday,October
1/8/2024,23,0,Wind,Winter,5515,8,Monday,January
1/8/2020,18,19,Wind,Winter,2785,8,Wednesday,January
1/29/2022,20,21,Wind,Winter,8498,29,Saturday,January
6/2/2021,15,16,Solar,Summer,5561,153,Wednesday,June
6/11/2024,7,8,Wind,Summer,2328,163,Tuesday,June
6/5/2020,21,22,Wind,Summer,6664,157,Friday,June
5/2/2021,13,14,Solar,Spring,4993,122,Sunday,May
1/13/2022,0,1,Wind,Winter,3276,13,Thursday,January
7/24/2020,3,4,Wind,Summer,1739,206,Friday,July
8/29/2024,5,6,Wind,Summer,2083,242,Thursday,August
1/3/2024,0,1,Wind,Winter,17272,3,Wednesday,January
4/2/2024,2,3,Wind,Spring,12285,93,Tuesday,April
7/29/2020,16,17,Solar,Summer,3480,211,Wednesday,July
11/5/2024,6,7,Wind,Fall,1690,310,Tuesday,November
10/24/2022,8,9,Wind,Fall,11508,297,Monday,October
2/27/2023,10,11,Wind,Winter,15692,58,Monday,February
4/2/2020,15,16,Solar,Spring,4169,93,Thursday,April
5/13/2020,3,4,Wind,Spring,3174,134,Wednesday,May
11/22/2023,14,15,Wind,Fall,7314,326,Wednesday,November
9/11/2021,11,12,Solar,Fall,4969,254,Saturday,September
4/7/2025,15,16,Solar,Spring,9862,97,Monday,April
7/27/2025,22,23,Wind,Summer,3862,208,Sunday,July
3/11/2021,13,14,Wind,Spring,16144,70,Thursday,March
4/30/2022,16,17,Solar,Spring,8188,120,Saturday,April
1/19/2023,23,0,Wind,Winter,1710,19,Thursday,January
9/11/2022,4,5,Wind,Fall,472,254,Sunday,September
9/25/2021,16,17,Solar,Fall,3402,268,Saturday,September
8/8/2020,12,13,Solar,Summer,3996,221,Saturday,August
6/8/2021,1,2,Wind,Summer,1148,159,Tuesday,June
6/10/2024,21,22,Wind,Summer,4062,162,Monday,June
6/18/2020,0,1,Wind,Summer,1443,170,Thursday,June
5/30/2023,17,18,Wind,Spring,13363,150,Tuesday,May
2/17/2022,1,2,Wind,Winter,15609,48,Thursday,February
5/11/2022,19,20,Wind,Spring,8878,131,Wednesday,May
5/7/2024,7,8,Wind,Spring,2974,128,Tuesday,May
11/22/2025,12,13,Wind,Fall,12324,326,Saturday,November
4/9/2021,21,22,Wind,Spring,5279,99,Friday,April
12/24/2021,11,12,Wind,Winter,3872,358,Friday,December
3/11/2023,12,13,Wind,Spring,6406,70,Saturday,March
8/13/2021,13,14,Solar,Summer,5323,225,Friday,August
2/1/2021,15,16,Wind,Winter,7166,32,Monday,February
9/11/2023,13,14,Solar,Fall,7117,254,Monday,September
7/1/2020,13,14,Wind,Summer,5874,183,Wednesday,July
3/10/2025,9,10,Solar,Spring,4807,69,Monday,March
6/23/2023,15,16,Solar,Summer,7976,174,Friday,June
2/9/2023,13,14,Solar,Winter,5168,40,Thursday,February
5/24/2020,0,1,Wind,Spring,4384,145,Sunday,May
7/26/2021,23,0,Wind,Summer,1465,207,Monday,July
9/28/2020,6,7,Wind,Fall,3962,272,Monday,September
8/25/2021,0,1,Wind,Summer,6786,237,Wednesday,August
12/16/2021,14,15,Wind,Winter,5553,350,Thursday,December
3/11/2022,22,23,Wind,Spring,10557,70,Friday,March
4/13/2020,17,18,Wind,Spring,10961,104,Monday,April
10/4/2022,23,0,Wind,Fall,2160,277,Tuesday,October
6/12/2025,1,2,Wind,Summer,8382,163,Thursday,June
8/18/2022,10,11,Solar,Summer,3688,230,Thursday,August
10/25/2025,18,19,Wind,Fall,8209,298,Saturday,October
10/24/2023,22,23,Wind,Fall,6448,297,Tuesday,October
10/13/2021,18,19,Wind,Fall,2194,286,Wednesday,October
7/19/2025,11,12,Wind,Summer,10173,200,Saturday,July
6/1/2021,5,6,Wind,Summer,5221,152,Tuesday,June
6/30/2022,22,23,Wind,Summer,2181,181,Thursday,June
1/4/2020,5,6,Wind,Winter,3143,4,Saturday,January
4/23/2020,3,4,Wind,Spring,2541,114,Thursday,April
9/19/2021,9,10,Wind,Fall,4133,262,Sunday,September
2/1/2021,5,6,Wind,Winter,5020,32,Monday,February
7/8/2022,8,9,Wind,Summer,3748,189,Friday,July
7/8/2025,13,14,Solar,Summer,13125,189,Tuesday,July
7/7/2021,14,15,Solar,Summer,5096,188,Wednesday,July
1/22/2020,15,16,Wind,Winter,4074,22,Wednesday,January
6/28/2025,17,18,Solar,Summer,7681,179,Saturday,June
2/25/2021,3,4,Wind,Winter,4820,56,Thursday,February
5/22/2021,17,18,Wind,Spring,10961,142,Saturday,May
2/16/2022,5,6,Wind,Winter,14822,47,Wednesday,February
6/22/2023,4,5,Wind,Summer,3376,173,Thursday,June
6/18/2022,22,23,Wind,Summer,8199,169,Saturday,June
6/8/2022,15,16,Wind,Summer,10512,159,Wednesday,June
12/1/2022,3,4,Wind,Winter,3869,335,Thursday,December
4/17/2023,16,17,Wind,Spring,10404,107,Monday,April
12/9/2020,9,10,Wind,Winter,3334,344,Wednesday,December
2/7/2023,18,19,Wind,Winter,5042,38,Tuesday,February
9/28/2020,20,21,Wind,Fall,4228,272,Monday,September
2/12/2023,15,16,Solar,Winter,5718,43,Sunday,February
11/23/2023,2,3,Wind,Fall,2948,327,Thursday,November
12/12/2024,19,20,Wind,Winter,3528,347,Thursday,December
5/11/2025,1,2,Wind,Spring,7504,131,Sunday,May
5/30/2024,19,20,Wind,Spring,8561,151,Thursday,May
7/29/2024,16,17,Solar,Summer,8215,211,Monday,July
8/27/2024,23,0,Wind,Summer,3000,240,Tuesday,August
11/13/2021,9,10,Wind,Fall,5084,317,Saturday,November
9/20/2021,19,20,Wind,Fall,3112,263,Monday,September
2/13/2023,12,13,Solar,Winter,6722,44,Monday,February
11/14/2020,2,3,Wind,Fall,4362,319,Saturday,November
1/29/2025,0,1,Wind,Winter,18199,29,Wednesday,January
3/2/2022,4,5,Wind,Spring,2961,61,Wednesday,March
6/6/2025,16,17,Wind,Summer,7448,157,Friday,June
7/15/2025,2,3,Wind,Summer,3144,196,Tuesday,July
5/15/2022,15,16,Solar,Spring,9252,135,Sunday,May
6/6/2024,16,17,Solar,Summer,7935,158,Thursday,June
12/1/2020,6,7,Wind,Winter,7577,336,Tuesday,December
2/1/2020,20,21,Wind,Winter,10073,32,Saturday,February
12/5/2022,7,8,Wind,Winter,723,339,Monday,December
11/2/2021,17,18,Wind,Fall,1723,306,Tuesday,November
3/30/2024,15,16,Solar,Spring,7864,90,Saturday,March
5/7/2020,14,15,Solar,Spring,4403,128,Thursday,May
7/22/2024,4,5,Wind,Summer,3323,204,Monday,July
1/23/2022,23,0,Wind,Winter,3658,23,Sunday,January
4/16/2024,8,9,Wind,Spring,14410,107,Tuesday,April
2/2/2021,17,18,Wind,Winter,9228,33,Tuesday,February
4/6/2025,12,13,Solar,Spring,8484,96,Sunday,April
10/24/2025,20,21,Wind,Fall,12993,297,Friday,October
9/12/2024,19,20,Wind,Fall,4668,256,Thursday,September
6/1/2021,20,21,Wind,Summer,3220,152,Tuesday,June
6/10/2022,4,5,Wind,Summer,2337,161,Friday,June
5/12/2024,4,5,Wind,Spring,3727,133,Sunday,May
11/1/2025,1,2,Wind,Fall,13837,305,Saturday,November
5/29/2022,9,10,Solar,Spring,7338,149,Sunday,May
8/30/2023,18,19,Wind,Summer,7641,242,Wednesday,August
4/29/2023,20,21,Wind,Spring,2453,119,Saturday,April
5/22/2022,15,16,Solar,Spring,5188,142,Sunday,May
8/12/2022,12,13,Solar,Summer,8910,224,Friday,August
8/31/2020,13,14,Solar,Summer,4731,244,Monday,August
9/17/2020,1,2,Wind,Fall,5365,261,Thursday,September
5/13/2023,10,11,Solar,Spring,7155,133,Saturday,May
10/16/2021,15,16,Solar,Fall,4121,289,Saturday,October
1/4/2022,8,9,Wind,Winter,6398,4,Tuesday,January
11/10/2024,22,23,Wind,Fall,2532,315,Sunday,November
4/25/2022,21,22,Wind,Spring,2493,115,Monday,April
5/14/2021,11,12,Wind,Spring,7152,134,Friday,May
10/14/2020,8,9,Wind,Fall,3082,288,Wednesday,October
9/29/2021,13,14,Wind,Fall,11398,272,Wednesday,September
2/2/2020,2,3,Wind,Winter,6412,33,Sunday,February
7/10/2021,19,20,Wind,Summer,3038,191,Saturday,July
6/9/2022,0,1,Wind,Summer,6305,160,Thursday,June
12/4/2021,2,3,Wind,Winter,8913,338,Saturday,December
8/5/2020,4,5,Wind,Summer,1018,218,Wednesday,August
1/22/2020,16,17,Wind,Winter,3930,22,Wednesday,January
2/21/2024,0,1,Wind,Winter,3618,52,Wednesday,February
1/1/2021,12,13,Solar,Winter,1994,1,Friday,January
7/20/2021,22,23,Wind,Summer,3054,201,Tuesday,July
7/9/2025,11,12,Solar,Summer,9719,190,Wednesday,July
12/8/2024,6,7,Wind,Winter,16946,343,Sunday,December
10/21/2024,20,21,Wind,Fall,4621,295,Monday,October
7/3/2025,13,14,Solar,Summer,9835,184,Thursday,July
6/3/2022,8,9,Wind,Summer,3026,154,Friday,June
6/15/2022,13,14,Solar,Summer,6208,166,Wednesday,June
3/18/2022,5,6,Wind,Spring,8159,77,Friday,March
3/9/2021,8,9,Wind,Spring,2948,68,Tuesday,March
2/17/2022,19,20,Wind,Winter,8507,48,Thursday,February
11/11/2021,5,6,Wind,Fall,982,315,Thursday,November
6/6/2020,1,2,Wind,Summer,5766,158,Saturday,June
10/24/2020,8,9,Wind,Fall,8585,298,Saturday,October
9/18/2023,9,10,Wind,Fall,8347,261,Monday,September
11/24/2025,7,8,Wind,Fall,8309,328,Monday,November
9/9/2021,1,2,Wind,Fall,2685,252,Thursday,September
9/25/2025,18,19,Wind,Fall,3302,268,Thursday,September
5/12/2021,17,18,Wind,Spring,4435,132,Wednesday,May
6/2/2022,9,10,Solar,Summer,4378,153,Thursday,June
1/14/2025,15,16,Solar,Winter,4353,14,Tuesday,January
3/22/2023,14,15,Wind,Spring,15456,81,Wednesday,March
7/7/2024,19,20,Wind,Summer,4892,189,Sunday,July
1/28/2021,4,5,Wind,Winter,9675,28,Thursday,January
2/12/2025,1,2,Wind,Winter,2685,43,Wednesday,February
8/25/2021,14,15,Solar,Summer,9454,237,Wednesday,August
7/17/2023,6,7,Wind,Summer,2269,198,Monday,July
6/25/2025,13,14,Solar,Summer,9397,176,Wednesday,June
3/3/2021,9,10,Wind,Spring,1845,62,Wednesday,March
6/22/2021,14,15,Wind,Summer,6749,173,Tuesday,June
3/19/2025,13,14,Solar,Spring,13786,78,Wednesday,March
5/31/2020,19,20,Wind,Spring,5250,152,Sunday,May
2/21/2020,16,17,Wind,Winter,7148,52,Friday,February
6/4/2023,8,9,Wind,Summer,4706,155,Sunday,June
3/3/2025,18,19,Wind,Spring,2282,62,Monday,March
8/17/2025,12,13,Solar,Summer,11455,229,Sunday,August
1/3/2020,21,22,Wind,Winter,4570,3,Friday,January
5/19/2023,18,19,Wind,Spring,8236,139,Friday,May
4/3/2021,5,6,Wind,Spring,7508,93,Saturday,April
7/16/2025,12,13,Solar,Summer,16160,197,Wednesday,July
6/8/2024,5,6,Wind,Summer,2141,160,Saturday,June
9/29/2022,15,16,Solar,Fall,3999,272,Thursday,September
9/19/2024,8,9,Wind,Fall,8855,263,Thursday,September
5/23/2021,20,21,Wind,Spring,6519,143,Sunday,May
11/19/2024,2,3,Wind,Fall,16568,324,Tuesday,November
11/2/2025,12,13,Wind,Fall,17124,306,Sunday,November
3/6/2020,19,20,Wind,Spring,4409,66,Friday,March
9/24/2025,14,15,Wind,Fall,10617,267,Wednesday,September
3/6/2021,0,1,Wind,Spring,6907,65,Saturday,March
1/8/2024,1,2,Wind,Winter,11458,8,Monday,January
1/29/2024,9,10,Wind,Winter,8026,29,Monday,January
6/8/2024,21,22,Wind,Summer,2990,160,Saturday,June
9/5/2020,2,3,Wind,Fall,2313,249,Saturday,September
8/29/2023,16,17,Solar,Summer,6026,241,Tuesday,August
3/31/2023,21,22,Wind,Spring,17308,90,Friday,March
8/2/2021,12,13,Solar,Summer,4915,214,Monday,August
11/12/2021,19,20,Wind,Fall,4622,316,Friday,November
4/7/2024,13,14,Wind,Spring,6534,98,Sunday,April
8/23/2022,20,21,Wind,Summer,692,235,Tuesday,August
3/31/2025,12,13,Solar,Spring,12441,90,Monday,March
12/12/2024,23,0,Wind,Winter,3205,347,Thursday,December
10/30/2023,14,15,Wind,Fall,6382,303,Monday,October
7/13/2025,23,0,Wind,Summer,2819,194,Sunday,July
3/10/2020,16,17,Wind,Spring,12787,70,Tuesday,March
1/9/2021,3,4,Wind,Winter,2353,9,Saturday,January
4/2/2021,2,3,Wind,Spring,7071,92,Friday,April
11/24/2022,21,22,Wind,Fall,10233,328,Thursday,November
8/4/2025,4,5,Wind,Summer,2819,216,Monday,August
9/24/2021,10,11,Solar,Fall,3708,267,Friday,September
11/14/2020,14,15,Wind,Fall,9092,319,Saturday,November
2/12/2025,11,12,Solar,Winter,3734,43,Wednesday,February
11/18/2024,17,18,Wind,Fall,7419,323,Monday,November
8/25/2025,11,12,Solar,Summer,7160,237,Monday,August
11/11/2025,13,14,Wind,Fall,13901,315,Tuesday,November
9/15/2021,9,10,Wind,Fall,2675,258,Wednesday,September
8/21/2022,7,8,Wind,Summer,794,233,Sunday,August
11/14/2025,3,4,Wind,Fall,10916,318,Friday,November
4/30/2022,10,11,Solar,Spring,6810,120,Saturday,April
10/9/2022,3,4,Wind,Fall,4965,282,Sunday,October
4/26/2024,0,1,Wind,Spring,2294,117,Friday,April
3/12/2022,15,16,Wind,Spring,9696,71,Saturday,March
2/21/2023,12,13,Solar,Winter,4252,52,Tuesday,February
3/29/2023,11,12,Solar,Spring,8491,88,Wednesday,March
4/27/2021,22,23,Wind,Spring,2003,117,Tuesday,April
2/17/2020,4,5,Wind,Winter,6453,48,Monday,February
1/19/2024,23,0,Wind,Winter,3521,19,Friday,January
3/31/2025,7,8,Wind,Spring,5090,90,Monday,March
11/2/2021,12,13,Wind,Fall,6192,306,Tuesday,November
11/11/2022,7,8,Wind,Fall,3461,315,Friday,November
10/26/2021,12,13,Solar,Fall,5605,299,Tuesday,October
9/22/2022,19,20,Wind,Fall,399,265,Thursday,September
5/11/2025,13,14,Solar,Spring,4563,131,Sunday,May
1/28/2022,1,2,Wind,Winter,2439,28,Friday,January
11/20/2022,10,11,Wind,Fall,9228,324,Sunday,November
7/12/2022,1,2,Wind,Summer,4082,193,Tuesday,July
11/24/2024,12,13,Wind,Fall,22929,329,Sunday,November
2/1/2020,4,5,Wind,Winter,9131,32,Saturday,February
11/6/2024,5,6,Wind,Fall,189,311,Wednesday,November
10/28/2021,9,10,Wind,Fall,6796,301,Thursday,October
10/22/2020,12,13,Wind,Fall,5144,296,Thursday,October
3/10/2022,0,1,Wind,Spring,6808,69,Thursday,March
11/3/2021,5,6,Wind,Fall,3819,307,Wednesday,November
12/8/2024,2,3,Wind,Winter,16670,343,Sunday,December
6/3/2020,5,6,Wind,Summer,631,155,Wednesday,June
6/27/2020,11,12,Wind,Summer,9506,179,Saturday,June
6/4/2021,3,4,Wind,Summer,1527,155,Friday,June
11/17/2020,22,23,Wind,Fall,2667,322,Tuesday,November
10/21/2021,8,9,Wind,Fall,11321,294,Thursday,October
8/19/2021,23,0,Wind,Summer,940,231,Thursday,August
6/4/2020,23,0,Wind,Summer,2918,156,Thursday,June
8/14/2023,11,12,Solar,Summer,7955,226,Monday,August
5/13/2024,3,4,Wind,Spring,2321,134,Monday,May
8/11/2024,16,17,Solar,Summer,5870,224,Sunday,August
5/4/2021,7,8,Wind,Spring,13322,124,Tuesday,May
4/26/2025,11,12,Solar,Spring,4018,116,Saturday,April
1/21/2020,18,19,Wind,Winter,3303,21,Tuesday,January
11/2/2021,19,20,Wind,Fall,2311,306,Tuesday,November
7/29/2023,1,2,Wind,Summer,3618,210,Saturday,July
5/21/2023,8,9,Wind,Spring,4686,141,Sunday,May
2/7/2025,18,19,Wind,Winter,9119,38,Friday,February
7/25/2022,11,12,Wind,Summer,10186,206,Monday,July
10/16/2024,16,17,Wind,Fall,11196,290,Wednesday,October
1/11/2022,18,19,Wind,Winter,2621,11,Tuesday,January
4/19/2024,2,3,Wind,Spring,6475,110,Friday,April
7/28/2024,23,0,Wind,Summer,6281,210,Sunday,July
4/5/2025,18,19,Wind,Spring,8043,95,Saturday,April
1/4/2022,20,21,Wind,Winter,9372,4,Tuesday,January
7/6/2023,4,5,Wind,Summer,1028,187,Thursday,July
3/22/2024,23,0,Wind,Spring,7326,82,Friday,March
1/16/2024,9,10,Wind,Winter,2207,16,Tuesday,January
5/8/2024,20,21,Wind,Spring,3372,129,Wednesday,May
1/26/2025,19,20,Wind,Winter,19633,26,Sunday,January
7/20/2020,7,8,Wind,Summer,3155,202,Monday,July
3/2/2024,1,2,Wind,Spring,11147,62,Saturday,March
5/17/2021,13,14,Wind,Spring,15419,137,Monday,May
9/22/2024,4,5,Wind,Fall,3577,266,Sunday,September
7/18/2021,3,4,Wind,Summer,5140,199,Sunday,July
3/20/2020,15,16,Wind,Spring,7700,80,Friday,March
4/14/2025,23,0,Wind,Spring,5469,104,Monday,April
2/19/2020,7,8,Wind,Winter,7659,50,Wednesday,February
11/21/2021,4,5,Wind,Fall,556,325,Sunday,November
10/25/2023,10,11,Wind,Fall,10951,298,Wednesday,October
7/16/2023,19,20,Wind,Summer,5612,197,Sunday,July
7/22/2020,12,13,Solar,Summer,3790,204,Wednesday,July
3/8/2024,1,2,Wind,Spring,10506,68,Friday,March
12/10/2020,14,15,Wind,Winter,3341,345,Thursday,December
6/19/2022,8,9,Wind,Summer,7096,170,Sunday,June
10/23/2024,20,21,Wind,Fall,5480,297,Wednesday,October
6/11/2024,23,0,Wind,Summer,2863,163,Tuesday,June
9/9/2021,5,6,Wind,Fall,1689,252,Thursday,September
6/11/2020,15,16,Wind,Summer,5051,163,Thursday,June
6/7/2024,4,5,Wind,Summer,1976,159,Friday,June
3/26/2024,23,0,Wind,Spring,8226,86,Tuesday,March
2/9/2022,9,10,Wind,Winter,4407,40,Wednesday,February
2/15/2025,20,21,Wind,Winter,5334,46,Saturday,February
4/28/2021,6,7,Wind,Spring,857,118,Wednesday,April
8/27/2020,11,12,Solar,Summer,4553,240,Thursday,August
10/1/2024,7,8,Wind,Fall,6398,275,Tuesday,October
5/21/2021,0,1,Wind,Spring,9704,141,Friday,May
12/5/2021,22,23,Wind,Winter,4707,339,Sunday,December
8/1/2022,14,15,Solar,Summer,6729,213,Monday,August
9/18/2022,23,0,Wind,Fall,4648,261,Sunday,September
1/14/2025,4,5,Wind,Winter,2738,14,Tuesday,January
1/4/2025,9,10,Wind,Winter,4819,4,Saturday,January
8/23/2020,20,21,Wind,Summer,3074,236,Sunday,August
12/11/2022,11,12,Solar,Winter,4059,345,Sunday,December
7/5/2024,2,3,Wind,Summer,3591,187,Friday,July
7/12/2021,10,11,Wind,Summer,3055,193,Monday,July
12/4/2022,18,19,Wind,Winter,1267,338,Sunday,December
9/29/2023,15,16,Wind,Fall,10069,272,Friday,September
10/6/2024,10,11,Wind,Fall,7982,280,Sunday,October
2/27/2023,20,21,Wind,Winter,11622,58,Monday,February
6/6/2021,7,8,Wind,Summer,2047,157,Sunday,June
4/6/2022,17,18,Wind,Spring,13616,96,Wednesday,April
1/29/2025,14,15,Wind,Winter,13601,29,Wednesday,January
10/30/2024,21,22,Wind,Fall,3374,304,Wednesday,October
6/14/2024,18,19,Wind,Summer,11508,166,Friday,June
2/5/2024,19,20,Wind,Winter,7217,36,Monday,February
11/16/2020,2,3,Wind,Fall,9712,321,Monday,November
11/3/2025,12,13,Wind,Fall,14275,307,Monday,November
5/28/2023,22,23,Wind,Spring,9225,148,Sunday,May
1/24/2020,22,23,Wind,Winter,628,24,Friday,January
2/4/2022,5,6,Wind,Winter,6025,35,Friday,February
1/2/2020,18,19,Wind,Winter,5346,2,Thursday,January
8/30/2022,0,1,Wind,Summer,5425,242,Tuesday,August
11/29/2025,0,1,Wind,Fall,5241,333,Saturday,November
5/14/2025,10,11,Solar,Spring,7025,134,Wednesday,May
12/25/2024,2,3,Wind,Winter,1698,360,Wednesday,December
9/16/2024,11,12,Solar,Fall,8063,260,Monday,September
6/13/2020,2,3,Wind,Summer,3116,165,Saturday,June
5/26/2025,10,11,Solar,Spring,10578,146,Monday,May
1/29/2022,9,10,Wind,Winter,8062,29,Saturday,January
8/29/2021,7,8,Wind,Summer,3373,241,Sunday,August
8/17/2023,4,5,Wind,Summer,2138,229,Thursday,August
11/1/2021,16,17,Wind,Fall,6650,305,Monday,November
4/27/2025,13,14,Solar,Spring,4171,117,Sunday,April
3/25/2020,20,21,Wind,Spring,7278,85,Wednesday,March
11/13/2025,13,14,Wind,Fall,10055,317,Thursday,November
10/29/2022,9,10,Wind,Fall,8680,302,Saturday,October
5/12/2025,3,4,Wind,Spring,2071,132,Monday,May
12/26/2021,18,19,Wind,Winter,2979,360,Sunday,December
11/27/2022,5,6,Wind,Fall,6949,331,Sunday,November
6/10/2025,19,20,Wind,Summer,4337,161,Tuesday,June
1/14/2020,11,12,Wind,Winter,13956,14,Tuesday,January
4/19/2025,14,15,Wind,Spring,4692,109,Saturday,April
10/16/2022,4,5,Wind,Fall,3203,289,Sunday,October
11/8/2025,12,13,Solar,Fall,5483,312,Saturday,November
6/3/2023,0,1,Wind,Summer,7045,154,Saturday,June
12/21/2022,4,5,Wind,Winter,5289,355,Wednesday,December
8/15/2022,6,7,Wind,Summer,2354,227,Monday,August
6/14/2025,21,22,Wind,Summer,2617,165,Saturday,June
11/11/2021,19,20,Wind,Fall,904,315,Thursday,November
4/2/2024,19,20,Wind,Spring,9355,93,Tuesday,April
12/3/2024,0,1,Wind,Winter,6322,338,Tuesday,December
8/18/2021,10,11,Solar,Summer,4153,230,Wednesday,August
2/18/2022,0,1,Wind,Winter,6361,49,Friday,February
6/15/2020,9,10,Solar,Summer,3227,167,Monday,June
6/6/2020,3,4,Wind,Summer,5774,158,Saturday,June
10/31/2022,6,7,Wind,Fall,3071,304,Monday,October
8/2/2023,18,19,Wind,Summer,18182,214,Wednesday,August
6/8/2023,6,7,Wind,Summer,4578,159,Thursday,June
4/21/2024,15,16,Wind,Spring,10808,112,Sunday,April
11/2/2025,9,10,Wind,Fall,11230,306,Sunday,November
1/11/2023,22,23,Wind,Winter,15390,11,Wednesday,January
3/19/2020,11,12,Solar,Spring,3951,79,Thursday,March
8/17/2025,8,9,Wind,Summer,6183,229,Sunday,August
8/7/2020,6,7,Wind,Summer,2021,220,Friday,August
11/22/2025,9,10,Wind,Fall,8243,326,Saturday,November
9/4/2025,5,6,Wind,Fall,6876,247,Thursday,September
7/22/2020,10,11,Solar,Summer,2606,204,Wednesday,July
4/26/2021,3,4,Wind,Spring,9366,116,Monday,April
8/19/2021,4,5,Wind,Summer,1485,231,Thursday,August
10/25/2022,14,15,Solar,Fall,5213,298,Tuesday,October
4/6/2020,9,10,Wind,Spring,6188,97,Monday,April
7/8/2023,15,16,Solar,Summer,8194,189,Saturday,July
5/10/2020,10,11,Wind,Spring,2276,131,Sunday,May
1/17/2020,1,2,Wind,Winter,9434,17,Friday,January
1/10/2024,9,10,Wind,Winter,2524,10,Wednesday,January
3/29/2022,14,15,Solar,Spring,4278,88,Tuesday,March
12/7/2022,14,15,Solar,Winter,3789,341,Wednesday,December
6/6/2024,1,2,Wind,Summer,1268,158,Thursday,June
1/30/2020,6,7,Wind,Winter,6684,30,Thursday,January
8/18/2020,9,10,Solar,Summer,1797,231,Tuesday,August
12/12/2024,7,8,Wind,Winter,3380,347,Thursday,December
4/4/2022,23,0,Wind,Spring,8520,94,Monday,April
10/13/2025,4,5,Wind,Fall,6073,286,Monday,October
6/18/2024,4,5,Wind,Summer,2793,170,Tuesday,June
5/10/2022,6,7,Wind,Spring,2478,130,Tuesday,May
4/26/2023,15,16,Solar,Spring,4624,116,Wednesday,April
6/16/2021,2,3,Wind,Summer,1499,167,Wednesday,June
9/3/2021,6,7,Wind,Fall,2094,246,Friday,September
4/7/2025,3,4,Wind,Spring,6184,97,Monday,April
7/21/2020,8,9,Wind,Summer,3014,203,Tuesday,July
5/12/2022,10,11,Solar,Spring,4025,132,Thursday,May
12/22/2022,11,12,Wind,Winter,13135,356,Thursday,December
10/8/2024,22,23,Wind,Fall,13096,282,Tuesday,October
6/13/2021,5,6,Wind,Summer,2592,164,Sunday,June
3/9/2021,22,23,Wind,Spring,2083,68,Tuesday,March
1/3/2022,17,18,Wind,Winter,8634,3,Monday,January
2/15/2025,21,22,Wind,Winter,5507,46,Saturday,February
12/3/2021,13,14,Wind,Winter,13277,337,Friday,December
5/7/2021,8,9,Wind,Spring,3061,127,Friday,May
6/27/2025,2,3,Wind,Summer,3511,178,Friday,June
2/1/2020,11,12,Wind,Winter,11252,32,Saturday,February
7/1/2020,20,21,Wind,Summer,4054,183,Wednesday,July
5/1/2023,20,21,Wind,Spring,3856,121,Monday,May
7/8/2025,18,19,Solar,Summer,8997,189,Tuesday,July
2/18/2021,20,21,Wind,Winter,6214,49,Thursday,February
11/28/2022,13,14,Wind,Fall,5047,332,Monday,November
7/1/2021,17,18,Solar,Summer,3901,182,Thursday,July
11/15/2023,20,21,Wind,Fall,4554,319,Wednesday,November
1/14/2021,10,11,Wind,Winter,8411,14,Thursday,January
5/27/2020,11,12,Solar,Spring,5832,148,Wednesday,May
4/16/2020,21,22,Wind,Spring,1491,107,Thursday,April
6/29/2020,16,17,Wind,Summer,10010,181,Monday,June
4/2/2024,6,7,Wind,Spring,13175,93,Tuesday,April
5/8/2022,1,2,Wind,Spring,4285,128,Sunday,May
12/29/2023,15,16,Wind,Winter,13922,363,Friday,December
3/15/2024,3,4,Wind,Spring,10445,75,Friday,March
6/7/2021,6,7,Wind,Summer,1268,158,Monday,June
3/31/2020,17,18,Wind,Spring,10262,91,Tuesday,March
9/13/2021,1,2,Wind,Fall,2586,256,Monday,September
1/16/2023,14,15,Wind,Winter,16385,16,Monday,January
2/1/2021,20,21,Wind,Winter,3405,32,Monday,February
9/13/2022,5,6,Wind,Fall,1654,256,Tuesday,September
7/29/2023,15,16,Wind,Summer,11966,210,Saturday,July
8/9/2020,16,17,Solar,Summer,3364,222,Sunday,August
9/23/2021,1,2,Wind,Fall,1404,266,Thursday,September
3/18/2021,9,10,Wind,Spring,4597,77,Thursday,March
1/13/2024,0,1,Wind,Winter,2503,13,Saturday,January
6/27/2023,6,7,Wind,Summer,2239,178,Tuesday,June
12/15/2023,0,1,Wind,Winter,2968,349,Friday,December
6/12/2023,19,20,Wind,Summer,3168,163,Monday,June
12/14/2020,6,7,Wind,Winter,8437,349,Monday,December
5/4/2023,13,14,Solar,Spring,11275,124,Thursday,May
1/6/2022,11,12,Solar,Winter,5010,6,Thursday,January
5/5/2023,6,7,Wind,Spring,2188,125,Friday,May
3/24/2021,19,20,Wind,Spring,2191,83,Wednesday,March
11/6/2020,5,6,Wind,Fall,6584,311,Friday,November
10/13/2025,0,1,Wind,Fall,7395,286,Monday,October
4/9/2025,22,23,Wind,Spring,11401,99,Wednesday,April
6/13/2022,3,4,Wind,Summer,3888,164,Monday,June
12/6/2020,0,1,Wind,Winter,3896,341,Sunday,December
12/26/2022,23,0,Wind,Winter,5200,360,Monday,December
7/7/2022,18,19,Wind,Summer,8067,188,Thursday,July
9/27/2021,16,17,Wind,Fall,10010,270,Monday,September
1/29/2024,18,19,Wind,Winter,7099,29,Monday,January
3/25/2024,21,22,Wind,Spring,8820,85,Monday,March
12/27/2022,9,10,Wind,Winter,4677,361,Tuesday,December
12/3/2021,18,19,Wind,Winter,11102,337,Friday,December
4/4/2023,15,16,Solar,Spring,10833,94,Tuesday,April
3/28/2024,7,8,Wind,Spring,15504,88,Thursday,March
12/23/2022,0,1,Wind,Winter,11216,357,Friday,December
4/27/2025,22,23,Wind,Spring,3364,117,Sunday,April
4/20/2020,0,1,Wind,Spring,5506,111,Monday,April
10/17/2022,12,13,Wind,Fall,6996,290,Monday,October
1/2/2025,0,1,Wind,Winter,12035,2,Thursday,January
7/24/2020,15,16,Solar,Summer,6901,206,Friday,July
11/21/2020,10,11,Wind,Fall,4830,326,Saturday,November
8/22/2022,19,20,Wind,Summer,2515,234,Monday,August
12/29/2022,4,5,Wind,Winter,11261,363,Thursday,December
11/11/2022,23,0,Wind,Fall,4623,315,Friday,November
7/15/2021,23,0,Wind,Summer,5085,196,Thursday,July
6/29/2020,18,19,Wind,Summer,8918,181,Monday,June
11/2/2020,17,18,Wind,Fall,8515,307,Monday,November
6/8/2022,14,15,Wind,Summer,10122,159,Wednesday,June
11/27/2020,1,2,Wind,Fall,1637,332,Friday,November
3/1/2022,18,19,Wind,Spring,1775,60,Tuesday,March
8/19/2025,16,17,Solar,Summer,6355,231,Tuesday,August
11/13/2022,22,23,Wind,Fall,2673,317,Sunday,November
11/6/2025,21,22,Wind,Fall,2696,310,Thursday,November
7/13/2022,12,13,Solar,Summer,6334,194,Wednesday,July
12/27/2021,9,10,Wind,Winter,8156,361,Monday,December
10/25/2021,20,21,Wind,Fall,3029,298,Monday,October
9/12/2023,4,5,Wind,Fall,705,255,Tuesday,September
4/2/2023,4,5,Wind,Spring,8890,92,Sunday,April
9/28/2021,2,3,Wind,Fall,2108,271,Tuesday,September
5/17/2024,14,15,Solar,Spring,7184,138,Friday,May
11/13/2025,1,2,Wind,Fall,12913,317,Thursday,November
10/13/2020,16,17,Wind,Fall,5579,287,Tuesday,October
2/17/2021,22,23,Wind,Winter,7964,48,Wednesday,February
10/9/2020,18,19,Wind,Fall,3322,283,Friday,October
2/19/2025,20,21,Wind,Winter,7629,50,Wednesday,February
11/16/2021,16,17,Wind,Fall,1087,320,Tuesday,November
12/30/2020,23,0,Wind,Winter,5476,365,Wednesday,December
7/14/2022,14,15,Solar,Summer,8923,195,Thursday,July
3/19/2023,13,14,Wind,Spring,7895,78,Sunday,March
7/24/2024,11,12,Solar,Summer,6845,206,Wednesday,July
10/31/2024,20,21,Wind,Fall,1073,305,Thursday,October
5/9/2023,19,20,Wind,Spring,7431,129,Tuesday,May
3/9/2021,6,7,Wind,Spring,2088,68,Tuesday,March
5/6/2024,20,21,Wind,Spring,3270,127,Monday,May
10/26/2022,17,18,Wind,Fall,3223,299,Wednesday,October
12/7/2021,12,13,Wind,Winter,11221,341,Tuesday,December
5/5/2024,23,0,Wind,Spring,2081,126,Sunday,May
4/23/2023,18,19,Wind,Spring,14741,113,Sunday,April
11/2/2022,19,20,Wind,Fall,7737,306,Wednesday,November
3/14/2021,15,16,Wind,Spring,13538,73,Sunday,March
11/29/2021,10,11,Wind,Fall,3702,333,Monday,November
6/14/2025,14,15,Solar,Summer,4546,165,Saturday,June
4/28/2024,9,10,Wind,Spring,7916,119,Sunday,April
5/13/2020,1,2,Wind,Spring,3264,134,Wednesday,May
6/4/2025,16,17,Solar,Summer,8625,155,Wednesday,June
6/23/2024,12,13,Solar,Summer,4144,175,Sunday,June
1/24/2024,10,11,Wind,Winter,15539,24,Wednesday,January
10/14/2021,4,5,Wind,Fall,1720,287,Thursday,October
10/8/2021,23,0,Wind,Fall,5380,281,Friday,October
3/17/2023,23,0,Wind,Spring,6418,76,Friday,March
8/28/2023,5,6,Wind,Summer,2801,240,Monday,August
9/7/2022,12,13,Solar,Fall,7186,250,Wednesday,September
12/23/2023,11,12,Wind,Winter,15819,357,Saturday,December
8/5/2023,10,11,Wind,Summer,11382,217,Saturday,August
5/28/2023,23,0,Wind,Spring,9894,148,Sunday,May
7/20/2022,1,2,Wind,Summer,3765,201,Wednesday,July
1/18/2023,2,3,Wind,Winter,4661,18,Wednesday,January
9/29/2024,2,3,Wind,Fall,1731,273,Sunday,September
2/23/2024,12,13,Wind,Winter,16403,54,Friday,February
10/4/2021,23,0,Wind,Fall,7024,277,Monday,October
10/20/2025,0,1,Wind,Fall,13425,293,Monday,October
3/24/2023,8,9,Wind,Spring,12405,83,Friday,March
7/23/2020,18,19,Solar,Summer,1954,205,Thursday,July
5/13/2020,23,0,Wind,Spring,7165,134,Wednesday,May
9/6/2022,23,0,Wind,Fall,2214,249,Tuesday,September
2/17/2021,7,8,Wind,Winter,7775,48,Wednesday,February
5/29/2021,12,13,Solar,Spring,6169,149,Saturday,May
7/25/2024,21,22,Wind,Summer,2257,207,Thursday,July
4/16/2022,20,21,Wind,Spring,6001,106,Saturday,April
7/28/2020,5,6,Wind,Summer,4107,210,Tuesday,July
5/31/2021,19,20,Wind,Spring,3587,151,Monday,May
6/27/2024,21,22,Wind,Summer,4170,179,Thursday,June
10/23/2021,22,23,Wind,Fall,3701,296,Saturday,October
11/22/2022,20,21,Wind,Fall,10307,326,Tuesday,November
3/26/2020,20,21,Wind,Spring,4960,86,Thursday,March
8/9/2020,7,8,Wind,Summer,963,222,Sunday,August
11/23/2025,22,23,Wind,Fall,6568,327,Sunday,November
6/17/2022,3,4,Wind,Summer,3147,168,Friday,June
9/6/2020,6,7,Wind,Fall,1309,250,Sunday,September
1/8/2023,12,13,Wind,Winter,13363,8,Sunday,January
5/27/2020,2,3,Wind,Spring,4422,148,Wednesday,May
12/29/2023,12,13,Wind,Winter,15941,363,Friday,December
1/6/2022,3,4,Wind,Winter,2846,6,Thursday,January
3/8/2025,0,1,Wind,Spring,10805,67,Saturday,March
6/25/2023,16,17,Solar,Summer,8815,176,Sunday,June
10/31/2023,12,13,Wind,Fall,11825,304,Tuesday,October
4/18/2021,7,8,Wind,Spring,2893,108,Sunday,April
5/5/2020,14,15,Wind,Spring,6849,126,Tuesday,May
5/3/2023,9,10,Solar,Spring,7624,123,Wednesday,May
9/3/2023,19,20,Wind,Fall,5905,246,Sunday,September
10/25/2024,21,22,Wind,Fall,1798,299,Friday,October
5/11/2022,6,7,Wind,Spring,3550,131,Wednesday,May
1/30/2025,14,15,Wind,Winter,8803,30,Thursday,January
4/29/2020,5,6,Wind,Spring,4808,120,Wednesday,April
4/3/2020,5,6,Wind,Spring,2053,94,Friday,April
5/14/2020,1,2,Wind,Spring,7248,135,Thursday,May
8/22/2020,9,10,Wind,Summer,7218,235,Saturday,August
4/24/2021,19,20,Wind,Spring,6192,114,Saturday,April
6/26/2025,17,18,Wind,Summer,14166,177,Thursday,June
10/7/2020,20,21,Wind,Fall,4044,281,Wednesday,October
2/11/2020,13,14,Wind,Winter,14541,42,Tuesday,February
10/21/2024,23,0,Wind,Fall,6386,295,Monday,October
8/7/2022,8,9,Wind,Summer,5411,219,Sunday,August
1/8/2021,7,8,Wind,Winter,1043,8,Friday,January
3/27/2020,12,13,Solar,Spring,5875,87,Friday,March
9/14/2022,13,14,Solar,Fall,6213,257,Wednesday,September
2/9/2021,17,18,Wind,Winter,5404,40,Tuesday,February
4/25/2021,5,6,Wind,Spring,8275,115,Sunday,April
12/20/2022,1,2,Wind,Winter,13886,354,Tuesday,December
3/15/2023,8,9,Wind,Spring,3420,74,Wednesday,March
1/9/2024,18,19,Wind,Winter,3646,9,Tuesday,January
6/5/2021,15,16,Solar,Summer,5731,156,Saturday,June
11/28/2024,22,23,Wind,Fall,4321,333,Thursday,November
4/28/2020,3,4,Wind,Spring,3006,119,Tuesday,April
10/8/2025,2,3,Wind,Fall,730,281,Wednesday,October
7/24/2025,12,13,Solar,Summer,8701,205,Thursday,July
5/18/2021,20,21,Wind,Spring,3351,138,Tuesday,May
4/7/2023,6,7,Wind,Spring,1998,97,Friday,April
2/28/2022,18,19,Wind,Winter,2179,59,Monday,February
11/3/2023,23,0,Wind,Fall,10599,307,Friday,November
4/28/2021,23,0,Wind,Spring,2245,118,Wednesday,April
10/22/2023,19,20,Wind,Fall,1963,295,Sunday,October
12/4/2023,16,17,Wind,Winter,14332,338,Monday,December
3/12/2023,10,11,Wind,Spring,11363,71,Sunday,March
6/10/2024,16,17,Wind,Summer,9028,162,Monday,June
12/7/2023,7,8,Wind,Winter,7243,341,Thursday,December
1/11/2020,13,14,Wind,Winter,6243,11,Saturday,January
6/20/2022,18,19,Wind,Summer,6057,171,Monday,June
12/9/2021,12,13,Wind,Winter,6822,343,Thursday,December
10/22/2021,4,5,Wind,Fall,2148,295,Friday,October
8/18/2023,12,13,Solar,Summer,7556,230,Friday,August
8/26/2020,15,16,Wind,Summer,10494,239,Wednesday,August
5/17/2023,1,2,Wind,Spring,7393,137,Wednesday,May
12/10/2024,14,15,Wind,Winter,9436,345,Tuesday,December
9/4/2023,16,17,Wind,Fall,10840,247,Monday,September
6/15/2023,21,22,Wind,Summer,2306,166,Thursday,June
1/12/2021,6,7,Wind,Winter,12614,12,Tuesday,January
4/23/2021,7,8,Wind,Spring,5325,113,Friday,April
5/28/2020,21,22,Wind,Spring,4838,149,Thursday,May
4/17/2023,0,1,Wind,Spring,3728,107,Monday,April
1/12/2020,6,7,Wind,Winter,7023,12,Sunday,January
11/29/2024,4,5,Wind,Fall,7114,334,Friday,November
4/28/2025,20,21,Wind,Spring,4319,118,Monday,April
6/10/2020,10,11,Solar,Summer,3435,162,Wednesday,June
2/15/2025,17,18,Wind,Winter,3299,46,Saturday,February
3/25/2023,18,19,Wind,Spring,9938,84,Saturday,March
10/4/2021,19,20,Wind,Fall,4512,277,Monday,October
8/3/2023,6,7,Wind,Summer,11952,215,Thursday,August
8/27/2022,1,2,Wind,Summer,2886,239,Saturday,August
2/8/2021,17,18,Wind,Winter,1809,39,Monday,February
2/5/2023,16,17,Wind,Winter,10704,36,Sunday,February
4/27/2021,21,22,Wind,Spring,1594,117,Tuesday,April
12/8/2021,1,2,Wind,Winter,10646,342,Wednesday,December
9/29/2022,21,22,Wind,Fall,1181,272,Thursday,September
8/14/2025,0,1,Wind,Summer,3432,226,Thursday,August
8/12/2023,8,9,Wind,Summer,2514,224,Saturday,August
4/25/2022,0,1,Wind,Spring,3834,115,Monday,April
3/12/2025,6,7,Wind,Spring,2812,71,Wednesday,March
1/2/2023,23,0,Wind,Winter,4165,2,Monday,January
6/23/2021,23,0,Wind,Summer,2524,174,Wednesday,June
1/27/2024,14,15,Solar,Winter,5047,27,Saturday,January
4/19/2022,12,13,Solar,Spring,5004,109,Tuesday,April
11/2/2020,6,7,Wind,Fall,11975,307,Monday,November
2/25/2025,22,23,Wind,Winter,11904,56,Tuesday,February
9/30/2025,4,5,Wind,Fall,1402,273,Tuesday,September
3/18/2023,22,23,Wind,Spring,3908,77,Saturday,March
11/25/2020,7,8,Wind,Fall,6287,330,Wednesday,November
11/11/2020,15,16,Wind,Fall,3805,316,Wednesday,November
5/26/2022,5,6,Wind,Spring,3427,146,Thursday,May
4/27/2020,20,21,Wind,Spring,2041,118,Monday,April
7/26/2021,6,7,Wind,Summer,1744,207,Monday,July
7/1/2024,7,8,Wind,Summer,2190,183,Monday,July
10/13/2022,12,13,Wind,Fall,6261,286,Thursday,October
4/9/2021,18,19,Wind,Spring,5113,99,Friday,April
10/10/2021,0,1,Wind,Fall,2713,283,Sunday,October
4/22/2023,11,12,Wind,Spring,8274,112,Saturday,April
1/22/2022,23,0,Wind,Winter,1705,22,Saturday,January
10/6/2024,21,22,Wind,Fall,8155,280,Sunday,October
5/4/2020,4,5,Wind,Spring,772,125,Monday,May
11/6/2022,5,6,Wind,Fall,7347,310,Sunday,November
8/16/2024,12,13,Solar,Summer,8933,229,Friday,August
12/15/2020,16,17,Wind,Winter,2633,350,Tuesday,December
1/4/2021,19,20,Wind,Winter,3018,4,Monday,January
2/17/2022,15,16,Wind,Winter,14562,48,Thursday,February
2/22/2020,7,8,Wind,Winter,8585,53,Saturday,February
2/3/2025,12,13,Solar,Winter,6618,34,Monday,February
5/16/2022,12,13,Solar,Spring,7824,136,Monday,May
3/20/2025,15,16,Wind,Spring,8861,79,Thursday,March
10/8/2021,17,18,Wind,Fall,6180,281,Friday,October
1/11/2025,4,5,Wind,Winter,2047,11,Saturday,January
10/29/2024,3,4,Wind,Fall,1443,303,Tuesday,October
5/25/2021,8,9,Wind,Spring,9963,145,Tuesday,May
4/20/2022,18,19,Wind,Spring,4079,110,Wednesday,April
7/28/2023,20,21,Wind,Summer,4401,209,Friday,July
1/25/2022,8,9,Wind,Winter,376,25,Tuesday,January
11/12/2024,0,1,Wind,Fall,8295,317,Tuesday,November
7/2/2021,4,5,Wind,Summer,524,183,Friday,July
4/30/2022,22,23,Wind,Spring,4244,120,Saturday,April
3/18/2024,6,7,Wind,Spring,2178,78,Monday,March
12/28/2023,23,0,Wind,Winter,13532,362,Thursday,December
4/4/2023,22,23,Wind,Spring,4225,94,Tuesday,April
6/19/2022,19,20,Wind,Summer,7351,170,Sunday,June
10/27/2021,12,13,Solar,Fall,5370,300,Wednesday,October
1/24/2025,16,17,Wind,Winter,14158,24,Friday,January
6/22/2021,21,22,Wind,Summer,3591,173,Tuesday,June
7/25/2021,18,19,Wind,Summer,5105,206,Sunday,July
12/1/2021,7,8,Wind,Winter,13835,335,Wednesday,December
3/1/2020,20,21,Wind,Spring,8419,61,Sunday,March
3/28/2024,4,5,Wind,Spring,14967,88,Thursday,March
1/3/2020,22,23,Wind,Winter,4207,3,Friday,January
11/25/2024,23,0,Wind,Fall,6573,330,Monday,November
5/5/2023,15,16,Solar,Spring,8449,125,Friday,May
4/27/2025,5,6,Wind,Spring,4156,117,Sunday,April
5/21/2024,17,18,Solar,Spring,6724,142,Tuesday,May
10/17/2023,18,19,Wind,Fall,7943,290,Tuesday,October
5/15/2023,15,16,Wind,Spring,12236,135,Monday,May
4/20/2024,7,8,Wind,Spring,6623,111,Saturday,April
4/28/2024,21,22,Wind,Spring,3181,119,Sunday,April
6/17/2022,8,9,Wind,Summer,3818,168,Friday,June
3/26/2021,16,17,Wind,Spring,10584,85,Friday,March
10/7/2023,7,8,Wind,Fall,2231,280,Saturday,October
2/2/2025,13,14,Solar,Winter,5898,33,Sunday,February
7/28/2025,6,7,Wind,Summer,3946,209,Monday,July
10/25/2025,8,9,Wind,Fall,12427,298,Saturday,October
12/2/2020,3,4,Wind,Winter,4378,337,Wednesday,December
6/10/2022,10,11,Solar,Summer,6486,161,Friday,June
11/17/2024,19,20,Wind,Fall,5733,322,Sunday,November
11/13/2022,23,0,Wind,Fall,3184,317,Sunday,November
6/17/2024,23,0,Wind,Summer,2344,169,Monday,June
10/27/2020,4,5,Wind,Fall,5881,301,Tuesday,October
5/6/2025,22,23,Wind,Spring,9412,126,Tuesday,May
7/1/2023,6,7,Wind,Summer,7665,182,Saturday,July
11/10/2023,0,1,Wind,Fall,12598,314,Friday,November
7/4/2024,15,16,Wind,Summer,8892,186,Thursday,July
6/15/2021,2,3,Wind,Summer,2314,166,Tuesday,June
8/9/2025,2,3,Wind,Summer,1411,221,Saturday,August
10/18/2023,8,9,Wind,Fall,11434,291,Wednesday,October
5/23/2022,15,16,Wind,Spring,11353,143,Monday,May
9/27/2020,6,7,Wind,Fall,11628,271,Sunday,September
4/15/2021,0,1,Wind,Spring,5536,105,Thursday,April
11/5/2023,18,19,Wind,Fall,13494,309,Sunday,November
11/3/2022,23,0,Wind,Fall,10983,307,Thursday,November
5/2/2021,11,12,Solar,Spring,4597,122,Sunday,May
2/20/2024,1,2,Wind,Winter,3775,51,Tuesday,February
7/11/2024,15,16,Solar,Summer,6569,193,Thursday,July
10/23/2025,2,3,Wind,Fall,18020,296,Thursday,October
6/26/2021,10,11,Solar,Summer,3463,177,Saturday,June
1/26/2023,7,8,Wind,Winter,2785,26,Thursday,January
4/21/2024,5,6,Wind,Spring,5440,112,Sunday,April
2/7/2024,20,21,Wind,Winter,10078,38,Wednesday,February
11/19/2023,19,20,Wind,Fall,12727,323,Sunday,November
1/14/2020,5,6,Wind,Winter,11947,14,Tuesday,January
10/10/2025,10,11,Solar,Fall,6209,283,Friday,October
5/6/2020,12,13,Solar,Spring,5389,127,Wednesday,May
6/11/2023,17,18,Solar,Summer,5511,162,Sunday,June
7/10/2020,11,12,Wind,Summer,5812,192,Friday,July
8/6/2023,18,19,Wind,Summer,12828,218,Sunday,August
9/28/2022,12,13,Solar,Fall,6478,271,Wednesday,September
4/17/2025,21,22,Wind,Spring,2201,107,Thursday,April
2/28/2023,22,23,Wind,Winter,7116,59,Tuesday,February
8/17/2020,16,17,Wind,Summer,6027,230,Monday,August
5/13/2021,16,17,Solar,Spring,4826,133,Thursday,May
8/28/2020,16,17,Wind,Summer,8440,241,Friday,August
2/28/2021,1,2,Wind,Winter,8031,59,Sunday,February
3/22/2024,10,11,Solar,Spring,7476,82,Friday,March
5/4/2022,20,21,Wind,Spring,1854,124,Wednesday,May
9/27/2022,12,13,Wind,Fall,12571,270,Tuesday,September
8/8/2025,2,3,Wind,Summer,1497,220,Friday,August
7/20/2021,20,21,Wind,Summer,2246,201,Tuesday,July
11/6/2023,16,17,Wind,Fall,9657,310,Monday,November
10/9/2022,18,19,Wind,Fall,2019,282,Sunday,October
3/3/2021,17,18,Wind,Spring,1043,62,Wednesday,March
6/27/2021,0,1,Wind,Summer,3833,178,Sunday,June
5/27/2024,12,13,Solar,Spring,6999,148,Monday,May
10/26/2021,18,19,Wind,Fall,2863,299,Tuesday,October
7/31/2020,15,16,Solar,Summer,5827,213,Friday,July
3/27/2023,16,17,Solar,Spring,7513,86,Monday,March
10/8/2023,8,9,Wind,Fall,1493,281,Sunday,October
7/4/2020,14,15,Wind,Summer,12039,186,Saturday,July
1/29/2025,23,0,Wind,Winter,6217,29,Wednesday,January
4/20/2025,23,0,Wind,Spring,4459,110,Sunday,April
9/11/2022,7,8,Wind,Fall,587,254,Sunday,September
2/15/2020,15,16,Wind,Winter,10985,46,Saturday,February
5/14/2025,23,0,Wind,Spring,6132,134,Wednesday,May
3/5/2021,10,11,Wind,Spring,7772,64,Friday,March
10/26/2023,1,2,Wind,Fall,4909,299,Thursday,October
10/24/2025,1,2,Wind,Fall,14684,297,Friday,October
10/27/2023,2,3,Wind,Fall,8268,300,Friday,October
6/16/2025,15,16,Solar,Summer,10527,167,Monday,June
1/7/2020,3,4,Wind,Winter,3967,7,Tuesday,January
7/22/2025,0,1,Wind,Summer,7645,203,Tuesday,July
3/15/2023,9,10,Solar,Spring,4554,74,Wednesday,March
10/6/2020,11,12,Wind,Fall,11671,280,Tuesday,October
10/15/2024,7,8,Wind,Fall,3772,289,Tuesday,October
2/18/2025,19,20,Wind,Winter,11327,49,Tuesday,February
11/25/2020,14,15,Wind,Fall,4090,330,Wednesday,November
5/22/2024,23,0,Wind,Spring,3024,143,Wednesday,May
1/22/2021,10,11,Wind,Winter,3354,22,Friday,January
9/10/2023,16,17,Solar,Fall,6517,253,Sunday,September
2/14/2020,19,20,Wind,Winter,4429,45,Friday,February
1/11/2022,12,13,Solar,Winter,5018,11,Tuesday,January
4/6/2022,10,11,Wind,Spring,7764,96,Wednesday,April
12/19/2020,10,11,Wind,Winter,10892,354,Saturday,December
1/24/2023,12,13,Wind,Winter,6696,24,Tuesday,January
7/1/2021,18,19,Solar,Summer,3022,182,Thursday,July
10/25/2024,12,13,Wind,Fall,6893,299,Friday,October
11/14/2021,12,13,Wind,Fall,4665,318,Sunday,November
4/17/2021,4,5,Wind,Spring,4834,107,Saturday,April
8/6/2024,22,23,Wind,Summer,2097,219,Tuesday,August
8/23/2024,2,3,Wind,Summer,9509,236,Friday,August
2/26/2023,17,18,Wind,Winter,18051,57,Sunday,February
1/7/2023,5,6,Wind,Winter,10262,7,Saturday,January
6/3/2020,23,0,Wind,Summer,3683,155,Wednesday,June
10/11/2024,17,18,Solar,Fall,3556,285,Friday,October
9/26/2020,9,10,Wind,Fall,11246,270,Saturday,September
6/11/2020,22,23,Wind,Summer,3909,163,Thursday,June
1/28/2020,10,11,Wind,Winter,12987,28,Tuesday,January
1/21/2025,0,1,Wind,Winter,1210,21,Tuesday,January
2/7/2023,11,12,Wind,Winter,9517,38,Tuesday,February
8/17/2024,22,23,Wind,Summer,2408,230,Saturday,August
4/7/2020,19,20,Wind,Spring,1971,98,Tuesday,April
11/18/2021,8,9,Wind,Fall,1817,322,Thursday,November
10/19/2020,18,19,Wind,Fall,6659,293,Monday,October
10/13/2025,17,18,Wind,Fall,9362,286,Monday,October
1/18/2024,8,9,Wind,Winter,7755,18,Thursday,January
12/9/2020,3,4,Wind,Winter,2518,344,Wednesday,December
5/18/2022,11,12,Solar,Spring,5814,138,Wednesday,May
11/26/2021,14,15,Wind,Fall,12653,330,Friday,November
4/21/2022,4,5,Wind,Spring,3354,111,Thursday,April
11/16/2021,17,18,Wind,Fall,997,320,Tuesday,November
3/3/2025,2,3,Wind,Spring,3177,62,Monday,March
11/15/2021,22,23,Wind,Fall,1190,319,Monday,November
1/28/2024,22,23,Wind,Winter,9203,28,Sunday,January
11/24/2020,15,16,Wind,Fall,3478,329,Tuesday,November
12/28/2020,10,11,Wind,Winter,8666,363,Monday,December
5/26/2021,17,18,Wind,Spring,8501,146,Wednesday,May
3/20/2023,12,13,Solar,Spring,8613,79,Monday,March
9/29/2023,0,1,Wind,Fall,6503,272,Friday,September
5/28/2024,12,13,Wind,Spring,12992,149,Tuesday,May
5/7/2023,4,5,Wind,Spring,1644,127,Sunday,May
3/7/2020,13,14,Wind,Spring,5851,67,Saturday,March
8/21/2025,18,19,Wind,Summer,9974,233,Thursday,August
8/16/2023,7,8,Wind,Summer,2047,228,Wednesday,August
11/14/2020,17,18,Wind,Fall,9187,319,Saturday,November
6/9/2024,9,10,Solar,Summer,2265,161,Sunday,June
4/28/2024,14,15,Wind,Spring,7361,119,Sunday,April
10/20/2025,1,2,Wind,Fall,13116,293,Monday,October
6/10/2025,22,23,Wind,Summer,1822,161,Tuesday,June
8/25/2022,10,11,Solar,Summer,4870,237,Thursday,August
7/11/2025,13,14,Solar,Summer,13057,192,Friday,July
6/19/2020,8,9,Solar,Summer,2120,171,Friday,June
10/2/2023,1,2,Wind,Fall,2511,275,Monday,October
12/24/2024,6,7,Wind,Winter,3087,359,Tuesday,December
6/21/2024,18,19,Wind,Summer,8537,173,Friday,June
11/10/2024,3,4,Wind,Fall,699,315,Sunday,November
6/9/2024,16,17,Solar,Summer,4699,161,Sunday,June
9/16/2020,10,11,Solar,Fall,2486,260,Wednesday,September
4/19/2020,0,1,Wind,Spring,1476,110,Sunday,April
5/22/2020,4,5,Wind,Spring,3981,143,Friday,May
1/13/2021,14,15,Wind,Winter,8363,13,Wednesday,January
8/26/2020,22,23,Wind,Summer,2102,239,Wednesday,August
1/3/2023,15,16,Wind,Winter,9035,3,Tuesday,January
6/1/2024,0,1,Wind,Summer,6325,153,Saturday,June
12/27/2021,4,5,Wind,Winter,4859,361,Monday,December
3/10/2020,19,20,Wind,Spring,11560,70,Tuesday,March
1/12/2024,10,11,Wind,Winter,7101,12,Friday,January
5/13/2025,3,4,Wind,Spring,778,133,Tuesday,May
7/11/2023,12,13,Solar,Summer,9090,192,Tuesday,July
5/2/2024,22,23,Wind,Spring,10099,123,Thursday,May
4/11/2024,15,16,Solar,Spring,7830,102,Thursday,April
4/2/2024,3,4,Wind,Spring,12881,93,Tuesday,April
1/5/2020,20,21,Wind,Winter,1866,5,Sunday,January
5/6/2025,2,3,Wind,Spring,10973,126,Tuesday,May
11/1/2024,11,12,Solar,Fall,5193,306,Friday,November
11/5/2021,11,12,Solar,Fall,4471,309,Friday,November
1/23/2022,14,15,Solar,Winter,5443,23,Sunday,January
7/12/2021,6,7,Wind,Summer,2449,193,Monday,July
12/17/2021,9,10,Wind,Winter,7522,351,Friday,December
4/12/2025,10,11,Wind,Spring,9316,102,Saturday,April
12/2/2022,22,23,Wind,Winter,6777,336,Friday,December
12/26/2023,15,16,Wind,Winter,4387,360,Tuesday,December
1/11/2024,22,23,Wind,Winter,7264,11,Thursday,January
1/30/2022,8,9,Wind,Winter,1935,30,Sunday,January
5/9/2021,0,1,Wind,Spring,6909,129,Sunday,May
6/8/2024,8,9,Solar,Summer,3057,160,Saturday,June
1/3/2022,3,4,Wind,Winter,9945,3,Monday,January
3/23/2021,2,3,Wind,Spring,2209,82,Tuesday,March
12/24/2020,6,7,Wind,Winter,10656,359,Thursday,December
10/10/2024,19,20,Wind,Fall,3695,284,Thursday,October
5/6/2023,12,13,Solar,Spring,6882,126,Saturday,May
6/26/2021,4,5,Wind,Summer,185,177,Saturday,June
9/17/2025,21,22,Wind,Fall,2855,260,Wednesday,September
4/24/2023,16,17,Wind,Spring,9691,114,Monday,April
9/6/2020,10,11,Solar,Fall,3044,250,Sunday,September
9/6/2023,5,6,Wind,Fall,2295,249,Wednesday,September
4/17/2020,2,3,Wind,Spring,2140,108,Friday,April
3/20/2025,16,17,Wind,Spring,7679,79,Thursday,March
7/16/2021,11,12,Wind,Summer,6977,197,Friday,July
3/18/2025,10,11,Wind,Spring,15177,77,Tuesday,March
9/25/2025,17,18,Wind,Fall,4486,268,Thursday,September
2/22/2024,23,0,Wind,Winter,15643,53,Thursday,February
6/20/2022,13,14,Solar,Summer,7456,171,Monday,June
6/12/2022,8,9,Solar,Summer,3007,163,Sunday,June
3/9/2023,18,19,Wind,Spring,13804,68,Thursday,March
5/9/2022,6,7,Wind,Spring,2226,129,Monday,May
5/5/2024,7,8,Wind,Spring,2579,126,Sunday,May
12/4/2023,7,8,Wind,Winter,13712,338,Monday,December
8/4/2023,14,15,Solar,Summer,9711,216,Friday,August
4/6/2020,3,4,Wind,Spring,8031,97,Monday,April
9/15/2024,5,6,Wind,Fall,3382,259,Sunday,September
4/5/2021,3,4,Wind,Spring,3346,95,Monday,April
1/27/2024,3,4,Wind,Winter,2096,27,Saturday,January
3/12/2023,4,5,Wind,Spring,6830,71,Sunday,March
6/8/2022,21,22,Wind,Summer,6976,159,Wednesday,June
2/17/2021,13,14,Wind,Winter,11476,48,Wednesday,February
8/16/2020,1,2,Wind,Summer,2149,229,Sunday,August
7/7/2020,12,13,Solar,Summer,5078,189,Tuesday,July
10/31/2023,13,14,Wind,Fall,12274,304,Tuesday,October
2/11/2024,20,21,Wind,Winter,8630,42,Sunday,February
6/12/2025,10,11,Solar,Summer,9373,163,Thursday,June
10/28/2024,4,5,Wind,Fall,1027,302,Monday,October
7/11/2022,23,0,Wind,Summer,4311,192,Monday,July
12/25/2023,19,20,Wind,Winter,12990,359,Monday,December
3/27/2022,12,13,Solar,Spring,6255,86,Sunday,March
2/14/2022,23,0,Wind,Winter,6512,45,Monday,February
1/29/2025,6,7,Wind,Winter,12896,29,Wednesday,January
3/12/2021,0,1,Wind,Spring,12379,71,Friday,March
7/5/2022,2,3,Wind,Summer,3640,186,Tuesday,July
8/19/2021,13,14,Solar,Summer,4835,231,Thursday,August
8/5/2025,12,13,Solar,Summer,7071,217,Tuesday,August
8/28/2024,22,23,Wind,Summer,2348,241,Wednesday,August
12/27/2021,16,17,Wind,Winter,9445,361,Monday,December
9/18/2021,2,3,Wind,Fall,1168,261,Saturday,September
9/23/2025,14,15,Wind,Fall,13351,266,Tuesday,September
3/20/2020,6,7,Wind,Spring,3577,80,Friday,March
4/27/2020,17,18,Wind,Spring,2626,118,Monday,April
3/22/2025,16,17,Wind,Spring,7212,81,Saturday,March
6/12/2020,4,5,Wind,Summer,4286,164,Friday,June
9/12/2020,1,2,Wind,Fall,1147,256,Saturday,September
4/18/2021,11,12,Solar,Spring,5661,108,Sunday,April
7/10/2024,13,14,Solar,Summer,10399,192,Wednesday,July
10/7/2023,6,7,Wind,Fall,1898,280,Saturday,October
12/8/2024,8,9,Wind,Winter,17304,343,Sunday,December
3/17/2024,4,5,Wind,Spring,3960,77,Sunday,March
9/19/2023,3,4,Wind,Fall,3900,262,Tuesday,September
10/21/2020,9,10,Wind,Fall,13322,295,Wednesday,October
9/16/2025,16,17,Wind,Fall,13968,259,Tuesday,September
7/8/2022,18,19,Wind,Summer,6914,189,Friday,July
8/29/2022,20,21,Wind,Summer,3839,241,Monday,August
3/7/2024,9,10,Wind,Spring,9031,67,Thursday,March
6/16/2021,19,20,Wind,Summer,1787,167,Wednesday,June
10/21/2020,10,11,Wind,Fall,14414,295,Wednesday,October
1/10/2025,6,7,Wind,Winter,3643,10,Friday,January
3/27/2024,23,0,Wind,Spring,13594,87,Wednesday,March
1/20/2022,19,20,Wind,Winter,5272,20,Thursday,January
10/23/2023,20,21,Wind,Fall,4431,296,Monday,October
11/13/2023,2,3,Wind,Fall,10550,317,Monday,November
10/24/2023,13,14,Wind,Fall,9197,297,Tuesday,October
9/13/2024,15,16,Solar,Fall,11435,257,Friday,September
5/8/2025,3,4,Wind,Spring,5647,128,Thursday,May
6/26/2023,12,13,Solar,Summer,9710,177,Monday,June
8/17/2024,16,17,Solar,Summer,5446,230,Saturday,August
3/9/2022,15,16,Wind,Spring,7922,68,Wednesday,March
11/29/2020,4,5,Wind,Fall,4505,334,Sunday,November
5/23/2020,19,20,Wind,Spring,7295,144,Saturday,May
11/4/2022,23,0,Wind,Fall,4294,308,Friday,November
6/2/2024,23,0,Wind,Summer,3481,154,Sunday,June
12/16/2024,10,11,Wind,Winter,7735,351,Monday,December
2/6/2021,20,21,Wind,Winter,5019,37,Saturday,February
11/9/2021,23,0,Wind,Fall,871,313,Tuesday,November
5/12/2022,0,1,Wind,Spring,5274,132,Thursday,May
5/11/2020,18,19,Wind,Spring,11450,132,Monday,May
3/11/2021,10,11,Wind,Spring,15343,70,Thursday,March
7/19/2021,17,18,Wind,Summer,7420,200,Monday,July
7/11/2020,18,19,Wind,Summer,4848,193,Saturday,July
3/20/2024,20,21,Wind,Spring,1807,80,Wednesday,March
1/29/2025,5,6,Wind,Winter,13127,29,Wednesday,January
2/4/2024,3,4,Wind,Winter,6061,35,Sunday,February
3/2/2025,12,13,Solar,Spring,12731,61,Sunday,March
2/6/2025,2,3,Wind,Winter,3446,37,Thursday,February
9/12/2024,22,23,Wind,Fall,3733,256,Thursday,September
4/22/2020,0,1,Wind,Spring,4913,113,Wednesday,April
11/2/2020,10,11,Wind,Fall,12708,307,Monday,November
9/17/2022,17,18,Wind,Fall,8890,260,Saturday,September
4/20/2025,8,9,Wind,Spring,8177,110,Sunday,April
1/25/2021,16,17,Wind,Winter,4070,25,Monday,January
12/4/2020,8,9,Wind,Winter,9046,339,Friday,December
8/1/2023,15,16,Wind,Summer,16234,213,Tuesday,August
10/31/2022,23,0,Wind,Fall,12858,304,Monday,October
11/12/2022,12,13,Solar,Fall,5376,316,Saturday,November
8/20/2023,16,17,Solar,Summer,6206,232,Sunday,August
6/14/2023,21,22,Wind,Summer,3516,165,Wednesday,June
4/23/2022,11,12,Wind,Spring,7331,113,Saturday,April
10/2/2023,18,19,Wind,Fall,4842,275,Monday,October
1/3/2024,18,19,Wind,Winter,18044,3,Wednesday,January
10/14/2021,8,9,Wind,Fall,2391,287,Thursday,October
1/12/2020,7,8,Wind,Winter,7395,12,Sunday,January
7/8/2023,18,19,Solar,Summer,4324,189,Saturday,July
4/6/2025,18,19,Wind,Spring,10223,96,Sunday,April
11/1/2021,4,5,Wind,Fall,8718,305,Monday,November
4/20/2023,13,14,Wind,Spring,12448,110,Thursday,April
6/29/2024,23,0,Wind,Summer,3681,181,Saturday,June
11/28/2022,19,20,Wind,Fall,3265,332,Monday,November
3/10/2024,4,5,Wind,Spring,2756,70,Sunday,March
3/28/2021,3,4,Wind,Spring,3508,87,Sunday,March
8/25/2023,1,2,Wind,Summer,2215,237,Friday,August
10/19/2021,22,23,Wind,Fall,10753,292,Tuesday,October
9/2/2024,9,10,Solar,Fall,4316,246,Monday,September
5/23/2023,7,8,Wind,Spring,6042,143,Tuesday,May
5/3/2020,4,5,Wind,Spring,1977,124,Sunday,May
5/9/2024,4,5,Wind,Spring,3813,130,Thursday,May
5/17/2024,8,9,Solar,Spring,3361,138,Friday,May
2/12/2023,6,7,Wind,Winter,2940,43,Sunday,February
7/29/2025,16,17,Solar,Summer,10808,210,Tuesday,July
9/29/2021,23,0,Wind,Fall,2764,272,Wednesday,September
7/4/2020,20,21,Wind,Summer,7973,186,Saturday,July
12/27/2022,20,21,Wind,Winter,9837,361,Tuesday,December
11/12/2024,5,6,Wind,Fall,9736,317,Tuesday,November
9/6/2022,22,23,Wind,Fall,2980,249,Tuesday,September
11/26/2025,11,12,Solar,Fall,6772,330,Wednesday,November
5/20/2020,13,14,Solar,Spring,5433,141,Wednesday,May
8/30/2025,5,6,Wind,Summer,4447,242,Saturday,August
4/14/2024,17,18,Solar,Spring,5047,105,Sunday,April
9/30/2021,16,17,Wind,Fall,6986,273,Thursday,September
8/25/2024,2,3,Wind,Summer,6839,238,Sunday,August
3/23/2024,17,18,Wind,Spring,15588,83,Saturday,March
3/7/2022,14,15,Wind,Spring,10522,66,Monday,March
8/29/2021,13,14,Solar,Summer,7380,241,Sunday,August
5/3/2020,16,17,Solar,Spring,4316,124,Sunday,May
3/4/2025,6,7,Wind,Spring,2904,63,Tuesday,March
8/19/2022,19,20,Wind,Summer,4511,231,Friday,August
11/5/2024,21,22,Wind,Fall,91,310,Tuesday,November
11/26/2020,13,14,Solar,Fall,3501,331,Thursday,November
11/22/2023,20,21,Wind,Fall,4282,326,Wednesday,November
3/30/2021,6,7,Wind,Spring,2984,89,Tuesday,March
9/25/2025,7,8,Wind,Fall,3047,268,Thursday,September
8/31/2022,10,11,Solar,Summer,4337,243,Wednesday,August
1/15/2024,8,9,Wind,Winter,3779,15,Monday,January
8/19/2022,6,7,Wind,Summer,2570,231,Friday,August
7/17/2022,11,12,Solar,Summer,8145,198,Sunday,July
2/14/2022,8,9,Wind,Winter,11199,45,Monday,February
12/7/2020,0,1,Wind,Winter,1051,342,Monday,December
1/3/2025,20,21,Wind,Winter,3705,3,Friday,January
10/10/2024,6,7,Wind,Fall,8274,284,Thursday,October
7/13/2024,19,20,Solar,Summer,2289,195,Saturday,July
10/13/2021,10,11,Solar,Fall,4051,286,Wednesday,October
2/19/2021,7,8,Wind,Winter,5554,50,Friday,February
3/8/2025,20,21,Wind,Spring,12639,67,Saturday,March
11/3/2020,22,23,Wind,Fall,3571,308,Tuesday,November
6/6/2024,22,23,Wind,Summer,2561,158,Thursday,June
9/30/2024,16,17,Wind,Fall,11102,274,Monday,September
4/11/2020,2,3,Wind,Spring,3011,102,Saturday,April
6/29/2022,8,9,Solar,Summer,2385,180,Wednesday,June
6/15/2021,8,9,Solar,Summer,2124,166,Tuesday,June
8/14/2022,2,3,Wind,Summer,4666,226,Sunday,August
5/5/2022,3,4,Wind,Spring,2050,125,Thursday,May
8/7/2022,20,21,Wind,Summer,6195,219,Sunday,August
8/31/2024,16,17,Solar,Summer,7347,244,Saturday,August
6/23/2022,18,19,Wind,Summer,3896,174,Thursday,June
8/10/2025,7,8,Wind,Summer,3182,222,Sunday,August
6/7/2020,6,7,Wind,Summer,2147,159,Sunday,June
1/1/2021,4,5,Wind,Winter,998,1,Friday,January
1/25/2021,2,3,Wind,Winter,6191,25,Monday,January
8/20/2022,23,0,Wind,Summer,981,232,Saturday,August
3/8/2021,22,23,Wind,Spring,2943,67,Monday,March
10/11/2023,23,0,Wind,Fall,7262,284,Wednesday,October
12/31/2020,1,2,Wind,Winter,5746,366,Thursday,December
3/31/2021,9,10,Wind,Spring,3600,90,Wednesday,March
8/23/2020,13,14,Wind,Summer,8729,236,Sunday,August
12/1/2021,21,22,Wind,Winter,5719,335,Wednesday,December
1/11/2024,14,15,Wind,Winter,8407,11,Thursday,January
4/19/2022,21,22,Wind,Spring,4160,109,Tuesday,April
7/30/2023,22,23,Wind,Summer,5928,211,Sunday,July
5/20/2025,18,19,Wind,Spring,8914,140,Tuesday,May
6/13/2025,17,18,Solar,Summer,8341,164,Friday,June
4/30/2025,12,13,Solar,Spring,5410,120,Wednesday,April
7/6/2022,14,15,Solar,Summer,7868,187,Wednesday,July
6/7/2020,10,11,Solar,Summer,3437,159,Sunday,June
2/19/2021,16,17,Wind,Winter,6776,50,Friday,February
5/11/2024,0,1,Wind,Spring,6497,132,Saturday,May
7/7/2021,12,13,Solar,Summer,5172,188,Wednesday,July
7/20/2020,14,15,Solar,Summer,5919,202,Monday,July
2/24/2025,16,17,Wind,Winter,9544,55,Monday,February
4/15/2020,20,21,Wind,Spring,3450,106,Wednesday,April
6/2/2023,6,7,Wind,Summer,7517,153,Friday,June
1/19/2023,2,3,Wind,Winter,3478,19,Thursday,January
11/16/2021,19,20,Wind,Fall,1157,320,Tuesday,November
7/1/2025,4,5,Wind,Summer,1055,182,Tuesday,July
2/21/2023,9,10,Wind,Winter,3045,52,Tuesday,February
8/9/2024,7,8,Wind,Summer,5677,222,Friday,August
3/25/2020,9,10,Wind,Spring,4738,85,Wednesday,March
9/19/2024,15,16,Wind,Fall,15959,263,Thursday,September
8/24/2025,21,22,Wind,Summer,3236,236,Sunday,August
3/4/2022,18,19,Wind,Spring,3151,63,Friday,March
7/21/2023,21,22,Wind,Summer,3094,202,Friday,July
7/4/2025,18,19,Solar,Summer,5949,185,Friday,July
1/3/2024,7,8,Wind,Winter,17121,3,Wednesday,January
9/14/2025,18,19,Wind,Fall,13786,257,Sunday,September
6/30/2024,2,3,Wind,Summer,3727,182,Sunday,June
12/19/2023,16,17,Wind,Winter,12111,353,Tuesday,December
3/26/2022,13,14,Wind,Spring,13203,85,Saturday,March
2/9/2021,5,6,Wind,Winter,1784,40,Tuesday,February
2/5/2025,3,4,Wind,Winter,2214,36,Wednesday,February
5/31/2025,5,6,Wind,Spring,1059,151,Saturday,May
10/31/2021,7,8,Wind,Fall,10139,304,Sunday,October
4/27/2025,14,15,Solar,Spring,4067,117,Sunday,April
2/13/2022,21,22,Wind,Winter,15035,44,Sunday,February
6/23/2024,5,6,Wind,Summer,2326,175,Sunday,June
4/21/2025,11,12,Solar,Spring,8025,111,Monday,April
3/16/2021,5,6,Wind,Spring,3210,75,Tuesday,March
4/29/2023,2,3,Wind,Spring,1638,119,Saturday,April
12/23/2022,20,21,Wind,Winter,12401,357,Friday,December
1/30/2021,16,17,Wind,Winter,6987,30,Saturday,January
7/30/2020,1,2,Wind,Summer,2163,212,Thursday,July
5/5/2021,18,19,Wind,Spring,8828,125,Wednesday,May
2/4/2021,23,0,Wind,Winter,3467,35,Thursday,February
1/19/2021,9,10,Wind,Winter,11722,19,Tuesday,January
7/21/2023,23,0,Wind,Summer,3035,202,Friday,July
6/8/2023,4,5,Wind,Summer,4806,159,Thursday,June
5/14/2023,21,22,Wind,Spring,3817,134,Sunday,May
6/19/2025,6,7,Wind,Summer,4893,170,Thursday,June
5/18/2023,10,11,Solar,Spring,7144,138,Thursday,May
2/15/2025,7,8,Wind,Winter,5705,46,Saturday,February
11/20/2024,12,13,Wind,Fall,9330,325,Wednesday,November
9/22/2020,15,16,Solar,Fall,2638,266,Tuesday,September
12/15/2024,17,18,Wind,Winter,8504,350,Sunday,December
11/20/2024,8,9,Wind,Fall,5746,325,Wednesday,November
6/14/2023,0,1,Wind,Summer,4779,165,Wednesday,June
3/11/2022,17,18,Wind,Spring,11304,70,Friday,March
4/28/2023,18,19,Wind,Spring,6113,118,Friday,April
4/1/2024,14,15,Wind,Spring,9631,92,Monday,April
9/13/2023,14,15,Solar,Fall,5717,256,Wednesday,September
5/29/2021,10,11,Solar,Spring,4347,149,Saturday,May
4/1/2024,19,20,Wind,Spring,9379,92,Monday,April
12/3/2021,2,3,Wind,Winter,2724,337,Friday,December
11/9/2023,18,19,Wind,Fall,13237,313,Thursday,November
1/13/2023,7,8,Wind,Winter,14510,13,Friday,January
1/22/2023,8,9,Wind,Winter,5974,22,Sunday,January
4/13/2020,7,8,Wind,Spring,5354,104,Monday,April
6/29/2022,3,4,Wind,Summer,1211,180,Wednesday,June
4/29/2020,20,21,Wind,Spring,6006,120,Wednesday,April
10/5/2021,14,15,Wind,Fall,12713,278,Tuesday,October
8/27/2025,8,9,Wind,Summer,3210,239,Wednesday,August
6/23/2023,4,5,Wind,Summer,1872,174,Friday,June
5/4/2021,4,5,Wind,Spring,13020,124,Tuesday,May
5/3/2021,3,4,Wind,Spring,632,123,Monday,May
9/10/2023,2,3,Wind,Fall,3759,253,Sunday,September
7/22/2024,10,11,Solar,Summer,7974,204,Monday,July
6/20/2020,20,21,Wind,Summer,1472,172,Saturday,June
9/1/2024,1,2,Wind,Fall,4179,245,Sunday,September
8/7/2023,15,16,Solar,Summer,9917,219,Monday,August
8/9/2022,19,20,Wind,Summer,7289,221,Tuesday,August
5/11/2021,0,1,Wind,Spring,2157,131,Tuesday,May
2/5/2021,23,0,Wind,Winter,2434,36,Friday,February
11/23/2024,14,15,Wind,Fall,19392,328,Saturday,November
2/4/2025,18,19,Wind,Winter,3899,35,Tuesday,February
12/24/2020,0,1,Wind,Winter,11579,359,Thursday,December
6/19/2023,11,12,Solar,Summer,5286,170,Monday,June
2/24/2024,6,7,Wind,Winter,7785,55,Saturday,February
11/20/2023,20,21,Wind,Fall,8192,324,Monday,November
10/26/2021,10,11,Wind,Fall,3866,299,Tuesday,October
9/3/2021,18,19,Solar,Fall,1713,246,Friday,September
8/21/2022,2,3,Wind,Summer,603,233,Sunday,August
5/17/2024,22,23,Wind,Spring,897,138,Friday,May
3/5/2024,20,21,Wind,Spring,3263,65,Tuesday,March
5/24/2023,7,8,Wind,Spring,5947,144,Wednesday,May
9/13/2020,12,13,Solar,Fall,3974,257,Sunday,September
10/7/2021,2,3,Wind,Fall,1888,280,Thursday,October
10/26/2025,3,4,Wind,Fall,9730,299,Sunday,October
11/13/2024,19,20,Wind,Fall,5232,318,Wednesday,November
3/5/2025,0,1,Wind,Spring,2433,64,Wednesday,March
3/17/2022,0,1,Wind,Spring,5222,76,Thursday,March
11/3/2022,8,9,Wind,Fall,10595,307,Thursday,November
4/22/2023,18,19,Wind,Spring,6589,112,Saturday,April
9/6/2024,15,16,Solar,Fall,6409,250,Friday,September
8/23/2021,17,18,Wind,Summer,7555,235,Monday,August
2/6/2020,14,15,Solar,Winter,4784,37,Thursday,February
10/24/2020,21,22,Wind,Fall,11731,298,Saturday,October
4/6/2021,9,10,Wind,Spring,4798,96,Tuesday,April
11/12/2020,3,4,Wind,Fall,7385,317,Thursday,November
4/22/2021,5,6,Wind,Spring,5855,112,Thursday,April
6/18/2021,22,23,Wind,Summer,3480,169,Friday,June
12/6/2022,21,22,Wind,Winter,2155,340,Tuesday,December
11/17/2021,4,5,Wind,Fall,1951,321,Wednesday,November
10/18/2025,10,11,Solar,Fall,8416,291,Saturday,October
4/15/2020,2,3,Wind,Spring,6207,106,Wednesday,April
2/17/2020,22,23,Wind,Winter,10239,48,Monday,February
3/16/2025,4,5,Wind,Spring,8436,75,Sunday,March
5/9/2021,3,4,Wind,Spring,7771,129,Sunday,May
8/12/2020,8,9,Wind,Summer,2236,225,Wednesday,August
10/13/2021,22,23,Wind,Fall,2205,286,Wednesday,October
9/11/2024,21,22,Wind,Fall,5700,255,Wednesday,September
11/7/2024,8,9,Wind,Fall,2657,312,Thursday,November
3/31/2020,23,0,Wind,Spring,7111,91,Tuesday,March
10/18/2023,9,10,Wind,Fall,11888,291,Wednesday,October
12/30/2021,5,6,Wind,Winter,8676,364,Thursday,December
6/5/2021,9,10,Solar,Summer,4441,156,Saturday,June
2/18/2024,14,15,Wind,Winter,13623,49,Sunday,February
8/7/2020,11,12,Solar,Summer,3922,220,Friday,August
2/12/2024,22,23,Wind,Winter,3745,43,Monday,February
3/9/2024,4,5,Wind,Spring,11240,69,Saturday,March
9/5/2022,8,9,Wind,Fall,3208,248,Monday,September
10/14/2020,3,4,Wind,Fall,1902,288,Wednesday,October
10/12/2023,13,14,Solar,Fall,9093,285,Thursday,October
12/20/2023,0,1,Wind,Winter,9136,354,Wednesday,December
11/28/2021,22,23,Wind,Fall,5114,332,Sunday,November
8/29/2024,3,4,Wind,Summer,2495,242,Thursday,August
4/22/2023,9,10,Wind,Spring,6597,112,Saturday,April
10/2/2024,14,15,Solar,Fall,5400,276,Wednesday,October
5/25/2023,11,12,Wind,Spring,14511,145,Thursday,May
1/21/2024,17,18,Wind,Winter,14481,21,Sunday,January
5/21/2020,0,1,Wind,Spring,2748,142,Thursday,May
3/4/2023,18,19,Wind,Spring,3131,63,Saturday,March
3/21/2022,9,10,Wind,Spring,5460,80,Monday,March
1/2/2023,10,11,Wind,Winter,5987,2,Monday,January
1/20/2023,20,21,Wind,Winter,5467,20,Friday,January
7/22/2023,7,8,Wind,Summer,2381,203,Saturday,July
11/17/2025,9,10,Wind,Fall,8893,321,Monday,November
1/15/2025,22,23,Wind,Winter,3441,15,Wednesday,January
10/15/2023,18,19,Wind,Fall,3213,288,Sunday,October
7/5/2024,15,16,Solar,Summer,11741,187,Friday,July
8/15/2024,17,18,Solar,Summer,8514,228,Thursday,August
10/1/2021,13,14,Wind,Fall,9911,274,Friday,October
1/21/2022,4,5,Wind,Winter,4963,21,Friday,January
12/19/2022,7,8,Wind,Winter,13202,353,Monday,December
8/13/2025,5,6,Wind,Summer,1029,225,Wednesday,August
12/22/2021,9,10,Wind,Winter,3623,356,Wednesday,December
5/26/2025,17,18,Wind,Spring,10107,146,Monday,May
3/19/2024,21,22,Wind,Spring,1227,79,Tuesday,March
1/17/2022,1,2,Wind,Winter,1358,17,Monday,January
10/15/2023,19,20,Wind,Fall,3573,288,Sunday,October
2/16/2025,12,13,Solar,Winter,8762,47,Sunday,February
10/7/2022,2,3,Wind,Fall,1154,280,Friday,October
9/15/2021,4,5,Wind,Fall,1977,258,Wednesday,September
3/6/2025,22,23,Wind,Spring,10880,65,Thursday,March
12/9/2021,15,16,Wind,Winter,5400,343,Thursday,December
1/2/2023,0,1,Wind,Winter,11969,2,Monday,January
4/17/2021,23,0,Wind,Spring,5520,107,Saturday,April
7/30/2021,2,3,Wind,Summer,1817,211,Friday,July
8/24/2020,19,20,Wind,Summer,1914,237,Monday,August
5/15/2020,3,4,Wind,Spring,7329,136,Friday,May
11/24/2023,16,17,Wind,Fall,11600,328,Friday,November
9/6/2023,22,23,Wind,Fall,3137,249,Wednesday,September
11/3/2025,16,17,Wind,Fall,8685,307,Monday,November
10/27/2025,16,17,Wind,Fall,15610,300,Monday,October
6/28/2025,0,1,Wind,Summer,1627,179,Saturday,June
6/10/2025,3,4,Wind,Summer,1674,161,Tuesday,June
5/31/2022,2,3,Wind,Spring,1818,151,Tuesday,May
10/14/2020,14,15,Wind,Fall,7046,288,Wednesday,October
8/14/2023,7,8,Wind,Summer,2587,226,Monday,August
7/23/2020,4,5,Wind,Summer,1527,205,Thursday,July
4/16/2022,12,13,Solar,Spring,10869,106,Saturday,April
4/16/2025,18,19,Wind,Spring,4853,106,Wednesday,April
6/5/2021,0,1,Wind,Summer,2191,156,Saturday,June
4/24/2020,22,23,Wind,Spring,2176,115,Friday,April
11/23/2023,12,13,Wind,Fall,7931,327,Thursday,November
11/10/2023,4,5,Wind,Fall,12591,314,Friday,November
9/24/2024,9,10,Wind,Fall,8855,268,Tuesday,September
2/22/2025,15,16,Wind,Winter,10495,53,Saturday,February
5/5/2025,5,6,Wind,Spring,9828,125,Monday,May
3/5/2025,10,11,Solar,Spring,8585,64,Wednesday,March
6/28/2024,4,5,Wind,Summer,3214,180,Friday,June
10/16/2020,11,12,Wind,Fall,4358,290,Friday,October
1/6/2023,5,6,Wind,Winter,7744,6,Friday,January
9/5/2022,5,6,Wind,Fall,2599,248,Monday,September
11/25/2022,12,13,Wind,Fall,6116,329,Friday,November
12/14/2020,0,1,Wind,Winter,9700,349,Monday,December
12/23/2023,9,10,Wind,Winter,14222,357,Saturday,December
10/4/2022,19,20,Wind,Fall,937,277,Tuesday,October
8/26/2020,7,8,Wind,Summer,8615,239,Wednesday,August
10/7/2023,2,3,Wind,Fall,1790,280,Saturday,October
1/26/2020,9,10,Wind,Winter,3118,26,Sunday,January
1/5/2022,20,21,Wind,Winter,4018,5,Wednesday,January
11/26/2025,20,21,Wind,Fall,2920,330,Wednesday,November
6/15/2022,22,23,Wind,Summer,2879,166,Wednesday,June
9/26/2021,1,2,Wind,Fall,2233,269,Sunday,September
7/28/2023,21,22,Wind,Summer,3768,209,Friday,July
6/4/2022,8,9,Wind,Summer,3189,155,Saturday,June
1/10/2020,10,11,Wind,Winter,6407,10,Friday,January
9/30/2024,4,5,Wind,Fall,12240,274,Monday,September
10/1/2024,5,6,Wind,Fall,7834,275,Tuesday,October
11/18/2025,21,22,Wind,Fall,8784,322,Tuesday,November
4/3/2024,23,0,Wind,Spring,11683,94,Wednesday,April
10/31/2025,2,3,Wind,Fall,10049,304,Friday,October
2/22/2025,2,3,Wind,Winter,10894,53,Saturday,February
7/27/2023,14,15,Wind,Summer,16122,208,Thursday,July
9/17/2024,18,19,Wind,Fall,13680,261,Tuesday,September
12/6/2021,10,11,Wind,Winter,3931,340,Monday,December
11/25/2023,2,3,Wind,Fall,8586,329,Saturday,November
2/26/2021,10,11,Wind,Winter,3948,57,Friday,February
7/3/2020,23,0,Wind,Summer,2522,185,Friday,July
3/19/2024,1,2,Wind,Spring,1178,79,Tuesday,March
11/12/2021,12,13,Solar,Fall,4637,316,Friday,November
9/20/2023,16,17,Wind,Fall,14551,263,Wednesday,September
1/23/2022,16,17,Wind,Winter,3865,23,Sunday,January
9/30/2024,12,13,Wind,Fall,20041,274,Monday,September
11/11/2020,22,23,Wind,Fall,7638,316,Wednesday,November
1/17/2021,4,5,Wind,Winter,5008,17,Sunday,January
11/26/2020,6,7,Wind,Fall,2436,331,Thursday,November
9/14/2023,5,6,Wind,Fall,710,257,Thursday,September
12/17/2020,7,8,Wind,Winter,5368,352,Thursday,December
11/10/2022,17,18,Wind,Fall,3142,314,Thursday,November
7/2/2022,22,23,Wind,Summer,1832,183,Saturday,July
3/17/2023,9,10,Wind,Spring,9108,76,Friday,March
3/29/2023,12,13,Solar,Spring,9902,88,Wednesday,March
6/27/2025,11,12,Solar,Summer,9500,178,Friday,June
2/9/2025,5,6,Wind,Winter,3088,40,Sunday,February
9/18/2020,14,15,Wind,Fall,6021,262,Friday,September
11/18/2024,7,8,Wind,Fall,9481,323,Monday,November
4/19/2022,11,12,Solar,Spring,4623,109,Tuesday,April
11/27/2020,10,11,Wind,Fall,2632,332,Friday,November
11/16/2020,11,12,Wind,Fall,9214,321,Monday,November
2/12/2020,2,3,Wind,Winter,9274,43,Wednesday,February
7/15/2021,0,1,Wind,Summer,7907,196,Thursday,July
11/27/2025,4,5,Wind,Fall,6967,331,Thursday,November
8/5/2024,14,15,Solar,Summer,8671,218,Monday,August
5/16/2021,20,21,Wind,Spring,9142,136,Sunday,May
2/24/2021,21,22,Wind,Winter,6699,55,Wednesday,February
3/5/2020,6,7,Wind,Spring,5871,65,Thursday,March
6/3/2024,1,2,Wind,Summer,3047,155,Monday,June
2/6/2025,7,8,Wind,Winter,5595,37,Thursday,February
9/2/2023,2,3,Wind,Fall,2089,245,Saturday,September
11/14/2022,16,17,Wind,Fall,4420,318,Monday,November
1/31/2020,9,10,Wind,Winter,6229,31,Friday,January
6/13/2021,7,8,Wind,Summer,2420,164,Sunday,June
8/14/2024,19,20,Wind,Summer,3688,227,Wednesday,August
5/25/2024,18,19,Solar,Spring,3720,146,Saturday,May
12/27/2020,22,23,Wind,Winter,7389,362,Sunday,December
4/1/2020,13,14,Solar,Spring,5326,92,Wednesday,April
1/18/2023,18,19,Wind,Winter,5216,18,Wednesday,January
3/13/2021,23,0,Wind,Spring,11499,72,Saturday,March
7/25/2024,9,10,Solar,Summer,4811,207,Thursday,July
12/25/2024,11,12,Solar,Winter,3467,360,Wednesday,December
6/23/2023,6,7,Wind,Summer,1435,174,Friday,June
4/22/2022,14,15,Solar,Spring,8327,112,Friday,April
3/16/2020,14,15,Wind,Spring,3423,76,Monday,March
6/6/2022,1,2,Wind,Summer,2710,157,Monday,June
12/11/2021,0,1,Wind,Winter,10034,345,Saturday,December
10/12/2021,8,9,Wind,Fall,2616,285,Tuesday,October
4/8/2025,11,12,Solar,Spring,9010,98,Tuesday,April
7/30/2025,11,12,Solar,Summer,7443,211,Wednesday,July
12/19/2020,8,9,Wind,Winter,11340,354,Saturday,December
7/6/2023,13,14,Solar,Summer,7124,187,Thursday,July
6/13/2021,15,16,Solar,Summer,4905,164,Sunday,June
7/11/2020,10,11,Solar,Summer,4169,193,Saturday,July
9/4/2020,18,19,Solar,Fall,2508,248,Friday,September
8/18/2020,21,22,Wind,Summer,697,231,Tuesday,August
6/23/2024,19,20,Solar,Summer,3387,175,Sunday,June
12/18/2020,5,6,Wind,Winter,5793,353,Friday,December
10/4/2025,6,7,Wind,Fall,17093,277,Saturday,October
3/12/2024,22,23,Wind,Spring,8894,72,Tuesday,March
10/21/2024,9,10,Wind,Fall,5133,295,Monday,October
3/11/2025,22,23,Wind,Spring,4647,70,Tuesday,March
8/6/2021,13,14,Wind,Summer,12722,218,Friday,August
1/25/2025,15,16,Wind,Winter,5523,25,Saturday,January
3/12/2020,3,4,Wind,Spring,10434,72,Thursday,March
12/28/2021,1,2,Wind,Winter,12227,362,Tuesday,December
6/8/2023,7,8,Wind,Summer,4772,159,Thursday,June
10/3/2024,11,12,Wind,Fall,11198,277,Thursday,October
1/18/2023,19,20,Wind,Winter,5226,18,Wednesday,January
6/6/2022,4,5,Wind,Summer,1864,157,Monday,June
12/8/2021,18,19,Wind,Winter,5364,342,Wednesday,December
3/15/2020,1,2,Wind,Spring,3727,75,Sunday,March
3/18/2022,12,13,Wind,Spring,14015,77,Friday,March
3/11/2022,20,21,Wind,Spring,10416,70,Friday,March
2/6/2025,16,17,Wind,Winter,12071,37,Thursday,February
4/23/2022,0,1,Wind,Spring,5823,113,Saturday,April
2/13/2023,14,15,Solar,Winter,6344,44,Monday,February
12/26/2023,20,21,Wind,Winter,2721,360,Tuesday,December
8/24/2020,0,1,Wind,Summer,2460,237,Monday,August
10/29/2020,13,14,Wind,Fall,8549,303,Thursday,October
5/24/2022,23,0,Wind,Spring,1737,144,Tuesday,May
10/21/2024,8,9,Wind,Fall,4204,295,Monday,October
4/16/2022,18,19,Wind,Spring,8184,106,Saturday,April
5/16/2022,19,20,Solar,Spring,1701,136,Monday,May
5/19/2024,23,0,Wind,Spring,1146,140,Sunday,May
10/9/2022,17,18,Solar,Fall,3480,282,Sunday,October
5/19/2022,10,11,Wind,Spring,7130,139,Thursday,May
7/1/2022,7,8,Wind,Summer,2336,182,Friday,July
5/9/2023,8,9,Wind,Spring,4052,129,Tuesday,May
2/3/2022,16,17,Wind,Winter,2472,34,Thursday,February
6/6/2021,14,15,Solar,Summer,5111,157,Sunday,June
9/20/2021,4,5,Wind,Fall,1552,263,Monday,September
5/8/2024,19,20,Wind,Spring,4590,129,Wednesday,May
5/31/2020,17,18,Wind,Spring,6587,152,Sunday,May
3/27/2022,22,23,Wind,Spring,2412,86,Sunday,March
9/12/2022,18,19,Wind,Fall,2581,255,Monday,September
8/18/2024,11,12,Solar,Summer,8765,231,Sunday,August
5/4/2020,15,16,Solar,Spring,5337,125,Monday,May
10/23/2024,6,7,Wind,Fall,1709,297,Wednesday,October
2/10/2022,6,7,Wind,Winter,5360,41,Thursday,February
4/8/2020,17,18,Solar,Spring,2595,99,Wednesday,April
9/2/2022,1,2,Wind,Fall,2750,245,Friday,September
5/22/2022,2,3,Wind,Spring,2963,142,Sunday,May
1/28/2022,8,9,Wind,Winter,1216,28,Friday,January
7/12/2021,5,6,Wind,Summer,2454,193,Monday,July
11/5/2023,1,2,Wind,Fall,14785,309,Sunday,November
2/12/2024,7,8,Wind,Winter,2207,43,Monday,February
6/9/2024,4,5,Wind,Summer,3499,161,Sunday,June
5/3/2023,18,19,Wind,Spring,8694,123,Wednesday,May
2/22/2025,9,10,Wind,Winter,10315,53,Saturday,February
11/23/2024,3,4,Wind,Fall,9018,328,Saturday,November
4/20/2024,23,0,Wind,Spring,6161,111,Saturday,April
1/14/2022,10,11,Solar,Winter,2655,14,Friday,January
12/22/2024,14,15,Wind,Winter,18534,357,Sunday,December
1/1/2023,16,17,Wind,Winter,9041,1,Sunday,January
7/31/2023,6,7,Wind,Summer,8004,212,Monday,July
6/19/2021,15,16,Solar,Summer,4434,170,Saturday,June
6/15/2025,7,8,Wind,Summer,2381,166,Sunday,June
7/13/2023,11,12,Solar,Summer,8460,194,Thursday,July
11/20/2022,14,15,Wind,Fall,11679,324,Sunday,November
7/29/2023,16,17,Wind,Summer,11633,210,Saturday,July
6/26/2024,17,18,Solar,Summer,5746,178,Wednesday,June
5/27/2025,2,3,Wind,Spring,6782,147,Tuesday,May
5/17/2023,11,12,Solar,Spring,12591,137,Wednesday,May
11/5/2021,8,9,Wind,Fall,3138,309,Friday,November
9/20/2024,9,10,Wind,Fall,6343,264,Friday,September
8/2/2023,15,16,Wind,Summer,20359,214,Wednesday,August
5/13/2024,23,0,Wind,Spring,6358,134,Monday,May
12/25/2024,16,17,Wind,Winter,1322,360,Wednesday,December
9/29/2020,18,19,Wind,Fall,1250,273,Tuesday,September
2/4/2021,9,10,Wind,Winter,2756,35,Thursday,February
1/26/2021,12,13,Wind,Winter,5374,26,Tuesday,January
3/2/2023,11,12,Solar,Spring,5920,61,Thursday,March
8/29/2020,0,1,Wind,Summer,3168,242,Saturday,August
8/28/2020,14,15,Wind,Summer,8716,241,Friday,August
5/10/2023,8,9,Wind,Spring,7126,130,Wednesday,May
4/24/2023,17,18,Wind,Spring,8130,114,Monday,April
4/19/2022,2,3,Wind,Spring,2920,109,Tuesday,April
4/23/2022,13,14,Wind,Spring,8065,113,Saturday,April
9/25/2025,1,2,Wind,Fall,3175,268,Thursday,September
5/17/2023,10,11,Solar,Spring,10667,137,Wednesday,May
3/17/2020,21,22,Wind,Spring,596,77,Tuesday,March
7/6/2023,12,13,Solar,Summer,6939,187,Thursday,July
4/9/2020,9,10,Solar,Spring,2595,100,Thursday,April
5/1/2023,12,13,Solar,Spring,7715,121,Monday,May
4/21/2023,18,19,Solar,Spring,4021,111,Friday,April
5/5/2023,22,23,Wind,Spring,1319,125,Friday,May
4/24/2020,1,2,Wind,Spring,1022,115,Friday,April
7/17/2023,12,13,Solar,Summer,9207,198,Monday,July
11/6/2020,18,19,Wind,Fall,6817,311,Friday,November
3/17/2020,9,10,Solar,Spring,1714,77,Tuesday,March
7/28/2020,7,8,Wind,Summer,3211,210,Tuesday,July
7/19/2022,6,7,Wind,Summer,5940,200,Tuesday,July
7/9/2020,18,19,Wind,Summer,5677,191,Thursday,July
6/24/2023,7,8,Wind,Summer,3270,175,Saturday,June
11/27/2021,10,11,Wind,Fall,9185,331,Saturday,November
2/12/2022,14,15,Solar,Winter,7521,43,Saturday,February
11/6/2021,4,5,Wind,Fall,2796,310,Saturday,November
2/14/2021,15,16,Wind,Winter,9763,45,Sunday,February
6/24/2024,18,19,Solar,Summer,5797,176,Monday,June
4/4/2020,9,10,Wind,Spring,3591,95,Saturday,April
10/23/2022,0,1,Wind,Fall,6954,296,Sunday,October
12/10/2023,20,21,Wind,Winter,15601,344,Sunday,December
5/26/2023,21,22,Wind,Spring,7754,146,Friday,May
5/22/2025,20,21,Wind,Spring,5574,142,Thursday,May
12/27/2021,1,2,Wind,Winter,3966,361,Monday,December
6/27/2022,6,7,Wind,Summer,1238,178,Monday,June
3/24/2022,16,17,Solar,Spring,4803,83,Thursday,March
9/27/2020,18,19,Wind,Fall,8052,271,Sunday,September
5/2/2022,6,7,Wind,Spring,2029,122,Monday,May
1/5/2020,9,10,Wind,Winter,2245,5,Sunday,January
2/15/2021,0,1,Wind,Winter,9792,46,Monday,February
1/16/2024,1,2,Wind,Winter,2010,16,Tuesday,January
1/16/2025,16,17,Wind,Winter,3827,16,Thursday,January
6/20/2025,14,15,Solar,Summer,11681,171,Friday,June
5/14/2023,8,9,Wind,Spring,3884,134,Sunday,May
6/16/2025,9,10,Solar,Summer,6557,167,Monday,June
2/4/2021,17,18,Wind,Winter,2798,35,Thursday,February
10/22/2023,3,4,Wind,Fall,8628,295,Sunday,October
5/19/2024,10,11,Solar,Spring,2455,140,Sunday,May
5/17/2022,9,10,Solar,Spring,4347,137,Tuesday,May
6/4/2022,15,16,Solar,Summer,5828,155,Saturday,June
2/22/2025,5,6,Wind,Winter,10238,53,Saturday,February
12/7/2021,14,15,Wind,Winter,12122,341,Tuesday,December
9/6/2024,17,18,Solar,Fall,4893,250,Friday,September
7/12/2022,6,7,Wind,Summer,2572,193,Tuesday,July
11/15/2024,14,15,Solar,Fall,4951,320,Friday,November
3/22/2020,13,14,Wind,Spring,10827,82,Sunday,March
9/30/2023,7,8,Wind,Fall,889,273,Saturday,September
8/15/2025,1,2,Wind,Summer,4242,227,Friday,August
1/7/2023,14,15,Wind,Winter,15880,7,Saturday,January
2/28/2024,2,3,Wind,Winter,3703,59,Wednesday,February
4/15/2023,17,18,Wind,Spring,13143,105,Saturday,April
4/1/2021,15,16,Solar,Spring,6405,91,Thursday,April
9/22/2025,12,13,Wind,Fall,15222,265,Monday,September
3/29/2023,2,3,Wind,Spring,4865,88,Wednesday,March
2/7/2021,8,9,Wind,Winter,4598,38,Sunday,February
8/3/2022,18,19,Solar,Summer,3379,215,Wednesday,August
3/11/2022,16,17,Wind,Spring,12628,70,Friday,March
9/22/2021,20,21,Wind,Fall,1945,265,Wednesday,September
7/24/2024,6,7,Wind,Summer,1089,206,Wednesday,July
4/2/2025,18,19,Wind,Spring,15030,92,Wednesday,April
8/1/2024,0,1,Wind,Summer,1649,214,Thursday,August
2/15/2020,9,10,Wind,Winter,8611,46,Saturday,February
12/28/2020,16,17,Wind,Winter,9395,363,Monday,December
6/30/2023,13,14,Solar,Summer,8565,181,Friday,June
5/31/2022,0,1,Wind,Spring,2131,151,Tuesday,May
6/21/2024,6,7,Wind,Summer,1717,173,Friday,June
8/5/2021,17,18,Wind,Summer,9475,217,Thursday,August
5/13/2022,16,17,Solar,Spring,6107,133,Friday,May
12/19/2022,11,12,Wind,Winter,14450,353,Monday,December
4/21/2024,7,8,Wind,Spring,5871,112,Sunday,April
11/2/2023,0,1,Wind,Fall,17146,306,Thursday,November
11/4/2023,13,14,Wind,Fall,18105,308,Saturday,November
11/29/2020,16,17,Wind,Fall,2659,334,Sunday,November
1/4/2021,7,8,Wind,Winter,1589,4,Monday,January
12/23/2020,22,23,Wind,Winter,12177,358,Wednesday,December
12/28/2024,23,0,Wind,Winter,638,363,Saturday,December
5/28/2020,17,18,Wind,Spring,6840,149,Thursday,May
4/12/2020,0,1,Wind,Spring,978,103,Sunday,April
12/15/2020,21,22,Wind,Winter,4427,350,Tuesday,December
3/21/2022,18,19,Wind,Spring,3512,80,Monday,March
12/31/2022,19,20,Wind,Winter,16435,365,Saturday,December
5/31/2021,15,16,Solar,Spring,7096,151,Monday,May
11/13/2024,4,5,Wind,Fall,6882,318,Wednesday,November
4/9/2023,12,13,Solar,Spring,7478,99,Sunday,April
2/22/2021,1,2,Wind,Winter,7591,53,Monday,February
2/25/2025,4,5,Wind,Winter,3644,56,Tuesday,February
12/19/2021,18,19,Wind,Winter,3022,353,Sunday,December
11/24/2020,23,0,Wind,Fall,6768,329,Tuesday,November
9/10/2021,22,23,Wind,Fall,1997,253,Friday,September
4/13/2021,1,2,Wind,Spring,1796,103,Tuesday,April
8/4/2022,0,1,Wind,Summer,1586,216,Thursday,August
5/4/2025,18,19,Wind,Spring,12606,124,Sunday,May
8/29/2020,14,15,Wind,Summer,5103,242,Saturday,August
7/19/2023,8,9,Wind,Summer,4118,200,Wednesday,July
12/4/2023,3,4,Wind,Winter,13158,338,Monday,December
12/4/2022,4,5,Wind,Winter,3430,338,Sunday,December
6/13/2024,20,21,Wind,Summer,4639,165,Thursday,June
5/7/2025,1,2,Wind,Spring,8947,127,Wednesday,May
8/28/2023,19,20,Wind,Summer,4554,240,Monday,August
8/5/2023,20,21,Wind,Summer,14188,217,Saturday,August
1/18/2025,3,4,Wind,Winter,1157,18,Saturday,January
5/23/2022,0,1,Wind,Spring,3636,143,Monday,May
11/30/2025,6,7,Wind,Fall,4387,334,Sunday,November
10/7/2021,16,17,Solar,Fall,4917,280,Thursday,October
3/12/2020,6,7,Wind,Spring,9223,72,Thursday,March
1/20/2021,15,16,Wind,Winter,14624,20,Wednesday,January
8/5/2024,22,23,Wind,Summer,1034,218,Monday,August
10/23/2025,3,4,Wind,Fall,12997,296,Thursday,October
10/20/2020,6,7,Wind,Fall,10003,294,Tuesday,October
5/5/2022,12,13,Solar,Spring,5897,125,Thursday,May
1/23/2020,22,23,Wind,Winter,2779,23,Thursday,January
7/7/2021,13,14,Solar,Summer,5429,188,Wednesday,July
7/25/2020,1,2,Wind,Summer,1543,207,Saturday,July
7/18/2020,1,2,Wind,Summer,1515,200,Saturday,July
9/26/2021,6,7,Wind,Fall,2281,269,Sunday,September
4/29/2024,1,2,Wind,Spring,2419,120,Monday,April
9/19/2021,22,23,Wind,Fall,2332,262,Sunday,September
8/30/2022,4,5,Wind,Summer,3592,242,Tuesday,August
9/16/2023,13,14,Solar,Fall,8664,259,Saturday,September
6/22/2022,1,2,Wind,Summer,3887,173,Wednesday,June
4/19/2020,19,20,Wind,Spring,4931,110,Sunday,April
4/9/2024,22,23,Wind,Spring,8756,100,Tuesday,April
3/11/2025,17,18,Wind,Spring,5580,70,Tuesday,March
10/1/2024,9,10,Wind,Fall,7164,275,Tuesday,October
8/16/2024,19,20,Wind,Summer,3335,229,Friday,August
9/5/2024,1,2,Wind,Fall,3657,249,Thursday,September
9/29/2025,11,12,Solar,Fall,7678,272,Monday,September
5/24/2020,5,6,Wind,Spring,3046,145,Sunday,May
4/15/2023,10,11,Wind,Spring,10771,105,Saturday,April
6/7/2023,3,4,Wind,Summer,4685,158,Wednesday,June
9/2/2021,17,18,Wind,Fall,5612,245,Thursday,September
1/2/2023,22,23,Wind,Winter,4218,2,Monday,January
11/4/2021,16,17,Wind,Fall,3606,308,Thursday,November
12/6/2024,11,12,Wind,Winter,12425,341,Friday,December
12/13/2023,4,5,Wind,Winter,9180,347,Wednesday,December
11/30/2024,13,14,Solar,Fall,4668,335,Saturday,November
9/16/2025,6,7,Wind,Fall,9715,259,Tuesday,September
3/3/2023,20,21,Wind,Spring,5832,62,Friday,March
2/17/2023,3,4,Wind,Winter,7265,48,Friday,February
7/19/2024,3,4,Wind,Summer,1551,201,Friday,July
5/9/2022,10,11,Solar,Spring,4782,129,Monday,May
4/8/2022,9,10,Wind,Spring,6382,98,Friday,April
8/30/2023,19,20,Wind,Summer,5549,242,Wednesday,August
2/15/2023,16,17,Solar,Winter,3695,46,Wednesday,February
6/9/2022,16,17,Solar,Summer,8567,160,Thursday,June
2/13/2020,6,7,Wind,Winter,11612,44,Thursday,February
3/20/2023,16,17,Solar,Spring,5436,79,Monday,March
11/15/2023,14,15,Wind,Fall,10772,319,Wednesday,November
12/12/2024,22,23,Wind,Winter,3318,347,Thursday,December
5/14/2021,21,22,Wind,Spring,3668,134,Friday,May
5/18/2024,9,10,Solar,Spring,3617,139,Saturday,May
10/24/2020,0,1,Wind,Fall,5673,298,Saturday,October
11/19/2020,11,12,Wind,Fall,10362,324,Thursday,November
5/17/2023,0,1,Wind,Spring,7939,137,Wednesday,May
8/19/2021,14,15,Solar,Summer,5079,231,Thursday,August
8/7/2024,9,10,Solar,Summer,3763,220,Wednesday,August
8/10/2022,7,8,Wind,Summer,5109,222,Wednesday,August
5/30/2020,0,1,Wind,Spring,5257,151,Saturday,May
10/14/2021,19,20,Wind,Fall,884,287,Thursday,October
10/30/2020,0,1,Wind,Fall,8074,304,Friday,October
11/30/2021,23,0,Wind,Fall,12923,334,Tuesday,November
10/18/2024,3,4,Wind,Fall,5240,292,Friday,October
11/13/2021,10,11,Wind,Fall,5285,317,Saturday,November
6/17/2023,14,15,Solar,Summer,6725,168,Saturday,June
3/26/2021,9,10,Wind,Spring,5822,85,Friday,March
7/11/2022,15,16,Solar,Summer,8839,192,Monday,July
10/6/2022,8,9,Wind,Fall,1848,279,Thursday,October
11/21/2020,18,19,Wind,Fall,2645,326,Saturday,November
6/2/2020,20,21,Wind,Summer,1623,154,Tuesday,June
12/8/2021,8,9,Wind,Winter,7536,342,Wednesday,December
6/10/2021,5,6,Wind,Summer,1077,161,Thursday,June
8/31/2021,15,16,Solar,Summer,8581,243,Tuesday,August
1/14/2022,8,9,Wind,Winter,891,14,Friday,January
4/17/2023,9,10,Solar,Spring,5631,107,Monday,April
4/28/2023,4,5,Wind,Spring,4743,118,Friday,April
2/2/2023,16,17,Wind,Winter,7966,33,Thursday,February
5/26/2024,22,23,Wind,Spring,3079,147,Sunday,May
3/17/2022,18,19,Wind,Spring,5041,76,Thursday,March
6/12/2021,5,6,Wind,Summer,1612,163,Saturday,June
8/22/2022,23,0,Wind,Summer,1343,234,Monday,August
4/13/2021,5,6,Wind,Spring,2747,103,Tuesday,April
5/25/2024,22,23,Wind,Spring,1939,146,Saturday,May
7/23/2024,4,5,Wind,Summer,5296,205,Tuesday,July
10/22/2024,14,15,Solar,Fall,5151,296,Tuesday,October
9/8/2025,1,2,Wind,Fall,3247,251,Monday,September
2/5/2024,0,1,Wind,Winter,7250,36,Monday,February
11/2/2025,0,1,Wind,Fall,8891,306,Sunday,November
5/30/2021,20,21,Wind,Spring,3606,150,Sunday,May
7/18/2021,15,16,Wind,Summer,8491,199,Sunday,July
10/4/2023,8,9,Wind,Fall,2909,277,Wednesday,October
12/16/2020,20,21,Wind,Winter,7854,351,Wednesday,December
11/18/2022,15,16,Wind,Fall,4771,322,Friday,November
8/6/2022,19,20,Wind,Summer,7487,218,Saturday,August
8/10/2022,5,6,Wind,Summer,5582,222,Wednesday,August
4/8/2024,4,5,Wind,Spring,3115,99,Monday,April
12/30/2021,14,15,Wind,Winter,8402,364,Thursday,December
11/27/2022,16,17,Wind,Fall,6863,331,Sunday,November
4/25/2024,3,4,Wind,Spring,1051,116,Thursday,April
2/7/2022,21,22,Wind,Winter,4624,38,Monday,February
5/29/2022,7,8,Wind,Spring,4550,149,Sunday,May
11/26/2021,9,10,Wind,Fall,5880,330,Friday,November
3/6/2022,20,21,Wind,Spring,7259,65,Sunday,March
4/9/2024,18,19,Wind,Spring,14993,100,Tuesday,April
7/5/2020,19,20,Wind,Summer,9243,187,Sunday,July
11/8/2020,14,15,Solar,Fall,3198,313,Sunday,November
7/3/2021,4,5,Wind,Summer,2200,184,Saturday,July
8/18/2024,21,22,Wind,Summer,3802,231,Sunday,August
2/3/2024,15,16,Wind,Winter,7256,34,Saturday,February
2/22/2020,5,6,Wind,Winter,8212,53,Saturday,February
8/24/2025,17,18,Solar,Summer,7445,236,Sunday,August
1/31/2025,7,8,Wind,Winter,4032,31,Friday,January
1/29/2022,6,7,Wind,Winter,6295,29,Saturday,January
5/16/2024,4,5,Wind,Spring,1985,137,Thursday,May
9/9/2025,5,6,Wind,Fall,1712,252,Tuesday,September
5/7/2025,22,23,Wind,Spring,5970,127,Wednesday,May
11/4/2021,5,6,Wind,Fall,3125,308,Thursday,November
8/26/2024,14,15,Solar,Summer,10162,239,Monday,August
5/24/2022,5,6,Wind,Spring,6008,144,Tuesday,May
8/21/2022,17,18,Solar,Summer,4032,233,Sunday,August
11/3/2021,8,9,Wind,Fall,3933,307,Wednesday,November
4/8/2020,16,17,Solar,Spring,3264,99,Wednesday,April
8/30/2024,8,9,Wind,Summer,4148,243,Friday,August
6/30/2022,0,1,Wind,Summer,1528,181,Thursday,June
8/27/2022,12,13,Solar,Summer,7198,239,Saturday,August
11/5/2021,12,13,Solar,Fall,4648,309,Friday,November
5/3/2022,2,3,Wind,Spring,4519,123,Tuesday,May
6/14/2020,20,21,Wind,Summer,1888,166,Sunday,June
10/9/2024,0,1,Wind,Fall,12523,283,Wednesday,October
11/24/2024,20,21,Wind,Fall,19513,329,Sunday,November
12/17/2024,20,21,Wind,Winter,9136,352,Tuesday,December
4/2/2024,4,5,Wind,Spring,13180,93,Tuesday,April
9/2/2021,5,6,Wind,Fall,5765,245,Thursday,September
12/29/2020,8,9,Wind,Winter,4269,364,Tuesday,December
3/16/2023,20,21,Wind,Spring,10081,75,Thursday,March
2/4/2024,19,20,Wind,Winter,8459,35,Sunday,February
4/20/2023,18,19,Wind,Spring,6268,110,Thursday,April
3/23/2022,9,10,Solar,Spring,5419,82,Wednesday,March
3/5/2024,19,20,Wind,Spring,3141,65,Tuesday,March
1/17/2020,2,3,Wind,Winter,9390,17,Friday,January
9/7/2023,1,2,Wind,Fall,2893,250,Thursday,September
12/23/2024,22,23,Wind,Winter,4916,358,Monday,December
6/23/2024,14,15,Solar,Summer,4090,175,Sunday,June
9/27/2021,11,12,Wind,Fall,10123,270,Monday,September
7/18/2025,2,3,Wind,Summer,1564,199,Friday,July
12/10/2022,4,5,Wind,Winter,1533,344,Saturday,December
4/19/2023,18,19,Wind,Spring,7115,109,Wednesday,April
5/30/2025,15,16,Solar,Spring,4444,150,Friday,May
11/15/2024,10,11,Solar,Fall,5039,320,Friday,November
8/22/2022,3,4,Wind,Summer,1609,234,Monday,August
6/14/2022,16,17,Solar,Summer,5556,165,Tuesday,June
1/29/2023,20,21,Wind,Winter,4213,29,Sunday,January
12/1/2022,23,0,Wind,Winter,2895,335,Thursday,December
12/5/2024,18,19,Wind,Winter,16688,340,Thursday,December
10/16/2022,20,21,Wind,Fall,7022,289,Sunday,October
8/21/2020,3,4,Wind,Summer,6690,234,Friday,August
12/22/2021,6,7,Wind,Winter,2824,356,Wednesday,December
7/21/2025,6,7,Wind,Summer,11030,202,Monday,July
1/2/2024,5,6,Wind,Winter,17248,2,Tuesday,January
4/11/2025,7,8,Wind,Spring,3644,101,Friday,April
8/2/2025,15,16,Solar,Summer,12289,214,Saturday,August
4/2/2021,19,20,Wind,Spring,11290,92,Friday,April
3/13/2023,8,9,Wind,Spring,15437,72,Monday,March
11/2/2024,2,3,Wind,Fall,1771,307,Saturday,November
5/16/2023,11,12,Wind,Spring,13805,136,Tuesday,May
9/22/2024,18,19,Wind,Fall,4071,266,Sunday,September
10/28/2021,10,11,Wind,Fall,7333,301,Thursday,October
8/31/2021,1,2,Wind,Summer,4199,243,Tuesday,August
2/6/2023,1,2,Wind,Winter,8096,37,Monday,February
10/3/2025,9,10,Wind,Fall,6874,276,Friday,October
7/8/2023,20,21,Wind,Summer,1493,189,Saturday,July
11/7/2024,15,16,Wind,Fall,3966,312,Thursday,November
8/1/2023,20,21,Wind,Summer,7412,213,Tuesday,August
12/4/2024,4,5,Wind,Winter,1527,339,Wednesday,December
3/18/2024,8,9,Wind,Spring,2921,78,Monday,March
12/30/2020,19,20,Wind,Winter,5298,365,Wednesday,December
5/20/2023,13,14,Wind,Spring,11018,140,Saturday,May
2/23/2022,6,7,Wind,Winter,915,54,Wednesday,February
6/24/2024,6,7,Wind,Summer,3013,176,Monday,June
12/9/2020,22,23,Wind,Winter,4120,344,Wednesday,December
12/2/2020,6,7,Wind,Winter,3538,337,Wednesday,December
4/18/2025,20,21,Wind,Spring,7067,108,Friday,April
4/17/2022,22,23,Wind,Spring,5787,107,Sunday,April
10/6/2020,21,22,Wind,Fall,11000,280,Tuesday,October
7/28/2024,18,19,Solar,Summer,7133,210,Sunday,July
9/14/2021,6,7,Wind,Fall,2764,257,Tuesday,September
9/3/2025,6,7,Wind,Fall,13678,246,Wednesday,September
5/5/2025,17,18,Wind,Spring,12722,125,Monday,May
9/1/2020,14,15,Solar,Fall,4740,245,Tuesday,September
6/6/2022,5,6,Wind,Summer,1806,157,Monday,June
10/4/2020,2,3,Wind,Fall,8818,278,Sunday,October
6/26/2021,7,8,Solar,Summer,633,177,Saturday,June
6/2/2023,2,3,Wind,Summer,7043,153,Friday,June
2/15/2025,4,5,Wind,Winter,5875,46,Saturday,February
1/29/2022,10,11,Wind,Winter,9123,29,Saturday,January
2/13/2025,20,21,Wind,Winter,4432,44,Thursday,February
9/19/2022,11,12,Solar,Fall,6983,262,Monday,September
6/29/2024,3,4,Wind,Summer,4100,181,Saturday,June
7/11/2025,12,13,Solar,Summer,12811,192,Friday,July
3/7/2021,14,15,Solar,Spring,2799,66,Sunday,March
3/7/2022,4,5,Wind,Spring,6613,66,Monday,March
6/17/2020,20,21,Wind,Summer,1500,169,Wednesday,June
3/14/2022,2,3,Wind,Spring,6130,73,Monday,March
5/2/2024,2,3,Wind,Spring,5050,123,Thursday,May
3/8/2025,22,23,Wind,Spring,12431,67,Saturday,March
5/5/2022,6,7,Wind,Spring,1715,125,Thursday,May
6/23/2024,0,1,Wind,Summer,2581,175,Sunday,June
2/14/2020,8,9,Wind,Winter,3683,45,Friday,February
8/2/2025,1,2,Wind,Summer,4270,214,Saturday,August
5/5/2024,1,2,Wind,Spring,3256,126,Sunday,May
4/30/2023,9,10,Wind,Spring,4169,120,Sunday,April
2/9/2025,17,18,Wind,Winter,1709,40,Sunday,February
8/11/2025,18,19,Solar,Summer,6420,223,Monday,August
3/10/2025,8,9,Wind,Spring,3471,69,Monday,March
4/3/2020,19,20,Wind,Spring,1256,94,Friday,April
2/1/2022,14,15,Wind,Winter,14323,32,Tuesday,February
4/9/2024,21,22,Wind,Spring,9329,100,Tuesday,April
5/2/2022,19,20,Wind,Spring,3754,122,Monday,May
10/8/2022,0,1,Wind,Fall,3051,281,Saturday,October
11/11/2022,6,7,Wind,Fall,3328,315,Friday,November
10/5/2022,11,12,Wind,Fall,11975,278,Wednesday,October
5/26/2025,14,15,Solar,Spring,6702,146,Monday,May
2/16/2023,4,5,Wind,Winter,3973,47,Thursday,February
12/14/2022,15,16,Wind,Winter,2542,348,Wednesday,December
2/14/2020,12,13,Wind,Winter,5860,45,Friday,February
3/13/2020,7,8,Wind,Spring,6097,73,Friday,March
12/7/2021,8,9,Wind,Winter,5489,341,Tuesday,December
9/23/2021,19,20,Wind,Fall,1224,266,Thursday,September
9/5/2024,6,7,Wind,Fall,5710,249,Thursday,September
11/16/2022,22,23,Wind,Fall,15448,320,Wednesday,November
3/12/2022,6,7,Wind,Spring,6239,71,Saturday,March
2/19/2024,17,18,Wind,Winter,7758,50,Monday,February
3/8/2022,10,11,Wind,Spring,7990,67,Tuesday,March
9/7/2020,9,10,Solar,Fall,3027,251,Monday,September
9/6/2020,15,16,Solar,Fall,4473,250,Sunday,September
1/21/2022,8,9,Wind,Winter,4551,21,Friday,January
9/16/2021,10,11,Solar,Fall,1635,259,Thursday,September
4/6/2024,18,19,Wind,Spring,8976,97,Saturday,April
11/12/2024,1,2,Wind,Fall,8188,317,Tuesday,November
10/19/2025,2,3,Wind,Fall,6818,292,Sunday,October
5/13/2023,22,23,Wind,Spring,5777,133,Saturday,May
12/8/2022,21,22,Wind,Winter,2632,342,Thursday,December
3/22/2022,11,12,Solar,Spring,8531,81,Tuesday,March
12/25/2023,15,16,Wind,Winter,12985,359,Monday,December
2/6/2025,20,21,Wind,Winter,12160,37,Thursday,February
2/7/2022,2,3,Wind,Winter,13497,38,Monday,February
1/18/2023,16,17,Wind,Winter,5234,18,Wednesday,January
1/26/2025,1,2,Wind,Winter,10365,26,Sunday,January
5/4/2024,23,0,Wind,Spring,3298,125,Saturday,May
6/4/2024,23,0,Wind,Summer,4473,156,Tuesday,June
1/18/2021,8,9,Wind,Winter,2915,18,Monday,January
11/22/2021,15,16,Wind,Fall,11582,326,Monday,November
2/28/2024,6,7,Wind,Winter,2370,59,Wednesday,February
11/12/2020,9,10,Wind,Fall,5105,317,Thursday,November
8/24/2022,12,13,Solar,Summer,6402,236,Wednesday,August
11/8/2021,14,15,Solar,Fall,4153,312,Monday,November
1/14/2022,5,6,Wind,Winter,1127,14,Friday,January
6/3/2025,13,14,Wind,Summer,6959,154,Tuesday,June
1/1/2020,15,16,Wind,Winter,1323,1,Wednesday,January
5/19/2023,5,6,Wind,Spring,5256,139,Friday,May
7/3/2022,20,21,Wind,Summer,2890,184,Sunday,July
6/16/2020,23,0,Wind,Summer,1468,168,Tuesday,June
2/19/2024,12,13,Wind,Winter,10225,50,Monday,February
1/9/2020,21,22,Wind,Winter,10944,9,Thursday,January
6/12/2022,18,19,Wind,Summer,5222,163,Sunday,June
4/11/2020,20,21,Wind,Spring,725,102,Saturday,April
9/6/2022,4,5,Wind,Fall,3166,249,Tuesday,September
6/8/2020,1,2,Wind,Summer,1496,160,Monday,June
12/13/2022,3,4,Wind,Winter,6816,347,Tuesday,December
10/7/2024,15,16,Wind,Fall,7138,281,Monday,October
8/13/2024,0,1,Wind,Summer,1600,226,Tuesday,August
5/26/2024,8,9,Wind,Spring,5565,147,Sunday,May
8/19/2024,15,16,Solar,Summer,9088,232,Monday,August
11/4/2023,18,19,Wind,Fall,15770,308,Saturday,November
4/14/2021,10,11,Solar,Spring,5528,104,Wednesday,April
11/2/2023,7,8,Wind,Fall,15300,306,Thursday,November
7/31/2023,22,23,Wind,Summer,10752,212,Monday,July
8/1/2022,18,19,Solar,Summer,3859,213,Monday,August
2/13/2025,1,2,Wind,Winter,1112,44,Thursday,February
11/6/2021,7,8,Wind,Fall,2797,310,Saturday,November
10/11/2025,9,10,Wind,Fall,5515,284,Saturday,October
11/28/2020,4,5,Wind,Fall,3659,333,Saturday,November
9/17/2025,19,20,Wind,Fall,3567,260,Wednesday,September
2/1/2024,22,23,Wind,Winter,1902,32,Thursday,February
8/9/2025,5,6,Wind,Summer,1061,221,Saturday,August
10/22/2021,22,23,Wind,Fall,2376,295,Friday,October
12/16/2022,2,3,Wind,Winter,6144,350,Friday,December
2/22/2022,12,13,Wind,Winter,14675,53,Tuesday,February
9/15/2023,21,22,Wind,Fall,4226,258,Friday,September
8/6/2021,21,22,Wind,Summer,2893,218,Friday,August
9/6/2024,3,4,Wind,Fall,1393,250,Friday,September
7/28/2025,12,13,Solar,Summer,11478,209,Monday,July
7/26/2024,16,17,Solar,Summer,6307,208,Friday,July
9/15/2021,8,9,Wind,Fall,2190,258,Wednesday,September
3/26/2025,15,16,Solar,Spring,7167,85,Wednesday,March
7/22/2025,21,22,Wind,Summer,1826,203,Tuesday,July
6/9/2020,12,13,Solar,Summer,4970,161,Tuesday,June
12/31/2022,11,12,Wind,Winter,17264,365,Saturday,December
2/15/2025,15,16,Solar,Winter,7084,46,Saturday,February
8/9/2020,18,19,Wind,Summer,3103,222,Sunday,August
10/18/2023,23,0,Wind,Fall,11879,291,Wednesday,October
3/9/2023,21,22,Wind,Spring,15820,68,Thursday,March
9/17/2023,16,17,Wind,Fall,5366,260,Sunday,September
11/18/2023,18,19,Wind,Fall,12524,322,Saturday,November
11/22/2020,13,14,Solar,Fall,3338,327,Sunday,November
12/31/2024,16,17,Wind,Winter,8495,366,Tuesday,December
11/9/2025,14,15,Solar,Fall,7371,313,Sunday,November
6/29/2021,16,17,Solar,Summer,5193,180,Tuesday,June
10/20/2025,18,19,Wind,Fall,16757,293,Monday,October
5/3/2024,19,20,Wind,Spring,2964,124,Friday,May
9/16/2025,20,21,Wind,Fall,3536,259,Tuesday,September
4/12/2025,18,19,Wind,Spring,11549,102,Saturday,April
5/24/2021,18,19,Wind,Spring,12791,144,Monday,May
3/10/2025,10,11,Solar,Spring,6063,69,Monday,March
6/20/2021,9,10,Wind,Summer,3324,171,Sunday,June
8/16/2020,7,8,Wind,Summer,1272,229,Sunday,August
8/25/2023,4,5,Wind,Summer,2460,237,Friday,August
1/22/2025,17,18,Wind,Winter,5102,22,Wednesday,January
1/6/2025,9,10,Wind,Winter,18975,6,Monday,January
5/15/2023,12,13,Solar,Spring,9340,135,Monday,May
7/12/2020,10,11,Solar,Summer,4498,194,Sunday,July
6/13/2024,21,22,Wind,Summer,5123,165,Thursday,June
7/3/2025,14,15,Solar,Summer,9855,184,Thursday,July
8/26/2024,16,17,Solar,Summer,8375,239,Monday,August
9/29/2025,15,16,Solar,Fall,8318,272,Monday,September
4/19/2020,9,10,Wind,Spring,2105,110,Sunday,April
3/4/2023,4,5,Wind,Spring,4490,63,Saturday,March
7/13/2021,15,16,Wind,Summer,7535,194,Tuesday,July
10/9/2025,11,12,Solar,Fall,5069,282,Thursday,October
9/6/2021,10,11,Solar,Fall,3616,249,Monday,September
10/3/2025,18,19,Wind,Fall,10465,276,Friday,October
4/24/2024,16,17,Wind,Spring,10914,115,Wednesday,April
7/3/2023,9,10,Wind,Summer,6964,184,Monday,July
4/9/2020,1,2,Wind,Spring,894,100,Thursday,April
8/8/2020,1,2,Wind,Summer,1875,221,Saturday,August
9/26/2021,15,16,Solar,Fall,5531,269,Sunday,September
12/25/2023,11,12,Wind,Winter,15160,359,Monday,December
4/2/2022,22,23,Wind,Spring,4539,92,Saturday,April
12/14/2023,5,6,Wind,Winter,7047,348,Thursday,December
1/23/2020,16,17,Wind,Winter,3347,23,Thursday,January
10/15/2023,15,16,Solar,Fall,6957,288,Sunday,October
5/31/2020,6,7,Wind,Spring,4859,152,Sunday,May
3/29/2025,21,22,Wind,Spring,5649,88,Saturday,March
10/8/2020,22,23,Wind,Fall,4432,282,Thursday,October
2/17/2021,2,3,Wind,Winter,8531,48,Wednesday,February
5/11/2020,5,6,Wind,Spring,10139,132,Monday,May
9/5/2022,7,8,Wind,Fall,2789,248,Monday,September
7/7/2021,3,4,Wind,Summer,4006,188,Wednesday,July
10/12/2024,6,7,Wind,Fall,6023,286,Saturday,October
6/20/2022,4,5,Wind,Summer,3009,171,Monday,June
10/26/2024,7,8,Wind,Fall,2152,300,Saturday,October
5/18/2020,3,4,Wind,Spring,2064,139,Monday,May
8/2/2022,0,1,Wind,Summer,1397,214,Tuesday,August
1/14/2022,2,3,Wind,Winter,1410,14,Friday,January
7/25/2024,16,17,Solar,Summer,8796,207,Thursday,July
5/26/2023,11,12,Solar,Spring,10688,146,Friday,May
8/22/2024,10,11,Solar,Summer,10231,235,Thursday,August
3/22/2024,5,6,Wind,Spring,2130,82,Friday,March
10/26/2021,16,17,Wind,Fall,5120,299,Tuesday,October
7/19/2025,13,14,Wind,Summer,14450,200,Saturday,July
7/28/2024,6,7,Wind,Summer,2348,210,Sunday,July
2/1/2024,15,16,Wind,Winter,3444,32,Thursday,February
12/26/2022,13,14,Wind,Winter,10092,360,Monday,December
7/30/2024,17,18,Solar,Summer,4665,212,Tuesday,July
8/18/2022,2,3,Wind,Summer,1182,230,Thursday,August
4/16/2025,17,18,Solar,Spring,6246,106,Wednesday,April
11/15/2020,21,22,Wind,Fall,12149,320,Sunday,November
2/26/2025,9,10,Wind,Winter,9755,57,Wednesday,February
2/20/2022,7,8,Wind,Winter,12571,51,Sunday,February
2/20/2025,9,10,Wind,Winter,9967,51,Thursday,February
2/27/2022,3,4,Wind,Winter,9685,58,Sunday,February
12/31/2021,18,19,Wind,Winter,3904,365,Friday,December
7/28/2022,12,13,Solar,Summer,5588,209,Thursday,July
4/28/2021,2,3,Wind,Spring,1371,118,Wednesday,April
12/23/2021,5,6,Wind,Winter,6602,357,Thursday,December
3/14/2024,23,0,Wind,Spring,10690,74,Thursday,March
7/14/2023,9,10,Solar,Summer,6490,195,Friday,July
10/18/2025,4,5,Wind,Fall,5140,291,Saturday,October
4/7/2021,3,4,Wind,Spring,4251,97,Wednesday,April
1/14/2024,13,14,Solar,Winter,3639,14,Sunday,January
4/18/2022,3,4,Wind,Spring,4344,108,Monday,April
6/1/2024,9,10,Wind,Summer,8993,153,Saturday,June
4/24/2020,15,16,Solar,Spring,3799,115,Friday,April
3/13/2022,18,19,Wind,Spring,5913,72,Sunday,March
2/23/2025,12,13,Wind,Winter,11643,54,Sunday,February
11/6/2021,12,13,Solar,Fall,5852,310,Saturday,November
4/4/2025,15,16,Wind,Spring,6218,94,Friday,April
2/10/2022,13,14,Solar,Winter,6325,41,Thursday,February
8/15/2021,2,3,Wind,Summer,1057,227,Sunday,August
6/22/2023,14,15,Wind,Summer,9306,173,Thursday,June
2/23/2020,10,11,Wind,Winter,13480,54,Sunday,February
3/10/2022,22,23,Wind,Spring,7481,69,Thursday,March
8/14/2021,0,1,Wind,Summer,1478,226,Saturday,August
6/5/2020,3,4,Wind,Summer,3542,157,Friday,June
5/22/2020,21,22,Wind,Spring,2177,143,Friday,May
8/26/2025,20,21,Wind,Summer,3405,238,Tuesday,August
7/5/2022,7,8,Wind,Summer,2105,186,Tuesday,July
3/30/2024,13,14,Solar,Spring,7615,90,Saturday,March
1/4/2022,11,12,Wind,Winter,5975,4,Tuesday,January
8/19/2025,10,11,Solar,Summer,4540,231,Tuesday,August
8/12/2023,3,4,Wind,Summer,1596,224,Saturday,August
3/23/2024,10,11,Wind,Spring,17377,83,Saturday,March
7/7/2025,23,0,Wind,Summer,4873,188,Monday,July
1/20/2023,10,11,Wind,Winter,4641,20,Friday,January
3/2/2024,16,17,Wind,Spring,6629,62,Saturday,March
1/5/2022,14,15,Wind,Winter,7511,5,Wednesday,January
9/12/2025,13,14,Wind,Fall,15434,255,Friday,September
2/8/2025,18,19,Wind,Winter,3104,39,Saturday,February
4/11/2020,7,8,Wind,Spring,1900,102,Saturday,April
1/23/2020,18,19,Wind,Winter,3556,23,Thursday,January
9/30/2025,8,9,Wind,Fall,2872,273,Tuesday,September
5/1/2020,22,23,Wind,Spring,6712,122,Friday,May
8/10/2021,13,14,Solar,Summer,5911,222,Tuesday,August
9/16/2021,18,19,Solar,Fall,1495,259,Thursday,September
10/27/2023,12,13,Wind,Fall,12650,300,Friday,October
11/11/2025,3,4,Wind,Fall,7897,315,Tuesday,November
3/24/2020,7,8,Wind,Spring,5774,84,Tuesday,March
10/20/2023,17,18,Wind,Fall,6907,293,Friday,October
10/29/2025,15,16,Wind,Fall,8506,302,Wednesday,October
11/21/2023,16,17,Wind,Fall,6703,325,Tuesday,November
3/26/2024,20,21,Wind,Spring,8261,86,Tuesday,March
6/30/2022,20,21,Wind,Summer,2522,181,Thursday,June
12/25/2020,4,5,Wind,Winter,6542,360,Friday,December
6/26/2021,15,16,Solar,Summer,4697,177,Saturday,June
8/4/2020,0,1,Wind,Summer,3666,217,Tuesday,August
8/22/2022,2,3,Wind,Summer,1927,234,Monday,August
4/17/2022,16,17,Solar,Spring,7694,107,Sunday,April
1/7/2021,5,6,Wind,Winter,487,7,Thursday,January
5/12/2025,9,10,Solar,Spring,5922,132,Monday,May
6/26/2024,18,19,Solar,Summer,4295,178,Wednesday,June
7/1/2025,2,3,Wind,Summer,778,182,Tuesday,July
6/9/2023,5,6,Wind,Summer,4644,160,Friday,June
8/24/2023,17,18,Wind,Summer,9861,236,Thursday,August
7/28/2025,9,10,Solar,Summer,6834,209,Monday,July
8/15/2021,3,4,Wind,Summer,883,227,Sunday,August
9/23/2024,16,17,Wind,Fall,9135,267,Monday,September
3/25/2024,13,14,Wind,Spring,10853,85,Monday,March
10/7/2025,4,5,Wind,Fall,1733,280,Tuesday,October
11/15/2020,1,2,Wind,Fall,10998,320,Sunday,November
9/14/2023,14,15,Solar,Fall,6131,257,Thursday,September
7/1/2024,4,5,Wind,Summer,1845,183,Monday,July
3/13/2022,12,13,Wind,Spring,10835,72,Sunday,March
3/4/2021,22,23,Wind,Spring,3145,63,Thursday,March
8/24/2022,5,6,Wind,Summer,956,236,Wednesday,August
6/6/2025,18,19,Wind,Summer,10880,157,Friday,June
12/30/2021,9,10,Wind,Winter,8720,364,Thursday,December
4/1/2021,2,3,Wind,Spring,1907,91,Thursday,April
8/6/2023,22,23,Wind,Summer,5369,218,Sunday,August
6/13/2025,19,20,Wind,Summer,5374,164,Friday,June
10/10/2022,19,20,Wind,Fall,2196,283,Monday,October
9/20/2025,18,19,Wind,Fall,11616,263,Saturday,September
9/8/2023,17,18,Solar,Fall,4384,251,Friday,September
12/30/2021,22,23,Wind,Winter,5452,364,Thursday,December
3/30/2024,7,8,Wind,Spring,3497,90,Saturday,March
5/8/2023,17,18,Solar,Spring,5446,128,Monday,May
4/25/2021,11,12,Wind,Spring,10262,115,Sunday,April
7/15/2022,4,5,Wind,Summer,4379,196,Friday,July
11/26/2021,1,2,Wind,Fall,2597,330,Friday,November
10/15/2025,23,0,Wind,Fall,5351,288,Wednesday,October
1/18/2025,10,11,Solar,Winter,3129,18,Saturday,January
3/16/2025,16,17,Wind,Spring,9489,75,Sunday,March
10/18/2022,14,15,Solar,Fall,5808,291,Tuesday,October
2/10/2020,4,5,Wind,Winter,10052,41,Monday,February
4/25/2020,5,6,Wind,Spring,1788,116,Saturday,April
5/18/2023,5,6,Wind,Spring,5769,138,Thursday,May
4/16/2022,23,0,Wind,Spring,8150,106,Saturday,April
3/29/2020,10,11,Wind,Spring,13965,89,Sunday,March
3/28/2025,20,21,Wind,Spring,8242,87,Friday,March
12/18/2024,9,10,Wind,Winter,15999,353,Wednesday,December
3/9/2020,8,9,Wind,Spring,6477,69,Monday,March
5/22/2023,0,1,Wind,Spring,3806,142,Monday,May
11/2/2024,13,14,Solar,Fall,7954,307,Saturday,November
3/7/2022,0,1,Wind,Spring,7417,66,Monday,March
1/25/2023,8,9,Wind,Winter,2111,25,Wednesday,January
1/15/2021,9,10,Wind,Winter,6240,15,Friday,January
5/19/2022,5,6,Wind,Spring,3542,139,Thursday,May
10/24/2020,6,7,Wind,Fall,7495,298,Saturday,October
10/28/2021,8,9,Wind,Fall,5807,301,Thursday,October
1/8/2025,21,22,Wind,Winter,12892,8,Wednesday,January
4/4/2024,0,1,Wind,Spring,12543,95,Thursday,April
12/18/2020,8,9,Wind,Winter,6733,353,Friday,December
9/25/2022,15,16,Solar,Fall,6102,268,Sunday,September
10/19/2020,3,4,Wind,Fall,1464,293,Monday,October
2/6/2024,11,12,Wind,Winter,14493,37,Tuesday,February
4/18/2023,6,7,Wind,Spring,6520,108,Tuesday,April
5/2/2023,18,19,Wind,Spring,7162,122,Tuesday,May
6/26/2025,9,10,Wind,Summer,9995,177,Thursday,June
9/18/2024,16,17,Wind,Fall,16325,262,Wednesday,September
11/22/2024,1,2,Wind,Fall,6061,327,Friday,November
3/20/2023,1,2,Wind,Spring,1521,79,Monday,March
1/13/2022,1,2,Wind,Winter,3054,13,Thursday,January
6/15/2021,5,6,Wind,Summer,1611,166,Tuesday,June
1/9/2021,9,10,Wind,Winter,4051,9,Saturday,January
2/15/2022,0,1,Wind,Winter,6687,46,Tuesday,February
3/18/2020,12,13,Solar,Spring,4055,78,Wednesday,March
8/31/2025,1,2,Wind,Summer,8549,243,Sunday,August
11/23/2023,8,9,Wind,Fall,3718,327,Thursday,November
9/12/2023,12,13,Solar,Fall,4437,255,Tuesday,September
9/10/2020,21,22,Wind,Fall,2030,254,Thursday,September
7/11/2023,15,16,Solar,Summer,9554,192,Tuesday,July
9/15/2021,13,14,Solar,Fall,3942,258,Wednesday,September
5/21/2023,9,10,Wind,Spring,5307,141,Sunday,May
4/15/2021,10,11,Solar,Spring,6346,105,Thursday,April
11/26/2024,19,20,Wind,Fall,4935,331,Tuesday,November
10/14/2025,5,6,Wind,Fall,5919,287,Tuesday,October
3/22/2021,18,19,Wind,Spring,2993,81,Monday,March
2/9/2025,10,11,Solar,Winter,4315,40,Sunday,February
7/14/2024,8,9,Solar,Summer,2477,196,Sunday,July
2/5/2021,16,17,Wind,Winter,1998,36,Friday,February
8/26/2020,6,7,Wind,Summer,8678,239,Wednesday,August
4/27/2023,4,5,Wind,Spring,1206,117,Thursday,April
3/6/2023,0,1,Wind,Spring,1228,65,Monday,March
5/12/2025,1,2,Wind,Spring,2951,132,Monday,May
2/6/2023,15,16,Wind,Winter,8670,37,Monday,February
8/4/2020,14,15,Solar,Summer,5625,217,Tuesday,August
3/1/2023,21,22,Wind,Spring,7713,60,Wednesday,March
10/1/2022,22,23,Wind,Fall,7629,274,Saturday,October
11/17/2023,13,14,Wind,Fall,7387,321,Friday,November
10/2/2023,5,6,Wind,Fall,2482,275,Monday,October
2/26/2025,1,2,Wind,Winter,10324,57,Wednesday,February
12/12/2021,0,1,Wind,Winter,5469,346,Sunday,December
9/8/2022,20,21,Wind,Fall,5147,251,Thursday,September
5/26/2020,17,18,Wind,Spring,6931,147,Tuesday,May
3/10/2021,23,0,Wind,Spring,13439,69,Wednesday,March
5/24/2024,4,5,Wind,Spring,712,145,Friday,May
6/9/2020,13,14,Solar,Summer,5042,161,Tuesday,June
9/3/2023,0,1,Wind,Fall,4539,246,Sunday,September
9/16/2020,12,13,Solar,Fall,3732,260,Wednesday,September
9/19/2024,1,2,Wind,Fall,8994,263,Thursday,September
6/7/2023,23,0,Wind,Summer,5602,158,Wednesday,June
10/14/2023,0,1,Wind,Fall,14148,287,Saturday,October
1/12/2022,7,8,Wind,Winter,2263,12,Wednesday,January
5/13/2022,6,7,Wind,Spring,1900,133,Friday,May
11/4/2021,2,3,Wind,Fall,2836,308,Thursday,November
5/2/2020,2,3,Wind,Spring,5334,123,Saturday,May
9/18/2022,0,1,Wind,Fall,3466,261,Sunday,September
6/8/2023,15,16,Solar,Summer,8328,159,Thursday,June
9/15/2022,4,5,Wind,Fall,1546,258,Thursday,September
3/17/2023,1,2,Wind,Spring,8075,76,Friday,March
1/9/2025,13,14,Wind,Winter,13396,9,Thursday,January
4/12/2024,15,16,Solar,Spring,4291,103,Friday,April
9/2/2024,10,11,Solar,Fall,5818,246,Monday,September
8/16/2020,2,3,Wind,Summer,1867,229,Sunday,August
9/30/2020,7,8,Wind,Fall,1223,274,Wednesday,September
6/20/2022,17,18,Solar,Summer,6713,171,Monday,June
6/5/2021,3,4,Wind,Summer,2400,156,Saturday,June
4/21/2022,16,17,Wind,Spring,6557,111,Thursday,April
6/22/2024,3,4,Wind,Summer,6081,174,Saturday,June
10/27/2024,5,6,Wind,Fall,1792,301,Sunday,October
5/30/2023,21,22,Wind,Spring,9690,150,Tuesday,May
5/20/2024,5,6,Wind,Spring,1434,141,Monday,May
4/3/2025,23,0,Wind,Spring,6528,93,Thursday,April
8/18/2025,14,15,Solar,Summer,8983,230,Monday,August
9/16/2022,23,0,Wind,Fall,5346,259,Friday,September
1/30/2020,0,1,Wind,Winter,5384,30,Thursday,January
4/10/2022,17,18,Solar,Spring,5961,100,Sunday,April
7/29/2024,21,22,Wind,Summer,2404,211,Monday,July
12/3/2020,1,2,Wind,Winter,3330,338,Thursday,December
7/30/2022,6,7,Wind,Summer,936,211,Saturday,July
10/20/2023,3,4,Wind,Fall,4769,293,Friday,October
8/17/2022,17,18,Solar,Summer,3938,229,Wednesday,August
7/7/2022,1,2,Wind,Summer,3488,188,Thursday,July
12/27/2024,6,7,Wind,Winter,1298,362,Friday,December
9/13/2024,23,0,Wind,Fall,4267,257,Friday,September
5/20/2020,15,16,Solar,Spring,5220,141,Wednesday,May
9/19/2020,21,22,Wind,Fall,2449,263,Saturday,September
2/19/2022,22,23,Wind,Winter,13745,50,Saturday,February
6/22/2023,10,11,Wind,Summer,5018,173,Thursday,June
12/17/2024,16,17,Wind,Winter,5399,352,Tuesday,December
3/4/2023,2,3,Wind,Spring,4916,63,Saturday,March
1/19/2022,3,4,Wind,Winter,1605,19,Wednesday,January
6/8/2023,9,10,Solar,Summer,6235,159,Thursday,June
9/10/2023,17,18,Solar,Fall,4930,253,Sunday,September
4/29/2021,11,12,Wind,Spring,3791,119,Thursday,April
11/19/2025,16,17,Wind,Fall,13285,323,Wednesday,November
11/6/2023,9,10,Wind,Fall,12593,310,Monday,November
7/18/2022,11,12,Solar,Summer,6471,199,Monday,July
9/15/2021,2,3,Wind,Fall,2419,258,Wednesday,September
5/8/2022,8,9,Wind,Spring,4118,128,Sunday,May
5/27/2022,15,16,Solar,Spring,8174,147,Friday,May
10/4/2022,20,21,Wind,Fall,1168,277,Tuesday,October
6/19/2020,1,2,Wind,Summer,2319,171,Friday,June
6/12/2022,10,11,Solar,Summer,4684,163,Sunday,June
10/8/2022,9,10,Wind,Fall,2465,281,Saturday,October
5/24/2025,19,20,Wind,Spring,8852,144,Saturday,May
9/30/2025,20,21,Wind,Fall,2697,273,Tuesday,September
7/6/2025,20,21,Wind,Summer,8639,187,Sunday,July
7/6/2020,15,16,Wind,Summer,9681,188,Monday,July
8/11/2023,7,8,Wind,Summer,1918,223,Friday,August
8/20/2025,16,17,Wind,Summer,8881,232,Wednesday,August
4/19/2021,22,23,Wind,Spring,906,109,Monday,April
5/10/2021,7,8,Wind,Spring,7041,130,Monday,May
3/7/2021,2,3,Wind,Spring,2521,66,Sunday,March
1/22/2021,16,17,Wind,Winter,3696,22,Friday,January
4/23/2021,10,11,Solar,Spring,5659,113,Friday,April
12/8/2021,5,6,Wind,Winter,9297,342,Wednesday,December
8/4/2020,22,23,Wind,Summer,1340,217,Tuesday,August
2/18/2023,23,0,Wind,Winter,8067,49,Saturday,February
12/14/2022,21,22,Wind,Winter,2161,348,Wednesday,December
7/9/2023,3,4,Wind,Summer,2355,190,Sunday,July
7/11/2024,2,3,Wind,Summer,1053,193,Thursday,July
2/24/2020,10,11,Wind,Winter,11258,55,Monday,February
2/3/2021,2,3,Wind,Winter,9275,34,Wednesday,February
12/5/2022,23,0,Wind,Winter,1854,339,Monday,December
4/23/2023,0,1,Wind,Spring,6724,113,Sunday,April
6/8/2021,10,11,Solar,Summer,4183,159,Tuesday,June
2/26/2023,10,11,Wind,Winter,20500,57,Sunday,February
3/2/2024,10,11,Wind,Spring,12926,62,Saturday,March
5/18/2024,1,2,Wind,Spring,713,139,Saturday,May
8/30/2020,11,12,Wind,Summer,5251,243,Sunday,August
9/29/2021,14,15,Wind,Fall,11739,272,Wednesday,September
8/3/2021,0,1,Wind,Summer,930,215,Tuesday,August
1/11/2023,1,2,Wind,Winter,14468,11,Wednesday,January
2/21/2024,15,16,Wind,Winter,15550,52,Wednesday,February
3/16/2020,6,7,Wind,Spring,3309,76,Monday,March
11/10/2020,21,22,Wind,Fall,805,315,Tuesday,November
11/8/2022,1,2,Wind,Fall,12163,312,Tuesday,November
11/14/2022,2,3,Wind,Fall,3659,318,Monday,November
2/15/2024,18,19,Wind,Winter,10200,46,Thursday,February
11/3/2023,0,1,Wind,Fall,12874,307,Friday,November
1/24/2025,8,9,Wind,Winter,18114,24,Friday,January
1/2/2024,0,1,Wind,Winter,17307,2,Tuesday,January
8/4/2023,21,22,Wind,Summer,3747,216,Friday,August
7/18/2020,23,0,Wind,Summer,1750,200,Saturday,July
7/21/2021,4,5,Wind,Summer,2191,202,Wednesday,July
3/31/2023,15,16,Wind,Spring,21172,90,Friday,March
1/5/2023,12,13,Wind,Winter,7199,5,Thursday,January
3/27/2022,19,20,Wind,Spring,1675,86,Sunday,March
9/24/2023,10,11,Solar,Fall,7784,267,Sunday,September
7/7/2021,20,21,Wind,Summer,2231,188,Wednesday,July
5/18/2024,4,5,Wind,Spring,556,139,Saturday,May
4/1/2022,18,19,Wind,Spring,13751,91,Friday,April
12/1/2023,7,8,Wind,Winter,2590,335,Friday,December
3/10/2024,18,19,Wind,Spring,975,70,Sunday,March
3/2/2020,20,21,Wind,Spring,8827,62,Monday,March
9/19/2025,10,11,Solar,Fall,9787,262,Friday,September
12/21/2020,1,2,Wind,Winter,6095,356,Monday,December
6/30/2023,4,5,Wind,Summer,2629,181,Friday,June
5/13/2024,12,13,Solar,Spring,6365,134,Monday,May
11/25/2024,2,3,Wind,Fall,17724,330,Monday,November
6/2/2022,23,0,Wind,Summer,4438,153,Thursday,June
3/1/2022,10,11,Solar,Spring,4347,60,Tuesday,March
9/12/2020,9,10,Solar,Fall,2461,256,Saturday,September
5/8/2021,19,20,Wind,Spring,6309,128,Saturday,May
9/25/2022,2,3,Wind,Fall,2749,268,Sunday,September
3/6/2021,9,10,Wind,Spring,6040,65,Saturday,March
1/15/2022,21,22,Wind,Winter,1036,15,Saturday,January
11/17/2023,7,8,Wind,Fall,4109,321,Friday,November
7/5/2025,20,21,Wind,Summer,5175,186,Saturday,July
6/12/2021,12,13,Solar,Summer,4821,163,Saturday,June
7/31/2022,19,20,Wind,Summer,5209,212,Sunday,July
3/20/2024,15,16,Solar,Spring,5622,80,Wednesday,March
4/23/2020,7,8,Wind,Spring,1746,114,Thursday,April
5/9/2022,20,21,Wind,Spring,514,129,Monday,May
3/6/2024,10,11,Solar,Spring,5162,66,Wednesday,March
2/26/2021,5,6,Wind,Winter,2352,57,Friday,February
11/20/2025,5,6,Wind,Fall,7116,324,Thursday,November
5/9/2020,5,6,Wind,Spring,1685,130,Saturday,May
8/21/2025,1,2,Wind,Summer,3653,233,Thursday,August
6/11/2025,20,21,Wind,Summer,5029,162,Wednesday,June
8/27/2022,11,12,Solar,Summer,6767,239,Saturday,August
9/10/2023,12,13,Solar,Fall,8323,253,Sunday,September
4/20/2023,0,1,Wind,Spring,8926,110,Thursday,April
3/24/2021,4,5,Wind,Spring,1493,83,Wednesday,March
11/19/2022,12,13,Solar,Fall,5271,323,Saturday,November
12/5/2024,10,11,Wind,Winter,16407,340,Thursday,December
4/22/2025,3,4,Wind,Spring,2038,112,Tuesday,April
9/14/2021,19,20,Wind,Fall,1986,257,Tuesday,September
11/23/2020,3,4,Wind,Fall,245,328,Monday,November
2/3/2023,16,17,Wind,Winter,7659,34,Friday,February
11/2/2023,4,5,Wind,Fall,15164,306,Thursday,November
5/29/2025,14,15,Solar,Spring,5853,149,Thursday,May
1/12/2020,12,13,Wind,Winter,9137,12,Sunday,January
8/28/2021,20,21,Wind,Summer,4826,240,Saturday,August
12/11/2023,0,1,Wind,Winter,13562,345,Monday,December
8/20/2021,20,21,Wind,Summer,525,232,Friday,August
2/14/2024,9,10,Wind,Winter,10647,45,Wednesday,February
11/9/2022,17,18,Wind,Fall,4408,313,Wednesday,November
10/13/2020,9,10,Wind,Fall,4332,287,Tuesday,October
9/25/2023,21,22,Wind,Fall,525,268,Monday,September
10/8/2024,7,8,Wind,Fall,10208,282,Tuesday,October
8/16/2021,2,3,Wind,Summer,4074,228,Monday,August
4/25/2022,9,10,Wind,Spring,4334,115,Monday,April
6/5/2025,22,23,Wind,Summer,12352,156,Thursday,June
5/30/2023,12,13,Solar,Spring,13676,150,Tuesday,May
8/22/2020,3,4,Wind,Summer,4955,235,Saturday,August
12/9/2021,16,17,Wind,Winter,5379,343,Thursday,December
1/25/2020,12,13,Solar,Winter,2654,25,Saturday,January
5/16/2023,1,2,Wind,Spring,7661,136,Tuesday,May
10/28/2023,11,12,Wind,Fall,16187,301,Saturday,October
6/19/2021,0,1,Wind,Summer,3276,170,Saturday,June
2/14/2023,15,16,Solar,Winter,5164,45,Tuesday,February
3/21/2022,10,11,Solar,Spring,6419,80,Monday,March
9/22/2023,21,22,Wind,Fall,5871,265,Friday,September
10/17/2021,1,2,Wind,Fall,1752,290,Sunday,October
7/29/2024,4,5,Wind,Summer,5316,211,Monday,July
2/9/2024,4,5,Wind,Winter,16307,40,Friday,February
3/17/2022,13,14,Wind,Spring,5469,76,Thursday,March
4/2/2022,19,20,Wind,Spring,7493,92,Saturday,April
9/25/2022,7,8,Wind,Fall,2772,268,Sunday,September
9/26/2025,18,19,Solar,Fall,1324,269,Friday,September
10/28/2024,0,1,Wind,Fall,477,302,Monday,October
1/21/2023,4,5,Wind,Winter,7168,21,Saturday,January
10/23/2024,18,19,Wind,Fall,2844,297,Wednesday,October
6/27/2020,22,23,Wind,Summer,4430,179,Saturday,June
7/29/2020,20,21,Wind,Summer,708,211,Wednesday,July
7/9/2022,9,10,Solar,Summer,4215,190,Saturday,July
12/31/2021,4,5,Wind,Winter,5884,365,Friday,December
3/1/2025,10,11,Wind,Spring,12156,60,Saturday,March
2/16/2021,23,0,Wind,Winter,9342,47,Tuesday,February
1/13/2022,7,8,Wind,Winter,2614,13,Thursday,January
2/14/2024,20,21,Wind,Winter,7478,45,Wednesday,February
11/9/2024,2,3,Wind,Fall,1560,314,Saturday,November
3/2/2020,2,3,Wind,Spring,8017,62,Monday,March
6/18/2020,19,20,Wind,Summer,3276,170,Thursday,June
9/8/2021,18,19,Wind,Fall,3479,251,Wednesday,September
4/16/2022,8,9,Wind,Spring,5476,106,Saturday,April
1/26/2024,18,19,Wind,Winter,3375,26,Friday,January
9/5/2020,15,16,Solar,Fall,5374,249,Saturday,September
11/28/2021,6,7,Wind,Fall,9221,332,Sunday,November
12/13/2021,12,13,Solar,Winter,3477,347,Monday,December
4/7/2024,19,20,Wind,Spring,6864,98,Sunday,April
10/23/2023,7,8,Wind,Fall,7522,296,Monday,October
10/26/2021,19,20,Wind,Fall,3013,299,Tuesday,October
4/25/2020,10,11,Solar,Spring,3420,116,Saturday,April
12/10/2022,7,8,Wind,Winter,1455,344,Saturday,December
9/7/2022,21,22,Wind,Fall,3796,250,Wednesday,September
9/10/2022,23,0,Wind,Fall,1212,253,Saturday,September
1/31/2023,9,10,Wind,Winter,4810,31,Tuesday,January
5/24/2025,22,23,Wind,Spring,6806,144,Saturday,May
10/18/2022,12,13,Solar,Fall,5685,291,Tuesday,October
11/8/2023,13,14,Wind,Fall,18274,312,Wednesday,November
11/18/2020,17,18,Wind,Fall,6191,323,Wednesday,November
12/7/2020,10,11,Wind,Winter,1923,342,Monday,December
3/30/2024,17,18,Wind,Spring,6296,90,Saturday,March
5/13/2023,9,10,Wind,Spring,6102,133,Saturday,May
12/19/2022,15,16,Wind,Winter,13925,353,Monday,December
5/27/2022,12,13,Solar,Spring,6760,147,Friday,May
4/18/2022,13,14,Solar,Spring,5569,108,Monday,April
2/7/2023,4,5,Wind,Winter,8388,38,Tuesday,February
6/13/2022,4,5,Wind,Summer,3562,164,Monday,June
5/20/2022,9,10,Wind,Spring,5745,140,Friday,May
8/31/2025,8,9,Wind,Summer,4739,243,Sunday,August
7/16/2024,8,9,Wind,Summer,9494,198,Tuesday,July
6/22/2025,22,23,Wind,Summer,2524,173,Sunday,June
12/6/2023,21,22,Wind,Winter,2268,340,Wednesday,December
8/29/2025,12,13,Wind,Summer,16980,241,Friday,August
5/24/2022,18,19,Wind,Spring,4509,144,Tuesday,May
9/10/2023,23,0,Wind,Fall,2891,253,Sunday,September
4/14/2025,15,16,Solar,Spring,8284,104,Monday,April
2/14/2025,12,13,Solar,Winter,9622,45,Friday,February
5/24/2025,1,2,Wind,Spring,2417,144,Saturday,May
7/19/2022,10,11,Solar,Summer,6985,200,Tuesday,July
11/30/2023,23,0,Wind,Fall,1459,334,Thursday,November
2/3/2025,0,1,Wind,Winter,1663,34,Monday,February
7/2/2020,17,18,Wind,Summer,6989,184,Thursday,July
3/29/2025,15,16,Wind,Spring,12588,88,Saturday,March
10/20/2025,21,22,Wind,Fall,17019,293,Monday,October
7/11/2020,8,9,Wind,Summer,2387,193,Saturday,July
8/13/2021,10,11,Solar,Summer,3071,225,Friday,August
5/13/2025,19,20,Wind,Spring,3028,133,Tuesday,May
5/28/2022,7,8,Wind,Spring,3736,148,Saturday,May
5/25/2024,19,20,Solar,Spring,2497,146,Saturday,May
3/1/2024,16,17,Wind,Spring,15488,61,Friday,March
2/1/2025,12,13,Solar,Winter,6265,32,Saturday,February
1/29/2020,11,12,Wind,Winter,8656,29,Wednesday,January
6/24/2025,6,7,Wind,Summer,2381,175,Tuesday,June
7/25/2024,19,20,Wind,Summer,3757,207,Thursday,July
12/12/2021,15,16,Wind,Winter,3406,346,Sunday,December
7/30/2023,10,11,Wind,Summer,10162,211,Sunday,July
8/10/2021,12,13,Solar,Summer,5674,222,Tuesday,August
4/19/2023,6,7,Wind,Spring,6801,109,Wednesday,April
9/12/2025,21,22,Wind,Fall,6028,255,Friday,September
3/14/2023,13,14,Wind,Spring,20075,73,Tuesday,March
8/19/2022,13,14,Solar,Summer,8025,231,Friday,August
8/28/2021,16,17,Wind,Summer,9387,240,Saturday,August
3/3/2022,12,13,Solar,Spring,4140,62,Thursday,March
2/19/2020,12,13,Wind,Winter,8496,50,Wednesday,February
3/9/2022,22,23,Wind,Spring,6290,68,Wednesday,March
8/25/2023,10,11,Wind,Summer,7231,237,Friday,August
8/26/2023,18,19,Wind,Summer,3633,238,Saturday,August
1/5/2025,2,3,Wind,Winter,11792,5,Sunday,January
6/15/2023,17,18,Solar,Summer,6607,166,Thursday,June
6/22/2022,10,11,Solar,Summer,4827,173,Wednesday,June
7/28/2021,12,13,Wind,Summer,8959,209,Wednesday,July
8/9/2022,2,3,Wind,Summer,6809,221,Tuesday,August
9/19/2021,0,1,Wind,Fall,3579,262,Sunday,September
6/5/2022,22,23,Wind,Summer,3284,156,Sunday,June
5/17/2021,1,2,Wind,Spring,10855,137,Monday,May
1/6/2024,22,23,Wind,Winter,7362,6,Saturday,January
6/22/2025,8,9,Wind,Summer,4620,173,Sunday,June
5/24/2021,15,16,Wind,Spring,13322,144,Monday,May
12/16/2021,4,5,Wind,Winter,1969,350,Thursday,December
9/9/2021,14,15,Wind,Fall,5286,252,Thursday,September
11/28/2020,23,0,Wind,Fall,4754,333,Saturday,November
6/5/2020,15,16,Wind,Summer,14071,157,Friday,June
11/15/2024,16,17,Wind,Fall,1821,320,Friday,November
9/13/2024,16,17,Solar,Fall,10679,257,Friday,September
7/19/2022,17,18,Wind,Summer,8845,200,Tuesday,July
6/17/2021,2,3,Wind,Summer,4974,168,Thursday,June
2/22/2022,21,22,Wind,Winter,8837,53,Tuesday,February
1/17/2024,20,21,Wind,Winter,7330,17,Wednesday,January
4/8/2022,2,3,Wind,Spring,7881,98,Friday,April
10/30/2022,18,19,Wind,Fall,1624,303,Sunday,October
7/9/2023,9,10,Solar,Summer,4410,190,Sunday,July
6/2/2020,11,12,Solar,Summer,3384,154,Tuesday,June
7/21/2025,4,5,Wind,Summer,10394,202,Monday,July
10/18/2024,18,19,Wind,Fall,2532,292,Friday,October
9/2/2022,22,23,Wind,Fall,1024,245,Friday,September
5/27/2023,14,15,Solar,Spring,5976,147,Saturday,May
3/15/2020,8,9,Wind,Spring,5982,75,Sunday,March
10/23/2024,9,10,Wind,Fall,3405,297,Wednesday,October
12/25/2020,9,10,Wind,Winter,6570,360,Friday,December
3/12/2025,21,22,Wind,Spring,2248,71,Wednesday,March
3/3/2023,21,22,Wind,Spring,5856,62,Friday,March
10/10/2022,22,23,Wind,Fall,2564,283,Monday,October
6/24/2020,8,9,Wind,Summer,3766,176,Wednesday,June
10/26/2020,2,3,Wind,Fall,5700,300,Monday,October
1/10/2022,21,22,Wind,Winter,2603,10,Monday,January
9/3/2024,2,3,Wind,Fall,513,247,Tuesday,September
2/3/2021,7,8,Wind,Winter,9834,34,Wednesday,February
10/5/2020,6,7,Wind,Fall,9314,279,Monday,October
8/18/2021,18,19,Wind,Summer,3918,230,Wednesday,August
7/8/2021,3,4,Wind,Summer,1458,189,Thursday,July
8/20/2022,12,13,Solar,Summer,6090,232,Saturday,August
2/24/2023,13,14,Solar,Winter,6198,55,Friday,February
7/5/2025,9,10,Solar,Summer,6839,186,Saturday,July
1/21/2024,2,3,Wind,Winter,11855,21,Sunday,January
2/27/2021,23,0,Wind,Winter,8380,58,Saturday,February
10/13/2024,5,6,Wind,Fall,2418,287,Sunday,October
6/20/2022,3,4,Wind,Summer,4084,171,Monday,June
12/3/2023,5,6,Wind,Winter,6861,337,Sunday,December
8/4/2021,14,15,Solar,Summer,3337,216,Wednesday,August
7/7/2020,9,10,Solar,Summer,3236,189,Tuesday,July
10/10/2023,15,16,Solar,Fall,6674,283,Tuesday,October
2/11/2020,2,3,Wind,Winter,12337,42,Tuesday,February
7/2/2021,13,14,Solar,Summer,4836,183,Friday,July
8/27/2024,0,1,Wind,Summer,2350,240,Tuesday,August
7/18/2022,19,20,Wind,Summer,3281,199,Monday,July
10/8/2025,18,19,Wind,Fall,2375,281,Wednesday,October
12/6/2023,1,2,Wind,Winter,3323,340,Wednesday,December
9/30/2024,9,10,Wind,Fall,15849,274,Monday,September
5/5/2022,1,2,Wind,Spring,2097,125,Thursday,May
4/17/2020,18,19,Wind,Spring,2983,108,Friday,April
9/29/2020,12,13,Solar,Fall,3747,273,Tuesday,September
3/29/2023,17,18,Wind,Spring,9807,88,Wednesday,March
2/26/2025,5,6,Wind,Winter,7888,57,Wednesday,February
2/1/2025,23,0,Wind,Winter,3977,32,Saturday,February
4/30/2025,6,7,Wind,Spring,3827,120,Wednesday,April
4/23/2021,3,4,Wind,Spring,6116,113,Friday,April
7/11/2022,22,23,Wind,Summer,3652,192,Monday,July
6/26/2020,6,7,Wind,Summer,3199,178,Friday,June
8/2/2025,7,8,Wind,Summer,4482,214,Saturday,August
5/11/2025,17,18,Wind,Spring,4090,131,Sunday,May
11/16/2021,18,19,Wind,Fall,1101,320,Tuesday,November
4/20/2021,19,20,Wind,Spring,1160,110,Tuesday,April
3/24/2022,14,15,Solar,Spring,6833,83,Thursday,March
12/9/2020,7,8,Wind,Winter,2764,344,Wednesday,December
2/21/2020,10,11,Wind,Winter,5295,52,Friday,February
4/5/2025,21,22,Wind,Spring,8059,95,Saturday,April
9/6/2024,0,1,Wind,Fall,764,250,Friday,September
4/5/2025,4,5,Wind,Spring,7492,95,Saturday,April
7/13/2025,0,1,Wind,Summer,4224,194,Sunday,July
3/9/2024,21,22,Wind,Spring,5774,69,Saturday,March
4/7/2023,19,20,Wind,Spring,3276,97,Friday,April
8/2/2022,12,13,Solar,Summer,6726,214,Tuesday,August
6/17/2022,14,15,Solar,Summer,6767,168,Friday,June
8/14/2020,14,15,Solar,Summer,4993,227,Friday,August
12/3/2024,20,21,Wind,Winter,1073,338,Tuesday,December
10/13/2024,22,23,Wind,Fall,2745,287,Sunday,October
8/29/2023,0,1,Wind,Summer,2934,241,Tuesday,August
2/22/2023,4,5,Wind,Winter,3066,53,Wednesday,February
9/8/2021,5,6,Wind,Fall,5438,251,Wednesday,September
5/5/2022,10,11,Solar,Spring,4537,125,Thursday,May
11/4/2022,7,8,Wind,Fall,6522,308,Friday,November
7/16/2021,23,0,Wind,Summer,3250,197,Friday,July
7/23/2022,7,8,Wind,Summer,1348,204,Saturday,July
3/18/2025,15,16,Wind,Spring,14023,77,Tuesday,March
9/21/2023,22,23,Wind,Fall,6683,264,Thursday,September
4/24/2023,9,10,Wind,Spring,7316,114,Monday,April
9/3/2021,7,8,Wind,Fall,2116,246,Friday,September
9/2/2023,23,0,Wind,Fall,4684,245,Saturday,September
10/20/2021,6,7,Wind,Fall,10876,293,Wednesday,October
3/12/2021,23,0,Wind,Spring,13614,71,Friday,March
10/3/2025,6,7,Wind,Fall,5127,276,Friday,October
9/19/2023,23,0,Wind,Fall,6877,262,Tuesday,September
2/17/2020,1,2,Wind,Winter,8444,48,Monday,February
10/17/2022,6,7,Wind,Fall,7788,290,Monday,October
1/5/2022,3,4,Wind,Winter,7616,5,Wednesday,January
7/17/2025,9,10,Solar,Summer,5531,198,Thursday,July
9/22/2021,18,19,Wind,Fall,2088,265,Wednesday,September
6/20/2025,11,12,Solar,Summer,10259,171,Friday,June
2/18/2022,15,16,Wind,Winter,14791,49,Friday,February
4/3/2022,22,23,Wind,Spring,1510,93,Sunday,April
10/16/2020,18,19,Wind,Fall,1636,290,Friday,October
10/6/2022,5,6,Wind,Fall,2090,279,Thursday,October
4/28/2020,23,0,Wind,Spring,4946,119,Tuesday,April
3/13/2023,23,0,Wind,Spring,15758,72,Monday,March
5/26/2020,21,22,Wind,Spring,4408,147,Tuesday,May
9/29/2022,6,7,Wind,Fall,1419,272,Thursday,September
6/29/2025,4,5,Wind,Summer,2696,180,Sunday,June
6/26/2025,12,13,Wind,Summer,14264,177,Thursday,June
5/26/2020,18,19,Wind,Spring,6277,147,Tuesday,May
9/7/2021,17,18,Wind,Fall,6012,250,Tuesday,September
10/16/2020,5,6,Wind,Fall,3142,290,Friday,October
6/20/2025,22,23,Wind,Summer,4161,171,Friday,June
12/2/2020,14,15,Wind,Winter,2577,337,Wednesday,December
4/3/2020,13,14,Solar,Spring,5002,94,Friday,April
6/19/2023,12,13,Solar,Summer,6321,170,Monday,June
7/14/2022,21,22,Wind,Summer,5239,195,Thursday,July
3/17/2021,21,22,Wind,Spring,5437,76,Wednesday,March
12/8/2022,3,4,Wind,Winter,1242,342,Thursday,December
12/12/2020,19,20,Wind,Winter,6484,347,Saturday,December
9/15/2022,18,19,Wind,Fall,3250,258,Thursday,September
11/19/2023,6,7,Wind,Fall,11720,323,Sunday,November
3/8/2024,11,12,Wind,Spring,10265,68,Friday,March
11/13/2025,18,19,Wind,Fall,10591,317,Thursday,November
3/22/2020,21,22,Wind,Spring,9593,82,Sunday,March
5/22/2024,1,2,Wind,Spring,4611,143,Wednesday,May
7/25/2022,23,0,Wind,Summer,5596,206,Monday,July
1/1/2023,1,2,Wind,Winter,11283,1,Sunday,January
12/11/2020,1,2,Wind,Winter,6767,346,Friday,December
7/1/2023,5,6,Wind,Summer,7440,182,Saturday,July
5/3/2021,4,5,Wind,Spring,657,123,Monday,May
8/27/2020,15,16,Wind,Summer,7459,240,Thursday,August
12/27/2023,12,13,Wind,Winter,13912,361,Wednesday,December
4/11/2024,17,18,Solar,Spring,5597,102,Thursday,April
10/1/2021,22,23,Wind,Fall,4034,274,Friday,October
9/23/2025,12,13,Wind,Fall,12969,266,Tuesday,September
3/19/2021,20,21,Wind,Spring,7181,78,Friday,March
12/27/2020,19,20,Wind,Winter,8326,362,Sunday,December
5/10/2021,18,19,Wind,Spring,4506,130,Monday,May
11/3/2020,5,6,Wind,Fall,3252,308,Tuesday,November
11/3/2024,22,23,Wind,Fall,2791,308,Sunday,November
5/9/2021,4,5,Wind,Spring,8251,129,Sunday,May
6/10/2025,9,10,Solar,Summer,7037,161,Tuesday,June
3/6/2024,22,23,Wind,Spring,2314,66,Wednesday,March
11/3/2020,11,12,Wind,Fall,7836,308,Tuesday,November
9/18/2021,7,8,Wind,Fall,1755,261,Saturday,September
5/4/2020,19,20,Wind,Spring,4587,125,Monday,May
2/14/2022,18,19,Wind,Winter,6618,45,Monday,February
10/18/2020,18,19,Wind,Fall,522,292,Sunday,October
11/11/2020,6,7,Wind,Fall,733,316,Wednesday,November
5/13/2024,20,21,Wind,Spring,3925,134,Monday,May
1/14/2025,23,0,Wind,Winter,2984,14,Tuesday,January
8/26/2022,17,18,Solar,Summer,5462,238,Friday,August
6/26/2020,18,19,Wind,Summer,3680,178,Friday,June
4/24/2025,21,22,Wind,Spring,4076,114,Thursday,April
11/24/2025,22,23,Wind,Fall,9801,328,Monday,November
7/13/2023,5,6,Wind,Summer,2155,194,Thursday,July
8/28/2021,6,7,Wind,Summer,3722,240,Saturday,August
9/23/2025,15,16,Wind,Fall,12917,266,Tuesday,September
9/16/2022,10,11,Solar,Fall,4975,259,Friday,September
3/10/2022,17,18,Wind,Spring,4799,69,Thursday,March
6/7/2025,8,9,Wind,Summer,9072,158,Saturday,June
7/25/2025,4,5,Wind,Summer,2111,206,Friday,July
12/14/2020,13,14,Wind,Winter,6019,349,Monday,December
4/21/2021,20,21,Wind,Spring,5054,111,Wednesday,April
10/19/2022,21,22,Wind,Fall,7426,292,Wednesday,October
4/13/2025,13,14,Wind,Spring,4783,103,Sunday,April
11/7/2025,0,1,Wind,Fall,2662,311,Friday,November
8/20/2024,7,8,Wind,Summer,3600,233,Tuesday,August
7/30/2024,21,22,Wind,Summer,2502,212,Tuesday,July
3/7/2023,22,23,Wind,Spring,6916,66,Tuesday,March
12/13/2020,3,4,Wind,Winter,4008,348,Sunday,December
3/17/2023,13,14,Wind,Spring,12263,76,Friday,March
9/11/2023,4,5,Wind,Fall,1317,254,Monday,September
3/12/2023,1,2,Wind,Spring,6082,71,Sunday,March
10/14/2020,18,19,Wind,Fall,5325,288,Wednesday,October
11/6/2025,12,13,Wind,Fall,6278,310,Thursday,November
4/26/2024,16,17,Solar,Spring,5775,117,Friday,April
11/3/2024,3,4,Wind,Fall,3106,308,Sunday,November
6/22/2022,23,0,Wind,Summer,1640,173,Wednesday,June
3/20/2020,23,0,Wind,Spring,8105,80,Friday,March
8/19/2025,19,20,Wind,Summer,4330,231,Tuesday,August
9/28/2021,10,11,Solar,Fall,3345,271,Tuesday,September
8/22/2021,12,13,Wind,Summer,8102,234,Sunday,August
5/4/2024,12,13,Wind,Spring,9129,125,Saturday,May
10/4/2024,3,4,Wind,Fall,4898,278,Friday,October
3/4/2022,23,0,Wind,Spring,3137,63,Friday,March
12/10/2022,19,20,Wind,Winter,1861,344,Saturday,December
1/29/2025,3,4,Wind,Winter,15556,29,Wednesday,January
1/10/2021,10,11,Wind,Winter,4394,10,Sunday,January
11/15/2020,0,1,Wind,Fall,10818,320,Sunday,November
4/18/2020,15,16,Solar,Spring,2973,109,Saturday,April
2/3/2022,5,6,Wind,Winter,2929,34,Thursday,February
9/13/2022,21,22,Wind,Fall,2822,256,Tuesday,September
11/26/2024,17,18,Wind,Fall,3769,331,Tuesday,November
1/27/2021,10,11,Wind,Winter,5277,27,Wednesday,January
8/21/2025,17,18,Wind,Summer,10878,233,Thursday,August
7/11/2025,1,2,Wind,Summer,4862,192,Friday,July
12/31/2022,4,5,Wind,Winter,15764,365,Saturday,December
8/8/2023,10,11,Solar,Summer,7019,220,Tuesday,August
12/29/2020,21,22,Wind,Winter,3155,364,Tuesday,December
9/1/2021,11,12,Wind,Fall,9100,244,Wednesday,September
12/7/2020,5,6,Wind,Winter,910,342,Monday,December
10/4/2025,15,16,Wind,Fall,13739,277,Saturday,October
6/19/2025,5,6,Wind,Summer,4974,170,Thursday,June
9/3/2022,17,18,Wind,Fall,5467,246,Saturday,September
7/1/2024,16,17,Solar,Summer,9539,183,Monday,July
9/18/2021,15,16,Solar,Fall,3777,261,Saturday,September
1/14/2020,12,13,Wind,Winter,14254,14,Tuesday,January
9/20/2021,2,3,Wind,Fall,1783,263,Monday,September
12/11/2021,3,4,Wind,Winter,7886,345,Saturday,December
4/4/2020,21,22,Wind,Spring,5074,95,Saturday,April
11/5/2022,18,19,Wind,Fall,5536,309,Saturday,November
7/26/2021,20,21,Wind,Summer,2420,207,Monday,July
11/26/2022,12,13,Wind,Fall,5590,330,Saturday,November
9/18/2020,13,14,Wind,Fall,6346,262,Friday,September
2/4/2020,16,17,Wind,Winter,11924,35,Tuesday,February
5/14/2024,4,5,Wind,Spring,7995,135,Tuesday,May
7/28/2023,19,20,Wind,Summer,5624,209,Friday,July
6/29/2022,17,18,Solar,Summer,5001,180,Wednesday,June
6/24/2023,23,0,Wind,Summer,2828,175,Saturday,June
5/27/2023,8,9,Wind,Spring,5721,147,Saturday,May
6/16/2025,20,21,Wind,Summer,2901,167,Monday,June
6/10/2023,18,19,Solar,Summer,4468,161,Saturday,June
8/1/2025,8,9,Solar,Summer,3518,213,Friday,August
10/18/2023,2,3,Wind,Fall,10652,291,Wednesday,October
3/18/2020,16,17,Solar,Spring,2387,78,Wednesday,March
3/14/2024,8,9,Wind,Spring,7457,74,Thursday,March
5/16/2025,23,0,Wind,Spring,8373,136,Friday,May
2/18/2023,0,1,Wind,Winter,5548,49,Saturday,February
7/23/2022,16,17,Solar,Summer,6197,204,Saturday,July
8/16/2022,12,13,Solar,Summer,6043,228,Tuesday,August
2/18/2024,12,13,Wind,Winter,14825,49,Sunday,February
12/20/2024,3,4,Wind,Winter,8808,355,Friday,December
10/25/2022,22,23,Wind,Fall,6592,298,Tuesday,October
12/11/2022,21,22,Wind,Winter,1627,345,Sunday,December
11/4/2025,18,19,Wind,Fall,14445,308,Tuesday,November
8/14/2020,0,1,Wind,Summer,2144,227,Friday,August
5/10/2020,13,14,Wind,Spring,2623,131,Sunday,May
3/3/2020,20,21,Wind,Spring,2875,63,Tuesday,March
12/18/2022,0,1,Wind,Winter,4061,352,Sunday,December
10/11/2022,17,18,Solar,Fall,1835,284,Tuesday,October
11/3/2021,16,17,Wind,Fall,3274,307,Wednesday,November
3/3/2023,2,3,Wind,Spring,4064,62,Friday,March
7/30/2022,14,15,Solar,Summer,7363,211,Saturday,July
4/27/2022,19,20,Wind,Spring,6697,117,Wednesday,April
11/8/2025,1,2,Wind,Fall,1793,312,Saturday,November
5/31/2025,3,4,Wind,Spring,879,151,Saturday,May
8/8/2020,13,14,Solar,Summer,4095,221,Saturday,August
5/31/2025,18,19,Solar,Spring,5672,151,Saturday,May
8/16/2025,10,11,Solar,Summer,10645,228,Saturday,August
12/25/2023,14,15,Wind,Winter,14253,359,Monday,December
6/1/2022,19,20,Wind,Summer,2649,152,Wednesday,June
4/13/2023,1,2,Wind,Spring,15743,103,Thursday,April
7/21/2020,22,23,Wind,Summer,5093,203,Tuesday,July
5/1/2020,21,22,Wind,Spring,7037,122,Friday,May
1/1/2024,3,4,Wind,Winter,9309,1,Monday,January
1/16/2024,15,16,Solar,Winter,1871,16,Tuesday,January
7/11/2025,14,15,Solar,Summer,13109,192,Friday,July
6/29/2020,3,4,Wind,Summer,2917,181,Monday,June
1/17/2024,18,19,Wind,Winter,9363,17,Wednesday,January
3/31/2025,10,11,Solar,Spring,9527,90,Monday,March
9/22/2021,3,4,Wind,Fall,2010,265,Wednesday,September
1/3/2021,8,9,Wind,Winter,1604,3,Sunday,January
4/1/2023,15,16,Wind,Spring,16341,91,Saturday,April
2/14/2025,9,10,Wind,Winter,6637,45,Friday,February
9/14/2024,23,0,Wind,Fall,3929,258,Saturday,September
2/9/2023,6,7,Wind,Winter,1172,40,Thursday,February
10/23/2023,4,5,Wind,Fall,5375,296,Monday,October
1/31/2021,6,7,Wind,Winter,3009,31,Sunday,January
2/26/2023,11,12,Wind,Winter,22043,57,Sunday,February
7/25/2025,14,15,Solar,Summer,9373,206,Friday,July
11/23/2024,21,22,Wind,Fall,19031,328,Saturday,November
7/1/2022,22,23,Wind,Summer,845,182,Friday,July
6/6/2021,21,22,Wind,Summer,1802,157,Sunday,June
7/8/2024,8,9,Solar,Summer,3111,190,Monday,July
4/7/2024,23,0,Wind,Spring,4677,98,Sunday,April
5/17/2021,12,13,Wind,Spring,15300,137,Monday,May
3/15/2023,19,20,Wind,Spring,2059,74,Wednesday,March
2/18/2024,0,1,Wind,Winter,5504,49,Sunday,February
3/25/2025,21,22,Wind,Spring,3839,84,Tuesday,March
5/5/2020,8,9,Wind,Spring,5591,126,Tuesday,May
5/3/2025,3,4,Wind,Spring,6936,123,Saturday,May
6/4/2023,23,0,Wind,Summer,6760,155,Sunday,June
9/22/2023,22,23,Wind,Fall,6457,265,Friday,September
5/10/2020,5,6,Wind,Spring,2056,131,Sunday,May
7/11/2020,11,12,Solar,Summer,4885,193,Saturday,July
7/21/2024,0,1,Wind,Summer,3435,203,Sunday,July
7/18/2023,9,10,Solar,Summer,4325,199,Tuesday,July
6/29/2025,1,2,Wind,Summer,3834,180,Sunday,June
5/22/2024,9,10,Wind,Spring,8005,143,Wednesday,May
4/8/2024,22,23,Wind,Spring,9778,99,Monday,April
7/5/2020,1,2,Wind,Summer,7405,187,Sunday,July
1/11/2021,17,18,Wind,Winter,6090,11,Monday,January
2/28/2021,3,4,Wind,Winter,7607,59,Sunday,February
8/13/2024,5,6,Wind,Summer,1209,226,Tuesday,August
5/29/2020,10,11,Solar,Spring,5407,150,Friday,May
2/25/2022,19,20,Wind,Winter,3155,56,Friday,February
8/24/2024,13,14,Wind,Summer,10581,237,Saturday,August
8/19/2023,11,12,Solar,Summer,6990,231,Saturday,August
3/3/2020,7,8,Wind,Spring,4102,63,Tuesday,March
8/17/2021,17,18,Wind,Summer,7713,229,Tuesday,August
3/3/2024,0,1,Wind,Spring,2949,63,Sunday,March
8/30/2020,0,1,Wind,Summer,2869,243,Sunday,August
10/9/2021,2,3,Wind,Fall,3926,282,Saturday,October
5/10/2020,17,18,Wind,Spring,4035,131,Sunday,May
3/27/2020,18,19,Wind,Spring,2867,87,Friday,March
11/11/2023,13,14,Solar,Fall,5880,315,Saturday,November
10/31/2023,1,2,Wind,Fall,7202,304,Tuesday,October
3/15/2025,10,11,Wind,Spring,15859,74,Saturday,March
9/22/2023,14,15,Wind,Fall,13152,265,Friday,September
2/19/2023,9,10,Wind,Winter,5578,50,Sunday,February
5/4/2023,8,9,Wind,Spring,7756,124,Thursday,May
6/13/2021,14,15,Solar,Summer,5069,164,Sunday,June
1/25/2022,9,10,Solar,Winter,1114,25,Tuesday,January
7/8/2023,21,22,Wind,Summer,1136,189,Saturday,July
9/29/2021,6,7,Wind,Fall,6686,272,Wednesday,September
6/26/2020,11,12,Solar,Summer,4861,178,Friday,June
7/26/2022,12,13,Solar,Summer,6546,207,Tuesday,July
6/13/2022,14,15,Solar,Summer,7174,164,Monday,June
7/3/2021,8,9,Wind,Summer,2116,184,Saturday,July
1/14/2024,12,13,Solar,Winter,3571,14,Sunday,January
3/7/2024,8,9,Wind,Spring,7880,67,Thursday,March
6/17/2021,10,11,Wind,Summer,5129,168,Thursday,June
3/17/2025,17,18,Wind,Spring,12710,76,Monday,March
8/20/2023,23,0,Wind,Summer,2891,232,Sunday,August
2/16/2021,7,8,Wind,Winter,10321,47,Tuesday,February
11/13/2022,16,17,Wind,Fall,1605,317,Sunday,November
8/19/2020,18,19,Wind,Summer,5719,232,Wednesday,August
5/19/2024,16,17,Solar,Spring,2867,140,Sunday,May
1/13/2022,20,21,Wind,Winter,2891,13,Thursday,January
6/7/2025,6,7,Wind,Summer,7180,158,Saturday,June
4/18/2021,23,0,Wind,Spring,1954,108,Sunday,April
8/1/2021,5,6,Wind,Summer,2357,213,Sunday,August
4/27/2021,0,1,Wind,Spring,6406,117,Tuesday,April
5/31/2023,9,10,Wind,Spring,7949,151,Wednesday,May
10/3/2023,9,10,Wind,Fall,9763,276,Tuesday,October
5/13/2020,19,20,Wind,Spring,8135,134,Wednesday,May
6/12/2023,22,23,Wind,Summer,2753,163,Monday,June
11/11/2022,4,5,Wind,Fall,2858,315,Friday,November
4/14/2021,13,14,Wind,Spring,8978,104,Wednesday,April
12/16/2023,2,3,Wind,Winter,1986,350,Saturday,December
7/17/2021,22,23,Wind,Summer,4501,198,Saturday,July
4/18/2024,16,17,Solar,Spring,8128,109,Thursday,April
7/19/2025,18,19,Wind,Summer,8795,200,Saturday,July
1/26/2023,6,7,Wind,Winter,2238,26,Thursday,January
8/11/2022,21,22,Wind,Summer,4852,223,Thursday,August
6/21/2024,21,22,Wind,Summer,4798,173,Friday,June
3/22/2023,9,10,Wind,Spring,13652,81,Wednesday,March
8/3/2025,14,15,Solar,Summer,6657,215,Sunday,August
2/13/2020,1,2,Wind,Winter,7835,44,Thursday,February
1/4/2021,8,9,Wind,Winter,1699,4,Monday,January
5/7/2022,11,12,Solar,Spring,6711,127,Saturday,May
7/31/2020,10,11,Solar,Summer,4357,213,Friday,July
5/23/2024,6,7,Wind,Spring,2688,144,Thursday,May
7/11/2021,21,22,Wind,Summer,868,192,Sunday,July
9/26/2025,22,23,Wind,Fall,313,269,Friday,September
5/6/2024,6,7,Wind,Spring,3361,127,Monday,May
9/12/2023,13,14,Solar,Fall,4933,255,Tuesday,September
5/25/2023,20,21,Wind,Spring,7031,145,Thursday,May
11/30/2021,21,22,Wind,Fall,12769,334,Tuesday,November
5/12/2024,17,18,Wind,Spring,6724,133,Sunday,May
11/2/2023,10,11,Wind,Fall,15126,306,Thursday,November
8/5/2023,5,6,Wind,Summer,2691,217,Saturday,August
2/4/2024,23,0,Wind,Winter,7222,35,Sunday,February
6/2/2022,8,9,Wind,Summer,3841,153,Thursday,June
1/29/2021,10,11,Wind,Winter,14856,29,Friday,January
10/11/2021,5,6,Wind,Fall,2918,284,Monday,October
8/15/2024,3,4,Wind,Summer,1492,228,Thursday,August
4/28/2020,1,2,Wind,Spring,2577,119,Tuesday,April
5/8/2020,17,18,Solar,Spring,3383,129,Friday,May
11/26/2023,9,10,Wind,Fall,3686,330,Sunday,November
11/22/2022,23,0,Wind,Fall,8882,326,Tuesday,November
12/9/2020,17,18,Wind,Winter,2329,344,Wednesday,December
4/27/2022,14,15,Solar,Spring,9731,117,Wednesday,April
11/6/2022,7,8,Wind,Fall,8112,310,Sunday,November
6/15/2023,19,20,Wind,Summer,3676,166,Thursday,June
5/8/2022,10,11,Solar,Spring,6177,128,Sunday,May
10/11/2021,0,1,Wind,Fall,3875,284,Monday,October
6/24/2020,4,5,Wind,Summer,4432,176,Wednesday,June
5/9/2021,19,20,Wind,Spring,9742,129,Sunday,May
5/30/2020,19,20,Wind,Spring,4315,151,Saturday,May
11/24/2020,0,1,Wind,Fall,1746,329,Tuesday,November
12/27/2021,10,11,Wind,Winter,8533,361,Monday,December
10/20/2020,7,8,Wind,Fall,10025,294,Tuesday,October
6/8/2025,23,0,Wind,Summer,2194,159,Sunday,June
2/15/2021,8,9,Wind,Winter,10609,46,Monday,February
3/18/2021,19,20,Wind,Spring,3876,77,Thursday,March
5/17/2021,15,16,Wind,Spring,15134,137,Monday,May
1/20/2020,21,22,Wind,Winter,5336,20,Monday,January
4/10/2022,0,1,Wind,Spring,1683,100,Sunday,April
10/15/2025,18,19,Wind,Fall,5526,288,Wednesday,October
1/7/2020,13,14,Wind,Winter,4300,7,Tuesday,January
8/28/2021,5,6,Wind,Summer,3976,240,Saturday,August
12/21/2020,11,12,Wind,Winter,12351,356,Monday,December
10/22/2023,8,9,Wind,Fall,6622,295,Sunday,October
9/13/2023,6,7,Wind,Fall,1142,256,Wednesday,September
3/18/2023,0,1,Wind,Spring,6164,77,Saturday,March
11/11/2022,13,14,Solar,Fall,6121,315,Friday,November
8/4/2020,7,8,Wind,Summer,1848,217,Tuesday,August
9/24/2021,19,20,Wind,Fall,811,267,Friday,September
4/6/2023,17,18,Wind,Spring,9974,96,Thursday,April
1/24/2025,12,13,Wind,Winter,20266,24,Friday,January
2/27/2024,7,8,Wind,Winter,11863,58,Tuesday,February
7/13/2024,2,3,Wind,Summer,1314,195,Saturday,July
10/16/2025,18,19,Wind,Fall,4569,289,Thursday,October
1/19/2023,0,1,Wind,Winter,3941,19,Thursday,January
10/29/2020,12,13,Wind,Fall,8304,303,Thursday,October
4/13/2023,10,11,Wind,Spring,12488,103,Thursday,April
11/16/2020,12,13,Wind,Fall,8614,321,Monday,November
7/29/2023,18,19,Wind,Summer,9214,210,Saturday,July
11/12/2025,22,23,Wind,Fall,13981,316,Wednesday,November
10/26/2025,5,6,Wind,Fall,9488,299,Sunday,October
10/2/2025,13,14,Solar,Fall,10562,275,Thursday,October
9/1/2020,16,17,Solar,Fall,4322,245,Tuesday,September
9/19/2024,7,8,Wind,Fall,8099,263,Thursday,September
5/15/2021,4,5,Wind,Spring,4140,135,Saturday,May
2/13/2021,18,19,Wind,Winter,6179,44,Saturday,February
8/20/2023,3,4,Wind,Summer,1018,232,Sunday,August
3/17/2025,9,10,Solar,Spring,9414,76,Monday,March
4/15/2023,19,20,Wind,Spring,10025,105,Saturday,April
10/6/2022,6,7,Wind,Fall,1907,279,Thursday,October
12/20/2023,1,2,Wind,Winter,8716,354,Wednesday,December
4/20/2025,21,22,Wind,Spring,3971,110,Sunday,April
11/28/2024,6,7,Wind,Fall,2505,333,Thursday,November
9/7/2025,5,6,Wind,Fall,6061,250,Sunday,September
8/19/2024,14,15,Solar,Summer,9521,232,Monday,August
11/20/2022,17,18,Wind,Fall,9046,324,Sunday,November
2/9/2021,3,4,Wind,Winter,2115,40,Tuesday,February
5/10/2021,16,17,Wind,Spring,7215,130,Monday,May
12/23/2020,0,1,Wind,Winter,7054,358,Wednesday,December
9/12/2020,12,13,Solar,Fall,4331,256,Saturday,September
10/11/2024,5,6,Wind,Fall,622,285,Friday,October
1/21/2024,16,17,Wind,Winter,14424,21,Sunday,January
6/30/2023,15,16,Wind,Summer,9841,181,Friday,June
2/17/2023,2,3,Wind,Winter,7016,48,Friday,February
8/3/2023,15,16,Wind,Summer,12675,215,Thursday,August
12/28/2023,20,21,Wind,Winter,13984,362,Thursday,December
5/10/2020,12,13,Wind,Spring,2636,131,Sunday,May
11/3/2025,18,19,Wind,Fall,8937,307,Monday,November
2/3/2025,21,22,Wind,Winter,1946,34,Monday,February
2/24/2024,0,1,Wind,Winter,6656,55,Saturday,February
9/6/2020,0,1,Wind,Fall,2406,250,Sunday,September
8/19/2020,14,15,Wind,Summer,7727,232,Wednesday,August
2/22/2021,20,21,Wind,Winter,5302,53,Monday,February
9/6/2021,11,12,Solar,Fall,4607,249,Monday,September
4/5/2024,7,8,Wind,Spring,14615,96,Friday,April
12/24/2020,7,8,Wind,Winter,11043,359,Thursday,December
4/11/2023,21,22,Wind,Spring,8468,101,Tuesday,April
5/6/2025,23,0,Wind,Spring,9254,126,Tuesday,May
3/10/2023,19,20,Wind,Spring,6183,69,Friday,March
7/27/2024,13,14,Solar,Summer,6448,209,Saturday,July
8/15/2022,9,10,Wind,Summer,4944,227,Monday,August
1/24/2024,8,9,Wind,Winter,15725,24,Wednesday,January
6/11/2024,6,7,Wind,Summer,1917,163,Tuesday,June
10/5/2024,20,21,Wind,Fall,7671,279,Saturday,October
5/22/2020,6,7,Wind,Spring,3939,143,Friday,May
12/31/2021,0,1,Wind,Winter,5685,365,Friday,December
7/26/2025,4,5,Wind,Summer,2368,207,Saturday,July
1/25/2020,11,12,Solar,Winter,2622,25,Saturday,January
11/30/2021,8,9,Wind,Fall,11135,334,Tuesday,November
6/2/2022,20,21,Wind,Summer,2050,153,Thursday,June
12/12/2024,21,22,Wind,Winter,3531,347,Thursday,December
8/25/2024,16,17,Solar,Summer,4862,238,Sunday,August
1/2/2020,12,13,Wind,Winter,4169,2,Thursday,January
9/7/2023,5,6,Wind,Fall,2215,250,Thursday,September
7/17/2023,21,22,Wind,Summer,1150,198,Monday,July
6/4/2025,11,12,Solar,Summer,6538,155,Wednesday,June
9/12/2022,23,0,Wind,Fall,2700,255,Monday,September
9/16/2020,0,1,Wind,Fall,800,260,Wednesday,September
4/6/2020,14,15,Wind,Spring,6087,97,Monday,April
3/6/2022,21,22,Wind,Spring,7693,65,Sunday,March
12/20/2022,5,6,Wind,Winter,13622,354,Tuesday,December
3/19/2023,18,19,Wind,Spring,3522,78,Sunday,March
5/14/2021,22,23,Wind,Spring,3321,134,Friday,May
3/19/2022,20,21,Wind,Spring,9623,78,Saturday,March
4/15/2023,11,12,Wind,Spring,12042,105,Saturday,April
11/10/2020,0,1,Wind,Fall,1153,315,Tuesday,November
10/8/2025,4,5,Wind,Fall,584,281,Wednesday,October
7/29/2025,19,20,Wind,Summer,5792,210,Tuesday,July
10/8/2021,2,3,Wind,Fall,3432,281,Friday,October
3/11/2022,18,19,Wind,Spring,10430,70,Friday,March
10/7/2025,17,18,Solar,Fall,3781,280,Tuesday,October
2/26/2025,16,17,Wind,Winter,15275,57,Wednesday,February
1/27/2023,20,21,Wind,Winter,7462,27,Friday,January
7/4/2024,1,2,Wind,Summer,6505,186,Thursday,July
8/27/2025,5,6,Wind,Summer,2086,239,Wednesday,August
4/13/2020,3,4,Wind,Spring,3469,104,Monday,April
11/3/2020,0,1,Wind,Fall,3597,308,Tuesday,November
4/21/2025,20,21,Wind,Spring,3158,111,Monday,April
4/13/2021,18,19,Wind,Spring,4444,103,Tuesday,April
11/14/2024,23,0,Wind,Fall,3238,319,Thursday,November
3/1/2022,2,3,Wind,Spring,2865,60,Tuesday,March
3/20/2023,20,21,Wind,Spring,1690,79,Monday,March
7/15/2024,12,13,Solar,Summer,8737,197,Monday,July
7/27/2025,2,3,Wind,Summer,2172,208,Sunday,July
8/5/2022,4,5,Wind,Summer,2957,217,Friday,August
12/10/2024,10,11,Wind,Winter,10560,345,Tuesday,December
12/19/2023,20,21,Wind,Winter,11260,353,Tuesday,December
8/11/2022,8,9,Wind,Summer,4398,223,Thursday,August
7/15/2021,6,7,Wind,Summer,7253,196,Thursday,July
3/29/2025,16,17,Wind,Spring,11249,88,Saturday,March
9/5/2025,20,21,Wind,Fall,687,248,Friday,September
11/11/2025,7,8,Wind,Fall,8058,315,Tuesday,November
6/18/2024,17,18,Solar,Summer,6244,170,Tuesday,June
4/4/2020,0,1,Wind,Spring,996,95,Saturday,April
3/31/2024,11,12,Wind,Spring,10457,91,Sunday,March
8/2/2022,21,22,Wind,Summer,957,214,Tuesday,August
7/20/2025,1,2,Wind,Summer,4506,201,Sunday,July
8/3/2023,1,2,Wind,Summer,14771,215,Thursday,August
7/12/2025,11,12,Solar,Summer,9607,193,Saturday,July
1/26/2020,21,22,Wind,Winter,8371,26,Sunday,January
5/16/2022,8,9,Wind,Spring,5803,136,Monday,May
5/23/2021,0,1,Wind,Spring,5905,143,Sunday,May
3/18/2021,2,3,Wind,Spring,3524,77,Thursday,March
2/4/2021,1,2,Wind,Winter,5125,35,Thursday,February
6/10/2020,22,23,Wind,Summer,731,162,Wednesday,June
7/9/2023,18,19,Solar,Summer,4652,190,Sunday,July
8/13/2023,5,6,Wind,Summer,931,225,Sunday,August
3/20/2025,0,1,Wind,Spring,6946,79,Thursday,March
8/8/2023,3,4,Wind,Summer,1820,220,Tuesday,August
7/3/2023,14,15,Wind,Summer,11480,184,Monday,July
9/30/2023,1,2,Wind,Fall,663,273,Saturday,September
1/10/2020,22,23,Wind,Winter,1571,10,Friday,January
12/30/2024,12,13,Solar,Winter,3281,365,Monday,December
5/2/2021,18,19,Solar,Spring,3016,122,Sunday,May
8/7/2021,18,19,Wind,Summer,11586,219,Saturday,August
5/28/2021,0,1,Wind,Spring,2572,148,Friday,May
5/16/2022,11,12,Solar,Spring,7699,136,Monday,May
1/4/2020,23,0,Wind,Winter,1931,4,Saturday,January
11/8/2020,8,9,Wind,Fall,3916,313,Sunday,November
7/27/2023,7,8,Wind,Summer,9065,208,Thursday,July
9/10/2024,0,1,Wind,Fall,4683,254,Tuesday,September
3/19/2021,6,7,Wind,Spring,5907,78,Friday,March
2/28/2020,3,4,Wind,Winter,2643,59,Friday,February
5/18/2023,0,1,Wind,Spring,7850,138,Thursday,May
4/20/2020,3,4,Wind,Spring,5296,111,Monday,April
4/9/2020,6,7,Wind,Spring,723,100,Thursday,April
5/3/2025,13,14,Solar,Spring,5971,123,Saturday,May
7/30/2025,3,4,Wind,Summer,1452,211,Wednesday,July
4/28/2020,4,5,Wind,Spring,3067,119,Tuesday,April
2/26/2023,21,22,Wind,Winter,14492,57,Sunday,February
4/11/2021,14,15,Wind,Spring,7658,101,Sunday,April
5/8/2024,14,15,Solar,Spring,9558,129,Wednesday,May
4/8/2020,8,9,Wind,Spring,2303,99,Wednesday,April
7/4/2021,4,5,Wind,Summer,862,185,Sunday,July
1/28/2025,17,18,Wind,Winter,19004,28,Tuesday,January
11/14/2020,19,20,Wind,Fall,11103,319,Saturday,November
7/21/2020,0,1,Wind,Summer,4876,203,Tuesday,July
10/4/2022,1,2,Wind,Fall,1416,277,Tuesday,October
8/4/2024,17,18,Solar,Summer,6580,217,Sunday,August
1/2/2020,23,0,Wind,Winter,6857,2,Thursday,January
7/10/2021,20,21,Wind,Summer,2043,191,Saturday,July
2/26/2022,21,22,Wind,Winter,9716,57,Saturday,February
11/29/2022,17,18,Wind,Fall,1111,333,Tuesday,November
6/8/2025,7,8,Wind,Summer,8306,159,Sunday,June
4/5/2022,18,19,Wind,Spring,8495,95,Tuesday,April
3/10/2024,7,8,Wind,Spring,2181,70,Sunday,March
8/23/2020,19,20,Wind,Summer,4332,236,Sunday,August
11/24/2020,3,4,Wind,Fall,1768,329,Tuesday,November
7/23/2024,5,6,Wind,Summer,5404,205,Tuesday,July
5/23/2024,2,3,Wind,Spring,2979,144,Thursday,May
4/16/2023,5,6,Wind,Spring,5054,106,Sunday,April
6/6/2025,13,14,Wind,Summer,7339,157,Friday,June
1/19/2024,2,3,Wind,Winter,2193,19,Friday,January
12/17/2023,15,16,Solar,Winter,3018,351,Sunday,December
3/21/2025,18,19,Wind,Spring,8152,80,Friday,March
9/6/2020,2,3,Wind,Fall,1961,250,Sunday,September
12/4/2020,2,3,Wind,Winter,12264,339,Friday,December
7/17/2024,10,11,Solar,Summer,6067,199,Wednesday,July
10/1/2025,13,14,Solar,Fall,10058,274,Wednesday,October
3/30/2021,11,12,Solar,Spring,4810,89,Tuesday,March
5/24/2024,23,0,Wind,Spring,703,145,Friday,May
2/16/2023,11,12,Solar,Winter,7999,47,Thursday,February
11/2/2025,22,23,Wind,Fall,8643,306,Sunday,November
7/31/2024,21,22,Wind,Summer,1578,213,Wednesday,July
12/31/2024,8,9,Wind,Winter,4218,366,Tuesday,December
1/12/2023,5,6,Wind,Winter,15968,12,Thursday,January
3/9/2024,0,1,Wind,Spring,11075,69,Saturday,March
4/21/2025,6,7,Wind,Spring,3806,111,Monday,April
6/19/2022,16,17,Wind,Summer,12018,170,Sunday,June
3/24/2022,9,10,Solar,Spring,4911,83,Thursday,March
12/6/2023,14,15,Solar,Winter,3145,340,Wednesday,December
10/22/2020,15,16,Wind,Fall,4372,296,Thursday,October
9/1/2022,3,4,Wind,Fall,3514,244,Thursday,September
2/17/2023,6,7,Wind,Winter,7645,48,Friday,February
6/14/2025,19,20,Wind,Summer,4111,165,Saturday,June
9/28/2025,15,16,Solar,Fall,5298,271,Sunday,September
11/4/2025,11,12,Wind,Fall,13899,308,Tuesday,November
7/5/2021,12,13,Solar,Summer,7806,186,Monday,July
2/21/2022,3,4,Wind,Winter,14976,52,Monday,February
11/17/2025,20,21,Wind,Fall,5188,321,Monday,November
8/23/2024,7,8,Wind,Summer,11855,236,Friday,August
3/31/2022,13,14,Wind,Spring,11938,90,Thursday,March
9/28/2021,17,18,Wind,Fall,3222,271,Tuesday,September
6/24/2024,4,5,Wind,Summer,2733,176,Monday,June
9/3/2021,22,23,Wind,Fall,1704,246,Friday,September
10/3/2022,19,20,Wind,Fall,1114,276,Monday,October
8/22/2022,5,6,Wind,Summer,1373,234,Monday,August
2/27/2022,4,5,Wind,Winter,8949,58,Sunday,February
6/28/2022,23,0,Wind,Summer,1723,179,Tuesday,June
8/22/2025,0,1,Wind,Summer,6431,234,Friday,August
5/5/2023,18,19,Solar,Spring,4662,125,Friday,May
3/19/2022,13,14,Wind,Spring,12710,78,Saturday,March
4/18/2021,9,10,Solar,Spring,3757,108,Sunday,April
7/11/2025,17,18,Solar,Summer,11291,192,Friday,July
9/4/2025,19,20,Wind,Fall,8069,247,Thursday,September
10/21/2022,14,15,Wind,Fall,9441,294,Friday,October
7/27/2020,10,11,Wind,Summer,6801,209,Monday,July
7/9/2020,16,17,Wind,Summer,7247,191,Thursday,July
6/19/2023,16,17,Solar,Summer,4302,170,Monday,June
8/13/2020,7,8,Wind,Summer,1791,226,Thursday,August
9/21/2023,23,0,Wind,Fall,7242,264,Thursday,September
7/25/2022,10,11,Wind,Summer,8474,206,Monday,July
11/27/2023,18,19,Wind,Fall,11622,331,Monday,November
4/9/2022,10,11,Solar,Spring,5360,99,Saturday,April
11/2/2022,5,6,Wind,Fall,6705,306,Wednesday,November
8/17/2022,5,6,Wind,Summer,1436,229,Wednesday,August
4/20/2021,7,8,Wind,Spring,703,110,Tuesday,April
8/15/2024,6,7,Wind,Summer,1268,228,Thursday,August
7/11/2022,6,7,Wind,Summer,3830,192,Monday,July
7/2/2022,2,3,Wind,Summer,670,183,Saturday,July
5/24/2021,5,6,Wind,Spring,8343,144,Monday,May
2/24/2023,9,10,Wind,Winter,5199,55,Friday,February
4/14/2021,15,16,Wind,Spring,9278,104,Wednesday,April
4/12/2025,22,23,Wind,Spring,8931,102,Saturday,April
12/22/2022,10,11,Wind,Winter,12428,356,Thursday,December
1/18/2024,2,3,Wind,Winter,7810,18,Thursday,January
5/31/2024,16,17,Wind,Spring,7089,152,Friday,May
9/9/2021,13,14,Wind,Fall,5141,252,Thursday,September
4/13/2025,12,13,Wind,Spring,4906,103,Sunday,April
3/23/2024,22,23,Wind,Spring,9137,83,Saturday,March
2/26/2025,23,0,Wind,Winter,8535,57,Wednesday,February
8/3/2022,0,1,Wind,Summer,1047,215,Wednesday,August
4/7/2025,22,23,Wind,Spring,5598,97,Monday,April
9/15/2021,12,13,Solar,Fall,3974,258,Wednesday,September
3/26/2023,3,4,Wind,Spring,9201,85,Sunday,March
2/19/2020,5,6,Wind,Winter,8999,50,Wednesday,February
9/14/2020,9,10,Wind,Fall,3828,258,Monday,September
7/23/2022,23,0,Wind,Summer,1099,204,Saturday,July
6/4/2021,8,9,Wind,Summer,2095,155,Friday,June
4/12/2020,2,3,Wind,Spring,748,103,Sunday,April
1/2/2021,3,4,Wind,Winter,1281,2,Saturday,January
5/16/2025,20,21,Wind,Spring,7218,136,Friday,May
1/28/2024,5,6,Wind,Winter,8152,28,Sunday,January
10/2/2021,16,17,Wind,Fall,14843,275,Saturday,October
9/18/2020,10,11,Wind,Fall,5286,262,Friday,September
11/24/2020,21,22,Wind,Fall,6481,329,Tuesday,November
12/21/2022,12,13,Wind,Winter,10235,355,Wednesday,December
7/19/2021,2,3,Wind,Summer,5773,200,Monday,July
6/29/2022,10,11,Solar,Summer,5357,180,Wednesday,June
12/22/2023,12,13,Wind,Winter,19987,356,Friday,December
12/4/2024,12,13,Solar,Winter,6363,339,Wednesday,December
2/21/2021,13,14,Wind,Winter,8829,52,Sunday,February
6/20/2022,2,3,Wind,Summer,5728,171,Monday,June
11/19/2020,23,0,Wind,Fall,3854,324,Thursday,November
11/10/2025,13,14,Wind,Fall,12666,314,Monday,November
12/20/2024,8,9,Wind,Winter,5569,355,Friday,December
5/11/2025,12,13,Solar,Spring,3967,131,Sunday,May
11/18/2024,2,3,Wind,Fall,8530,323,Monday,November
3/3/2025,11,12,Solar,Spring,8311,62,Monday,March
12/28/2021,22,23,Wind,Winter,12013,362,Tuesday,December
10/31/2021,4,5,Wind,Fall,6221,304,Sunday,October
12/5/2020,21,22,Wind,Winter,5385,340,Saturday,December
5/12/2024,8,9,Wind,Spring,4245,133,Sunday,May
4/15/2022,22,23,Wind,Spring,5750,105,Friday,April
12/22/2024,9,10,Wind,Winter,19398,357,Sunday,December
2/5/2021,14,15,Wind,Winter,3021,36,Friday,February
7/12/2022,14,15,Solar,Summer,6997,193,Tuesday,July
6/15/2020,23,0,Wind,Summer,2022,167,Monday,June
10/23/2023,9,10,Wind,Fall,8658,296,Monday,October
2/2/2023,8,9,Wind,Winter,6057,33,Thursday,February
7/28/2024,14,15,Solar,Summer,5654,210,Sunday,July
10/9/2024,13,14,Wind,Fall,12421,283,Wednesday,October
2/15/2023,10,11,Solar,Winter,6270,46,Wednesday,February
11/18/2021,14,15,Solar,Fall,3326,322,Thursday,November
6/28/2022,19,20,Wind,Summer,3348,179,Tuesday,June
1/12/2024,1,2,Wind,Winter,6624,12,Friday,January
6/16/2020,5,6,Wind,Summer,1461,168,Tuesday,June
7/7/2020,7,8,Wind,Summer,1906,189,Tuesday,July
9/12/2022,10,11,Solar,Fall,4987,255,Monday,September
6/6/2023,14,15,Solar,Summer,8282,157,Tuesday,June
12/31/2023,16,17,Wind,Winter,17690,365,Sunday,December
2/22/2025,3,4,Wind,Winter,10776,53,Saturday,February
2/12/2020,23,0,Wind,Winter,5618,43,Wednesday,February
7/27/2025,4,5,Wind,Summer,1887,208,Sunday,July
10/28/2023,8,9,Wind,Fall,12258,301,Saturday,October
5/22/2025,14,15,Solar,Spring,6175,142,Thursday,May
12/23/2024,2,3,Wind,Winter,17302,358,Monday,December
8/17/2025,22,23,Wind,Summer,7604,229,Sunday,August
4/23/2024,3,4,Wind,Spring,4610,114,Tuesday,April
3/26/2021,17,18,Wind,Spring,9646,85,Friday,March
12/4/2021,15,16,Wind,Winter,12295,338,Saturday,December
2/12/2021,15,16,Wind,Winter,9320,43,Friday,February
8/8/2023,21,22,Wind,Summer,2130,220,Tuesday,August
1/20/2021,0,1,Wind,Winter,11737,20,Wednesday,January
8/15/2025,9,10,Solar,Summer,6084,227,Friday,August
3/31/2025,6,7,Wind,Spring,5157,90,Monday,March
11/11/2022,2,3,Wind,Fall,2683,315,Friday,November
7/9/2022,18,19,Wind,Summer,8525,190,Saturday,July
9/5/2023,0,1,Wind,Fall,7414,248,Tuesday,September
11/19/2022,10,11,Solar,Fall,4418,323,Saturday,November
10/23/2023,17,18,Wind,Fall,5596,296,Monday,October
1/13/2023,1,2,Wind,Winter,13913,13,Friday,January
4/21/2020,23,0,Wind,Spring,4642,112,Tuesday,April
12/19/2020,11,12,Wind,Winter,10820,354,Saturday,December
1/6/2021,6,7,Wind,Winter,1187,6,Wednesday,January
6/12/2025,3,4,Wind,Summer,6737,163,Thursday,June
6/1/2020,16,17,Solar,Summer,4570,153,Monday,June
12/29/2020,22,23,Wind,Winter,3005,364,Tuesday,December
3/8/2023,9,10,Wind,Spring,13908,67,Wednesday,March
2/19/2020,2,3,Wind,Winter,11122,50,Wednesday,February
7/30/2023,20,21,Wind,Summer,7195,211,Sunday,July
1/23/2025,6,7,Wind,Winter,5894,23,Thursday,January
5/11/2025,19,20,Wind,Spring,4469,131,Sunday,May
7/15/2020,18,19,Wind,Summer,3632,197,Wednesday,July
4/23/2021,16,17,Wind,Spring,8565,113,Friday,April
7/2/2023,18,19,Wind,Summer,6804,183,Sunday,July
4/13/2022,22,23,Wind,Spring,1032,103,Wednesday,April
12/14/2021,23,0,Wind,Winter,1053,348,Tuesday,December
1/22/2021,18,19,Wind,Winter,4478,22,Friday,January
12/30/2024,14,15,Solar,Winter,2676,365,Monday,December
1/19/2020,7,8,Wind,Winter,5048,19,Sunday,January
1/8/2021,0,1,Wind,Winter,1507,8,Friday,January
8/3/2023,12,13,Wind,Summer,13262,215,Thursday,August
10/25/2025,4,5,Wind,Fall,13923,298,Saturday,October
5/13/2023,7,8,Wind,Spring,4856,133,Saturday,May
7/21/2023,22,23,Wind,Summer,3097,202,Friday,July
10/3/2024,1,2,Wind,Fall,4843,277,Thursday,October
3/30/2023,23,0,Wind,Spring,12402,89,Thursday,March
7/8/2022,12,13,Solar,Summer,8283,189,Friday,July
8/18/2021,1,2,Wind,Summer,2488,230,Wednesday,August
6/29/2023,5,6,Wind,Summer,748,180,Thursday,June
5/28/2021,23,0,Wind,Spring,3329,148,Friday,May
5/11/2024,7,8,Wind,Spring,4906,132,Saturday,May
4/8/2022,19,20,Wind,Spring,9607,98,Friday,April
7/27/2025,21,22,Wind,Summer,4242,208,Sunday,July
10/14/2023,11,12,Solar,Fall,5525,287,Saturday,October
10/12/2020,11,12,Solar,Fall,3848,286,Monday,October
1/18/2025,23,0,Wind,Winter,1679,18,Saturday,January
5/31/2023,12,13,Wind,Spring,12628,151,Wednesday,May
9/21/2021,16,17,Solar,Fall,4522,264,Tuesday,September
11/21/2023,21,22,Wind,Fall,6769,325,Tuesday,November
4/12/2024,12,13,Solar,Spring,8049,103,Friday,April
3/17/2024,9,10,Wind,Spring,6278,77,Sunday,March
4/5/2024,4,5,Wind,Spring,10352,96,Friday,April
11/1/2022,20,21,Wind,Fall,12061,305,Tuesday,November
5/27/2024,21,22,Wind,Spring,2538,148,Monday,May
7/15/2021,4,5,Wind,Summer,7756,196,Thursday,July
3/5/2024,15,16,Wind,Spring,8619,65,Tuesday,March
10/10/2025,13,14,Solar,Fall,9343,283,Friday,October
6/21/2023,11,12,Solar,Summer,4377,172,Wednesday,June
10/29/2023,10,11,Wind,Fall,15308,302,Sunday,October
5/21/2020,17,18,Solar,Spring,2989,142,Thursday,May
6/10/2023,0,1,Wind,Summer,3204,161,Saturday,June
8/20/2025,4,5,Wind,Summer,3073,232,Wednesday,August
4/16/2024,0,1,Wind,Spring,13826,107,Tuesday,April
3/5/2025,17,18,Solar,Spring,3558,64,Wednesday,March
11/15/2025,14,15,Solar,Fall,5714,319,Saturday,November
3/12/2022,21,22,Wind,Spring,9414,71,Saturday,March
6/4/2024,3,4,Wind,Summer,456,156,Tuesday,June
7/28/2020,17,18,Wind,Summer,6769,210,Tuesday,July
11/6/2021,21,22,Wind,Fall,6134,310,Saturday,November
4/25/2025,1,2,Wind,Spring,3293,115,Friday,April
7/25/2021,5,6,Wind,Summer,2988,206,Sunday,July
11/1/2022,12,13,Wind,Fall,15812,305,Tuesday,November
11/10/2024,19,20,Wind,Fall,1932,315,Sunday,November
4/19/2021,5,6,Wind,Spring,1278,109,Monday,April
3/29/2021,11,12,Solar,Spring,5469,88,Monday,March
3/12/2021,4,5,Wind,Spring,9635,71,Friday,March
6/7/2025,23,0,Wind,Summer,12317,158,Saturday,June
9/2/2023,22,23,Wind,Fall,4625,245,Saturday,September
10/27/2023,20,21,Wind,Fall,9132,300,Friday,October
8/10/2021,22,23,Wind,Summer,590,222,Tuesday,August
9/29/2021,8,9,Wind,Fall,7118,272,Wednesday,September
5/31/2022,18,19,Wind,Spring,5487,151,Tuesday,May
6/25/2021,4,5,Wind,Summer,1451,176,Friday,June
5/27/2022,11,12,Solar,Spring,6179,147,Friday,May
3/3/2024,22,23,Wind,Spring,5144,63,Sunday,March
12/7/2022,2,3,Wind,Winter,2507,341,Wednesday,December
8/17/2021,21,22,Wind,Summer,3684,229,Tuesday,August
3/24/2020,16,17,Wind,Spring,6133,84,Tuesday,March
10/12/2025,18,19,Wind,Fall,5244,285,Sunday,October
7/24/2023,17,18,Wind,Summer,11156,205,Monday,July
7/8/2024,11,12,Solar,Summer,8159,190,Monday,July
7/16/2022,14,15,Solar,Summer,8810,197,Saturday,July
4/1/2024,1,2,Wind,Spring,4949,92,Monday,April
1/14/2024,18,19,Wind,Winter,1253,14,Sunday,January
1/8/2020,13,14,Wind,Winter,4927,8,Wednesday,January
11/12/2021,4,5,Wind,Fall,1575,316,Friday,November
11/19/2024,13,14,Wind,Fall,20597,324,Tuesday,November
8/17/2020,2,3,Wind,Summer,1750,230,Monday,August
6/11/2023,19,20,Wind,Summer,4575,162,Sunday,June
8/21/2025,20,21,Wind,Summer,7365,233,Thursday,August
8/26/2021,4,5,Wind,Summer,2542,238,Thursday,August
9/10/2020,19,20,Wind,Fall,1247,254,Thursday,September
7/13/2021,23,0,Wind,Summer,5065,194,Tuesday,July
4/5/2022,19,20,Wind,Spring,7386,95,Tuesday,April
6/13/2020,1,2,Wind,Summer,3366,165,Saturday,June
10/18/2023,17,18,Wind,Fall,14535,291,Wednesday,October
8/22/2020,10,11,Wind,Summer,9129,235,Saturday,August
8/3/2021,2,3,Wind,Summer,1153,215,Tuesday,August
7/23/2023,17,18,Wind,Summer,12004,204,Sunday,July
7/2/2021,8,9,Solar,Summer,1628,183,Friday,July
6/3/2022,15,16,Solar,Summer,5923,154,Friday,June
12/4/2021,8,9,Wind,Winter,8370,338,Saturday,December
10/9/2023,14,15,Solar,Fall,6407,282,Monday,October
9/15/2021,11,12,Solar,Fall,3648,258,Wednesday,September
6/18/2021,7,8,Wind,Summer,3517,169,Friday,June
9/10/2025,1,2,Wind,Fall,3815,253,Wednesday,September
4/11/2020,9,10,Solar,Spring,2530,102,Saturday,April
1/26/2024,1,2,Wind,Winter,7990,26,Friday,January
3/27/2025,4,5,Wind,Spring,3169,86,Thursday,March
9/21/2025,6,7,Wind,Fall,3184,264,Sunday,September
7/13/2024,20,21,Solar,Summer,1101,195,Saturday,July
11/14/2021,3,4,Wind,Fall,2421,318,Sunday,November
7/1/2022,23,0,Wind,Summer,863,182,Friday,July
7/10/2023,3,4,Wind,Summer,1054,191,Monday,July
11/23/2022,20,21,Wind,Fall,12891,327,Wednesday,November
12/12/2024,15,16,Wind,Winter,3478,347,Thursday,December
4/27/2025,19,20,Wind,Spring,2748,117,Sunday,April
1/17/2023,16,17,Wind,Winter,4665,17,Tuesday,January
4/3/2022,1,2,Wind,Spring,5119,93,Sunday,April
10/18/2020,4,5,Wind,Fall,672,292,Sunday,October
10/11/2021,17,18,Wind,Fall,4388,284,Monday,October
11/16/2023,16,17,Wind,Fall,13386,320,Thursday,November
3/9/2025,3,4,Wind,Spring,9672,68,Sunday,March
12/31/2022,12,13,Wind,Winter,17332,365,Saturday,December
8/16/2023,13,14,Solar,Summer,6675,228,Wednesday,August
1/6/2021,19,20,Wind,Winter,495,6,Wednesday,January
2/8/2025,9,10,Wind,Winter,8261,39,Saturday,February
9/26/2022,7,8,Wind,Fall,6086,269,Monday,September
11/10/2025,0,1,Wind,Fall,6004,314,Monday,November
2/1/2020,18,19,Wind,Winter,10703,32,Saturday,February
4/22/2022,18,19,Wind,Spring,4256,112,Friday,April
1/24/2023,21,22,Wind,Winter,2611,24,Tuesday,January
5/5/2025,7,8,Wind,Spring,9361,125,Monday,May
5/8/2020,12,13,Solar,Spring,4778,129,Friday,May
6/16/2021,8,9,Solar,Summer,2085,167,Wednesday,June
2/16/2020,22,23,Wind,Winter,11230,47,Sunday,February
7/4/2023,10,11,Solar,Summer,5603,185,Tuesday,July
10/26/2023,15,16,Wind,Fall,6529,299,Thursday,October
2/28/2024,3,4,Wind,Winter,3223,59,Wednesday,February
11/29/2022,10,11,Solar,Fall,2249,333,Tuesday,November
1/6/2020,20,21,Wind,Winter,6469,6,Monday,January
11/9/2025,4,5,Wind,Fall,2430,313,Sunday,November
5/12/2024,6,7,Wind,Spring,3904,133,Sunday,May
4/30/2021,22,23,Wind,Spring,1359,120,Friday,April
8/27/2023,4,5,Wind,Summer,2263,239,Sunday,August
7/27/2024,9,10,Solar,Summer,3124,209,Saturday,July
9/26/2025,12,13,Solar,Fall,5213,269,Friday,September
4/1/2022,3,4,Wind,Spring,9699,91,Friday,April
5/12/2020,12,13,Wind,Spring,5747,133,Tuesday,May
10/7/2024,16,17,Wind,Fall,7311,281,Monday,October
6/30/2022,13,14,Solar,Summer,4931,181,Thursday,June
9/20/2024,20,21,Wind,Fall,3245,264,Friday,September
8/10/2024,16,17,Solar,Summer,4012,223,Saturday,August
4/30/2023,4,5,Wind,Spring,3814,120,Sunday,April
1/23/2025,5,6,Wind,Winter,6304,23,Thursday,January
12/3/2022,12,13,Wind,Winter,6285,337,Saturday,December
4/24/2025,7,8,Wind,Spring,2699,114,Thursday,April
10/2/2025,18,19,Wind,Fall,2959,275,Thursday,October
8/9/2020,11,12,Solar,Summer,3372,222,Sunday,August
7/10/2020,19,20,Wind,Summer,4171,192,Friday,July
12/26/2023,4,5,Wind,Winter,7229,360,Tuesday,December
4/28/2024,0,1,Wind,Spring,10556,119,Sunday,April
10/12/2024,13,14,Wind,Fall,6790,286,Saturday,October
11/25/2022,16,17,Wind,Fall,3351,329,Friday,November
1/14/2023,15,16,Wind,Winter,17545,14,Saturday,January
11/8/2022,20,21,Wind,Fall,11901,312,Tuesday,November
8/29/2024,19,20,Wind,Summer,2703,242,Thursday,August
3/16/2025,9,10,Wind,Spring,9888,75,Sunday,March
1/19/2020,3,4,Wind,Winter,4619,19,Sunday,January
3/13/2025,0,1,Wind,Spring,2661,72,Thursday,March
4/4/2024,19,20,Wind,Spring,8108,95,Thursday,April
12/5/2023,18,19,Wind,Winter,6714,339,Tuesday,December
1/16/2020,6,7,Wind,Winter,4609,16,Thursday,January
10/15/2025,19,20,Wind,Fall,5080,288,Wednesday,October
6/3/2020,16,17,Solar,Summer,3604,155,Wednesday,June
5/11/2024,8,9,Wind,Spring,5428,132,Saturday,May
9/25/2020,7,8,Wind,Fall,10168,269,Friday,September
10/5/2022,10,11,Wind,Fall,9771,278,Wednesday,October
7/2/2024,4,5,Wind,Summer,2631,184,Tuesday,July
4/21/2023,20,21,Wind,Spring,2543,111,Friday,April
12/5/2024,8,9,Wind,Winter,14145,340,Thursday,December
8/7/2025,18,19,Solar,Summer,5653,219,Thursday,August
4/5/2020,11,12,Wind,Spring,7848,96,Sunday,April
1/26/2024,4,5,Wind,Winter,9936,26,Friday,January
9/3/2023,14,15,Solar,Fall,9204,246,Sunday,September
4/12/2022,22,23,Wind,Spring,2275,102,Tuesday,April
12/29/2020,13,14,Wind,Winter,5165,364,Tuesday,December
9/8/2023,9,10,Solar,Fall,3666,251,Friday,September
4/26/2024,13,14,Solar,Spring,6436,117,Friday,April
4/14/2024,15,16,Solar,Spring,4067,105,Sunday,April
9/7/2020,13,14,Solar,Fall,5438,251,Monday,September
2/18/2022,21,22,Wind,Winter,13040,49,Friday,February
5/21/2020,5,6,Wind,Spring,1502,142,Thursday,May
5/4/2020,14,15,Solar,Spring,5337,125,Monday,May
6/10/2023,9,10,Solar,Summer,4098,161,Saturday,June
4/3/2024,11,12,Wind,Spring,15839,94,Wednesday,April
5/23/2020,7,8,Wind,Spring,3360,144,Saturday,May
9/4/2020,7,8,Wind,Fall,1232,248,Friday,September
10/7/2020,12,13,Wind,Fall,8717,281,Wednesday,October
12/2/2023,5,6,Wind,Winter,3249,336,Saturday,December
6/28/2024,16,17,Solar,Summer,6716,180,Friday,June
8/22/2021,21,22,Wind,Summer,3345,234,Sunday,August
2/17/2023,9,10,Wind,Winter,9868,48,Friday,February
2/16/2022,13,14,Wind,Winter,16745,47,Wednesday,February
12/3/2022,2,3,Wind,Winter,6803,337,Saturday,December
4/8/2021,14,15,Solar,Spring,5202,98,Thursday,April
1/5/2025,15,16,Wind,Winter,19348,5,Sunday,January
10/8/2024,8,9,Wind,Fall,10350,282,Tuesday,October
2/12/2022,6,7,Wind,Winter,4558,43,Saturday,February
7/7/2023,5,6,Wind,Summer,4486,188,Friday,July
7/14/2020,21,22,Wind,Summer,2101,196,Tuesday,July
12/9/2022,20,21,Wind,Winter,2064,343,Friday,December
7/5/2022,0,1,Wind,Summer,3667,186,Tuesday,July
11/20/2021,18,19,Wind,Fall,210,324,Saturday,November
2/9/2023,8,9,Wind,Winter,1322,40,Thursday,February
3/1/2025,23,0,Wind,Spring,10187,60,Saturday,March
7/25/2023,9,10,Wind,Summer,7186,206,Tuesday,July
12/25/2024,10,11,Solar,Winter,2874,360,Wednesday,December
5/8/2024,7,8,Wind,Spring,5427,129,Wednesday,May
10/3/2021,15,16,Wind,Fall,8606,276,Sunday,October
4/18/2024,23,0,Wind,Spring,3786,109,Thursday,April
11/4/2023,7,8,Wind,Fall,15504,308,Saturday,November
5/25/2022,22,23,Wind,Spring,5875,145,Wednesday,May
1/22/2022,20,21,Wind,Winter,2136,22,Saturday,January
8/18/2022,13,14,Solar,Summer,5355,230,Thursday,August
8/14/2025,9,10,Solar,Summer,4159,226,Thursday,August
1/1/2023,9,10,Wind,Winter,11283,1,Sunday,January
1/20/2024,18,19,Wind,Winter,4846,20,Saturday,January
11/17/2021,18,19,Wind,Fall,1887,321,Wednesday,November
9/29/2020,2,3,Wind,Fall,2642,273,Tuesday,September
8/8/2020,23,0,Wind,Summer,2390,221,Saturday,August
1/18/2024,18,19,Wind,Winter,4246,18,Thursday,January
10/18/2024,0,1,Wind,Fall,4798,292,Friday,October
6/27/2025,22,23,Wind,Summer,1584,178,Friday,June
2/11/2025,8,9,Wind,Winter,3812,42,Tuesday,February
8/25/2023,16,17,Wind,Summer,9893,237,Friday,August
12/2/2021,5,6,Wind,Winter,6952,336,Thursday,December
1/25/2022,7,8,Wind,Winter,328,25,Tuesday,January
9/26/2022,14,15,Wind,Fall,15890,269,Monday,September
12/17/2022,16,17,Wind,Winter,2347,351,Saturday,December
2/21/2020,8,9,Wind,Winter,4193,52,Friday,February
9/13/2021,19,20,Wind,Fall,1554,256,Monday,September
7/12/2020,14,15,Solar,Summer,5689,194,Sunday,July
5/29/2023,9,10,Wind,Spring,9264,149,Monday,May
8/30/2024,4,5,Wind,Summer,2456,243,Friday,August
7/28/2021,14,15,Wind,Summer,10176,209,Wednesday,July
3/29/2023,5,6,Wind,Spring,4271,88,Wednesday,March
5/11/2021,19,20,Wind,Spring,6405,131,Tuesday,May
1/9/2025,15,16,Wind,Winter,10749,9,Thursday,January
1/5/2022,2,3,Wind,Winter,7802,5,Wednesday,January
8/26/2024,23,0,Wind,Summer,2045,239,Monday,August
2/19/2023,14,15,Solar,Winter,7077,50,Sunday,February
6/23/2025,18,19,Wind,Summer,12740,174,Monday,June
8/4/2020,19,20,Wind,Summer,2445,217,Tuesday,August
2/11/2023,8,9,Wind,Winter,2391,42,Saturday,February
9/16/2022,6,7,Wind,Fall,1953,259,Friday,September
10/13/2025,3,4,Wind,Fall,6119,286,Monday,October
7/3/2025,0,1,Wind,Summer,5539,184,Thursday,July
12/7/2022,23,0,Wind,Winter,1410,341,Wednesday,December
2/10/2024,3,4,Wind,Winter,4487,41,Saturday,February
7/9/2021,3,4,Wind,Summer,1208,190,Friday,July
2/16/2025,0,1,Wind,Winter,4574,47,Sunday,February
11/24/2024,10,11,Wind,Fall,21544,329,Sunday,November
12/11/2024,19,20,Wind,Winter,5916,346,Wednesday,December
5/20/2025,21,22,Wind,Spring,5566,140,Tuesday,May
1/21/2022,9,10,Wind,Winter,5002,21,Friday,January
1/30/2025,7,8,Wind,Winter,5813,30,Thursday,January
1/29/2021,17,18,Wind,Winter,12983,29,Friday,January
4/19/2024,5,6,Wind,Spring,9003,110,Friday,April
12/1/2020,12,13,Wind,Winter,8412,336,Tuesday,December
2/19/2024,3,4,Wind,Winter,4002,50,Monday,February
9/21/2023,13,14,Wind,Fall,6474,264,Thursday,September
3/17/2025,2,3,Wind,Spring,5489,76,Monday,March
8/2/2024,18,19,Wind,Summer,7412,215,Friday,August
7/15/2020,3,4,Wind,Summer,1451,197,Wednesday,July
10/15/2022,16,17,Wind,Fall,8245,288,Saturday,October
5/11/2025,10,11,Solar,Spring,3050,131,Sunday,May
1/21/2025,13,14,Solar,Winter,5754,21,Tuesday,January
8/2/2023,8,9,Wind,Summer,15356,214,Wednesday,August
10/6/2025,19,20,Wind,Fall,2272,279,Monday,October
3/22/2024,16,17,Solar,Spring,7952,82,Friday,March
4/4/2021,2,3,Wind,Spring,6551,94,Sunday,April
11/8/2022,6,7,Wind,Fall,13306,312,Tuesday,November
9/19/2023,9,10,Wind,Fall,7887,262,Tuesday,September
5/5/2022,16,17,Solar,Spring,6137,125,Thursday,May
3/16/2021,3,4,Wind,Spring,3759,75,Tuesday,March
3/18/2023,21,22,Wind,Spring,4032,77,Saturday,March
1/4/2023,19,20,Wind,Winter,13392,4,Wednesday,January
1/5/2021,19,20,Wind,Winter,1794,5,Tuesday,January
12/7/2020,22,23,Wind,Winter,3434,342,Monday,December
4/24/2024,15,16,Wind,Spring,11510,115,Wednesday,April
4/27/2025,16,17,Solar,Spring,3352,117,Sunday,April
10/16/2021,7,8,Wind,Fall,1545,289,Saturday,October
4/17/2022,9,10,Wind,Spring,6232,107,Sunday,April
11/15/2022,10,11,Wind,Fall,10920,319,Tuesday,November
1/6/2021,1,2,Wind,Winter,1467,6,Wednesday,January
6/9/2020,11,12,Solar,Summer,4734,161,Tuesday,June
3/14/2023,17,18,Wind,Spring,10320,73,Tuesday,March
1/31/2021,17,18,Wind,Winter,5433,31,Sunday,January
1/28/2021,22,23,Wind,Winter,9207,28,Thursday,January
2/14/2023,20,21,Wind,Winter,4137,45,Tuesday,February
8/29/2024,10,11,Solar,Summer,5199,242,Thursday,August
10/3/2022,13,14,Solar,Fall,5084,276,Monday,October
2/23/2022,10,11,Solar,Winter,3903,54,Wednesday,February
8/24/2025,7,8,Wind,Summer,3233,236,Sunday,August
2/6/2021,12,13,Wind,Winter,3255,37,Saturday,February
4/29/2023,15,16,Solar,Spring,4800,119,Saturday,April
4/22/2023,4,5,Wind,Spring,4492,112,Saturday,April
5/24/2020,13,14,Solar,Spring,5849,145,Sunday,May
2/7/2023,16,17,Wind,Winter,6303,38,Tuesday,February
7/6/2022,3,4,Wind,Summer,3439,187,Wednesday,July
11/25/2023,22,23,Wind,Fall,3662,329,Saturday,November
12/9/2022,14,15,Wind,Winter,3163,343,Friday,December
12/15/2020,0,1,Wind,Winter,5961,350,Tuesday,December
3/10/2022,21,22,Wind,Spring,6888,69,Thursday,March
6/15/2024,16,17,Wind,Summer,10230,167,Saturday,June
10/27/2025,10,11,Wind,Fall,20785,300,Monday,October
7/2/2020,23,0,Wind,Summer,3158,184,Thursday,July
9/21/2021,18,19,Wind,Fall,2741,264,Tuesday,September
4/3/2022,20,21,Wind,Spring,1788,93,Sunday,April
1/4/2025,22,23,Wind,Winter,10639,4,Saturday,January
9/6/2021,16,17,Solar,Fall,4649,249,Monday,September
1/12/2022,10,11,Wind,Winter,3948,12,Wednesday,January
3/3/2023,17,18,Wind,Spring,5441,62,Friday,March
11/21/2021,12,13,Wind,Fall,3618,325,Sunday,November
7/28/2022,20,21,Wind,Summer,1737,209,Thursday,July
1/28/2023,21,22,Wind,Winter,2799,28,Saturday,January
12/22/2024,11,12,Wind,Winter,19928,357,Sunday,December
3/12/2024,3,4,Wind,Spring,4768,72,Tuesday,March
11/11/2022,17,18,Wind,Fall,2888,315,Friday,November
11/7/2024,21,22,Wind,Fall,3242,312,Thursday,November
6/27/2024,3,4,Wind,Summer,839,179,Thursday,June
11/23/2020,14,15,Solar,Fall,2374,328,Monday,November
6/19/2025,22,23,Wind,Summer,6052,170,Thursday,June
8/7/2024,2,3,Wind,Summer,1802,220,Wednesday,August
7/5/2020,15,16,Wind,Summer,10632,187,Sunday,July
5/27/2023,11,12,Solar,Spring,8746,147,Saturday,May
4/21/2021,5,6,Wind,Spring,1068,111,Wednesday,April
9/15/2024,20,21,Wind,Fall,3333,259,Sunday,September
7/1/2025,6,7,Wind,Summer,1421,182,Tuesday,July
9/9/2024,9,10,Wind,Fall,9339,253,Monday,September
9/12/2021,10,11,Solar,Fall,3552,255,Sunday,September
1/13/2022,4,5,Wind,Winter,2645,13,Thursday,January
7/23/2025,1,2,Wind,Summer,1307,204,Wednesday,July
8/27/2023,2,3,Wind,Summer,1781,239,Sunday,August
2/19/2024,6,7,Wind,Winter,3287,50,Monday,February
6/16/2022,16,17,Solar,Summer,5124,167,Thursday,June
9/11/2025,3,4,Wind,Fall,10615,254,Thursday,September
6/27/2021,23,0,Wind,Summer,748,178,Sunday,June
6/13/2025,6,7,Wind,Summer,2429,164,Friday,June
12/10/2020,9,10,Wind,Winter,4988,345,Thursday,December
11/29/2022,20,21,Wind,Fall,1194,333,Tuesday,November
11/13/2021,4,5,Wind,Fall,5812,317,Saturday,November
7/22/2025,16,17,Wind,Summer,13809,203,Tuesday,July
2/21/2024,23,0,Wind,Winter,15375,52,Wednesday,February
8/7/2021,21,22,Wind,Summer,9544,219,Saturday,August
11/24/2023,10,11,Wind,Fall,9941,328,Friday,November
6/3/2021,19,20,Wind,Summer,1771,154,Thursday,June
12/2/2020,20,21,Wind,Winter,2043,337,Wednesday,December
4/29/2023,7,8,Wind,Spring,1622,119,Saturday,April
4/16/2021,11,12,Solar,Spring,7807,106,Friday,April
2/13/2020,13,14,Wind,Winter,13233,44,Thursday,February
11/21/2021,13,14,Wind,Fall,3948,325,Sunday,November
12/18/2023,3,4,Wind,Winter,2101,352,Monday,December
6/1/2020,10,11,Solar,Summer,4181,153,Monday,June
7/24/2025,15,16,Solar,Summer,9540,205,Thursday,July
6/24/2023,13,14,Solar,Summer,8820,175,Saturday,June
3/7/2022,12,13,Wind,Spring,10894,66,Monday,March
10/21/2021,1,2,Wind,Fall,13513,294,Thursday,October
2/11/2024,1,2,Wind,Winter,9448,42,Sunday,February
9/7/2023,17,18,Solar,Fall,4368,250,Thursday,September
11/25/2023,13,14,Wind,Fall,10661,329,Saturday,November
10/2/2020,14,15,Wind,Fall,6441,276,Friday,October
1/5/2022,10,11,Wind,Winter,6918,5,Wednesday,January
3/28/2022,19,20,Wind,Spring,1643,87,Monday,March
9/1/2020,8,9,Wind,Fall,1448,245,Tuesday,September
9/19/2025,16,17,Solar,Fall,10145,262,Friday,September
11/3/2023,11,12,Wind,Fall,10759,307,Friday,November
11/25/2020,19,20,Wind,Fall,3453,330,Wednesday,November
10/1/2022,1,2,Wind,Fall,13589,274,Saturday,October
8/2/2021,0,1,Wind,Summer,1434,214,Monday,August
8/8/2020,10,11,Solar,Summer,2968,221,Saturday,August
9/14/2022,3,4,Wind,Fall,1861,257,Wednesday,September
5/31/2021,8,9,Wind,Spring,3833,151,Monday,May
12/27/2023,15,16,Wind,Winter,12667,361,Wednesday,December
8/1/2024,19,20,Wind,Summer,4264,214,Thursday,August
4/4/2023,19,20,Wind,Spring,4139,94,Tuesday,April
5/3/2024,0,1,Wind,Spring,9022,124,Friday,May
9/15/2024,22,23,Wind,Fall,4322,259,Sunday,September
9/13/2021,6,7,Wind,Fall,1809,256,Monday,September
12/7/2021,18,19,Wind,Winter,13600,341,Tuesday,December
11/30/2023,4,5,Wind,Fall,1780,334,Thursday,November
3/10/2022,1,2,Wind,Spring,6777,69,Thursday,March
3/30/2022,11,12,Solar,Spring,2186,89,Wednesday,March
8/9/2022,3,4,Wind,Summer,6466,221,Tuesday,August
5/4/2023,17,18,Wind,Spring,9901,124,Thursday,May
12/13/2023,10,11,Wind,Winter,6869,347,Wednesday,December
9/29/2022,13,14,Solar,Fall,4400,272,Thursday,September
8/28/2024,13,14,Solar,Summer,10829,241,Wednesday,August
9/17/2024,8,9,Wind,Fall,10111,261,Tuesday,September
1/6/2020,11,12,Wind,Winter,5665,6,Monday,January
9/7/2022,16,17,Wind,Fall,6353,250,Wednesday,September
10/21/2022,2,3,Wind,Fall,7894,294,Friday,October
5/26/2021,19,20,Wind,Spring,4996,146,Wednesday,May
6/26/2022,4,5,Wind,Summer,1831,177,Sunday,June
7/13/2025,20,21,Wind,Summer,3952,194,Sunday,July
6/29/2024,7,8,Wind,Summer,4387,181,Saturday,June
11/8/2024,14,15,Solar,Fall,4482,313,Friday,November
7/11/2022,10,11,Solar,Summer,7469,192,Monday,July
1/10/2022,6,7,Wind,Winter,1005,10,Monday,January
3/21/2025,0,1,Wind,Spring,7350,80,Friday,March
2/15/2023,13,14,Solar,Winter,6445,46,Wednesday,February
4/17/2025,1,2,Wind,Spring,2336,107,Thursday,April
2/15/2025,1,2,Wind,Winter,7209,46,Saturday,February
9/28/2020,18,19,Wind,Fall,4748,272,Monday,September
6/30/2021,4,5,Wind,Summer,2097,181,Wednesday,June
7/20/2022,6,7,Wind,Summer,2316,201,Wednesday,July
4/22/2020,2,3,Wind,Spring,5000,113,Wednesday,April
9/23/2021,20,21,Wind,Fall,1171,266,Thursday,September
2/27/2020,0,1,Wind,Winter,5262,58,Thursday,February
3/26/2021,20,21,Wind,Spring,8311,85,Friday,March
1/13/2020,8,9,Wind,Winter,3845,13,Monday,January
9/22/2025,23,0,Wind,Fall,8892,265,Monday,September
1/13/2023,8,9,Wind,Winter,14537,13,Friday,January
7/16/2024,6,7,Wind,Summer,7743,198,Tuesday,July
6/4/2024,18,19,Wind,Summer,7459,156,Tuesday,June
11/2/2020,22,23,Wind,Fall,4458,307,Monday,November
10/7/2022,11,12,Solar,Fall,4853,280,Friday,October
2/24/2022,17,18,Wind,Winter,12191,55,Thursday,February
11/27/2021,6,7,Wind,Fall,7605,331,Saturday,November
8/7/2020,9,10,Solar,Summer,2665,220,Friday,August
7/10/2022,2,3,Wind,Summer,5201,191,Sunday,July
7/13/2021,1,2,Wind,Summer,3421,194,Tuesday,July
5/1/2025,2,3,Wind,Spring,5525,121,Thursday,May
11/30/2025,5,6,Wind,Fall,4365,334,Sunday,November
12/25/2020,6,7,Wind,Winter,6272,360,Friday,December
4/19/2021,11,12,Solar,Spring,4484,109,Monday,April
3/29/2024,22,23,Wind,Spring,5301,89,Friday,March
7/29/2023,8,9,Wind,Summer,5340,210,Saturday,July
6/5/2022,4,5,Wind,Summer,1412,156,Sunday,June
8/11/2021,6,7,Wind,Summer,508,223,Wednesday,August
11/27/2022,12,13,Wind,Fall,8438,331,Sunday,November
6/11/2025,8,9,Solar,Summer,5524,162,Wednesday,June
6/1/2023,11,12,Solar,Summer,8686,152,Thursday,June
10/14/2022,9,10,Wind,Fall,5617,287,Friday,October
5/7/2025,13,14,Solar,Spring,11508,127,Wednesday,May
3/30/2022,14,15,Solar,Spring,3152,89,Wednesday,March
3/13/2025,15,16,Solar,Spring,5712,72,Thursday,March
9/23/2021,15,16,Solar,Fall,5575,266,Thursday,September
2/4/2020,4,5,Wind,Winter,10605,35,Tuesday,February
5/14/2021,19,20,Wind,Spring,5623,134,Friday,May
5/30/2022,2,3,Wind,Spring,4110,150,Monday,May
1/30/2021,6,7,Wind,Winter,5748,30,Saturday,January
6/20/2024,7,8,Wind,Summer,4284,172,Thursday,June
8/7/2025,19,20,Solar,Summer,3099,219,Thursday,August
8/24/2024,3,4,Wind,Summer,6102,237,Saturday,August
9/15/2022,7,8,Wind,Fall,1704,258,Thursday,September
7/6/2020,1,2,Wind,Summer,6827,188,Monday,July
8/28/2022,6,7,Wind,Summer,3890,240,Sunday,August
9/14/2020,12,13,Solar,Fall,4786,258,Monday,September
5/24/2024,22,23,Wind,Spring,645,145,Friday,May
8/8/2025,6,7,Wind,Summer,1464,220,Friday,August
7/10/2020,10,11,Wind,Summer,5130,192,Friday,July
1/17/2020,18,19,Wind,Winter,7402,17,Friday,January
7/17/2024,18,19,Solar,Summer,4046,199,Wednesday,July
1/2/2023,7,8,Wind,Winter,6552,2,Monday,January
2/14/2021,0,1,Wind,Winter,7245,45,Sunday,February
7/26/2025,5,6,Wind,Summer,2295,207,Saturday,July
10/23/2020,10,11,Wind,Fall,2714,297,Friday,October
7/3/2024,1,2,Wind,Summer,1771,185,Wednesday,July
11/12/2024,22,23,Wind,Fall,8223,317,Tuesday,November
11/12/2025,17,18,Wind,Fall,13595,316,Wednesday,November
4/26/2024,19,20,Wind,Spring,3091,117,Friday,April
12/20/2023,11,12,Wind,Winter,9752,354,Wednesday,December
4/4/2024,20,21,Wind,Spring,7001,95,Thursday,April
3/18/2025,20,21,Wind,Spring,10105,77,Tuesday,March
4/14/2020,18,19,Wind,Spring,6515,105,Tuesday,April
3/2/2020,23,0,Wind,Spring,8448,62,Monday,March
1/11/2020,7,8,Wind,Winter,3308,11,Saturday,January
2/10/2022,19,20,Wind,Winter,3020,41,Thursday,February
10/13/2024,4,5,Wind,Fall,3330,287,Sunday,October
1/16/2024,0,1,Wind,Winter,2197,16,Tuesday,January
9/10/2020,17,18,Solar,Fall,2293,254,Thursday,September
8/25/2025,8,9,Wind,Summer,3906,237,Monday,August
3/5/2024,16,17,Wind,Spring,6764,65,Tuesday,March
8/23/2022,7,8,Wind,Summer,1085,235,Tuesday,August
7/17/2021,18,19,Wind,Summer,6467,198,Saturday,July
4/27/2025,11,12,Solar,Spring,3596,117,Sunday,April
2/27/2020,18,19,Wind,Winter,10596,58,Thursday,February
11/6/2024,7,8,Wind,Fall,292,311,Wednesday,November
11/22/2024,14,15,Wind,Fall,15122,327,Friday,November
11/19/2024,21,22,Wind,Fall,11992,324,Tuesday,November
5/26/2021,1,2,Wind,Spring,5335,146,Wednesday,May
11/29/2021,12,13,Wind,Fall,4389,333,Monday,November
4/9/2023,3,4,Wind,Spring,3548,99,Sunday,April
5/20/2024,11,12,Solar,Spring,5874,141,Monday,May
9/6/2021,9,10,Solar,Fall,2723,249,Monday,September
12/16/2020,23,0,Wind,Winter,7220,351,Wednesday,December
6/11/2021,11,12,Solar,Summer,4809,162,Friday,June
3/15/2024,4,5,Wind,Spring,9923,75,Friday,March
2/20/2023,2,3,Wind,Winter,3288,51,Monday,February
5/2/2025,18,19,Wind,Spring,4524,122,Friday,May
4/30/2021,7,8,Wind,Spring,1408,120,Friday,April
8/30/2024,23,0,Wind,Summer,5577,243,Friday,August
9/30/2021,7,8,Wind,Fall,1829,273,Thursday,September
2/13/2024,9,10,Wind,Winter,7108,44,Tuesday,February
1/10/2023,4,5,Wind,Winter,7471,10,Tuesday,January
5/20/2023,6,7,Wind,Spring,6415,140,Saturday,May
9/1/2023,22,23,Wind,Fall,1142,244,Friday,September
6/6/2024,15,16,Solar,Summer,8506,158,Thursday,June
7/13/2025,12,13,Solar,Summer,9654,194,Sunday,July
10/18/2021,16,17,Wind,Fall,5039,291,Monday,October
3/1/2021,5,6,Wind,Spring,4453,60,Monday,March
3/18/2023,13,14,Wind,Spring,11176,77,Saturday,March
10/21/2020,15,16,Wind,Fall,14758,295,Wednesday,October
3/2/2020,13,14,Wind,Spring,7175,62,Monday,March
6/30/2023,1,2,Wind,Summer,2631,181,Friday,June
4/19/2022,9,10,Solar,Spring,2972,109,Tuesday,April
7/25/2020,6,7,Wind,Summer,1509,207,Saturday,July
11/3/2021,2,3,Wind,Fall,3878,307,Wednesday,November
9/20/2024,22,23,Wind,Fall,3712,264,Friday,September
7/6/2020,10,11,Wind,Summer,7270,188,Monday,July
6/18/2023,7,8,Wind,Summer,2716,169,Sunday,June
4/22/2024,11,12,Solar,Spring,11915,113,Monday,April
10/31/2022,2,3,Wind,Fall,1886,304,Monday,October
12/8/2022,19,20,Wind,Winter,2320,342,Thursday,December
2/19/2021,8,9,Wind,Winter,6408,50,Friday,February
7/4/2024,7,8,Wind,Summer,7653,186,Thursday,July
8/12/2022,18,19,Solar,Summer,4606,224,Friday,August
6/22/2020,5,6,Wind,Summer,1871,174,Monday,June
5/14/2022,19,20,Wind,Spring,1781,134,Saturday,May
3/14/2022,23,0,Wind,Spring,5813,73,Monday,March
4/28/2021,9,10,Solar,Spring,1431,118,Wednesday,April
2/22/2020,18,19,Wind,Winter,8683,53,Saturday,February
11/1/2024,9,10,Solar,Fall,3028,306,Friday,November
8/31/2025,20,21,Wind,Summer,3822,243,Sunday,August
8/21/2024,10,11,Solar,Summer,7369,234,Wednesday,August
11/10/2023,6,7,Wind,Fall,13482,314,Friday,November
5/4/2025,7,8,Wind,Spring,5384,124,Sunday,May
9/21/2024,13,14,Solar,Fall,4430,265,Saturday,September
3/19/2020,5,6,Wind,Spring,1145,79,Thursday,March
10/2/2020,8,9,Wind,Fall,9401,276,Friday,October
9/25/2022,17,18,Wind,Fall,4472,268,Sunday,September
8/25/2022,19,20,Wind,Summer,4858,237,Thursday,August
8/10/2023,8,9,Wind,Summer,3790,222,Thursday,August
9/21/2024,3,4,Wind,Fall,3321,265,Saturday,September
1/22/2022,3,4,Wind,Winter,3202,22,Saturday,January
11/9/2023,8,9,Wind,Fall,9159,313,Thursday,November
11/25/2024,0,1,Wind,Fall,18407,330,Monday,November
7/8/2023,3,4,Wind,Summer,4740,189,Saturday,July
9/11/2025,4,5,Wind,Fall,10679,254,Thursday,September
7/15/2023,3,4,Wind,Summer,6810,196,Saturday,July
11/3/2021,20,21,Wind,Fall,3050,307,Wednesday,November
11/23/2025,6,7,Wind,Fall,9347,327,Sunday,November
5/18/2021,14,15,Wind,Spring,5821,138,Tuesday,May
2/4/2024,10,11,Wind,Winter,8994,35,Sunday,February
7/16/2020,0,1,Wind,Summer,1763,198,Thursday,July
7/3/2020,2,3,Wind,Summer,3011,185,Friday,July
3/4/2024,12,13,Solar,Spring,9667,64,Monday,March
10/15/2020,11,12,Wind,Fall,6069,289,Thursday,October
1/25/2023,22,23,Wind,Winter,1037,25,Wednesday,January
2/4/2023,17,18,Wind,Winter,2961,35,Saturday,February
2/3/2023,19,20,Wind,Winter,5209,34,Friday,February
2/24/2025,14,15,Wind,Winter,13295,55,Monday,February
11/11/2025,21,22,Wind,Fall,14313,315,Tuesday,November
5/7/2025,14,15,Wind,Spring,11125,127,Wednesday,May
6/18/2024,15,16,Solar,Summer,7585,170,Tuesday,June
4/13/2021,11,12,Solar,Spring,6733,103,Tuesday,April
1/6/2024,14,15,Wind,Winter,9159,6,Saturday,January
1/19/2020,2,3,Wind,Winter,4247,19,Sunday,January
6/1/2021,2,3,Wind,Summer,5282,152,Tuesday,June
5/28/2023,16,17,Wind,Spring,6446,148,Sunday,May
9/19/2025,13,14,Solar,Fall,12989,262,Friday,September
8/17/2025,6,7,Wind,Summer,5923,229,Sunday,August
8/29/2023,12,13,Solar,Summer,6385,241,Tuesday,August
8/13/2020,23,0,Wind,Summer,2213,226,Thursday,August
8/30/2021,7,8,Wind,Summer,3173,242,Monday,August
7/26/2020,0,1,Wind,Summer,4306,208,Sunday,July
2/25/2023,2,3,Wind,Winter,3671,56,Saturday,February
8/16/2025,9,10,Wind,Summer,8918,228,Saturday,August
7/15/2024,15,16,Wind,Summer,10900,197,Monday,July
3/6/2020,1,2,Wind,Spring,11303,66,Friday,March
9/2/2023,7,8,Wind,Fall,2084,245,Saturday,September
1/21/2022,13,14,Solar,Winter,6900,21,Friday,January
5/6/2023,4,5,Wind,Spring,1719,126,Saturday,May
9/21/2023,15,16,Wind,Fall,8784,264,Thursday,September
7/17/2025,13,14,Solar,Summer,9602,198,Thursday,July
10/5/2023,13,14,Solar,Fall,6634,278,Thursday,October
6/13/2023,3,4,Wind,Summer,3141,164,Tuesday,June
1/8/2023,1,2,Wind,Winter,12173,8,Sunday,January
12/10/2020,4,5,Wind,Winter,5097,345,Thursday,December
3/21/2023,13,14,Wind,Spring,8403,80,Tuesday,March
4/25/2022,14,15,Solar,Spring,7151,115,Monday,April
9/14/2025,1,2,Wind,Fall,4414,257,Sunday,September
9/29/2024,1,2,Wind,Fall,1277,273,Sunday,September
2/6/2025,18,19,Wind,Winter,11486,37,Thursday,February
12/20/2022,11,12,Wind,Winter,11990,354,Tuesday,December
11/26/2024,8,9,Wind,Fall,6210,331,Tuesday,November
3/13/2023,16,17,Wind,Spring,16408,72,Monday,March
9/3/2025,10,11,Wind,Fall,18721,246,Wednesday,September
11/9/2024,3,4,Wind,Fall,1300,314,Saturday,November
2/23/2020,19,20,Wind,Winter,9881,54,Sunday,February
8/3/2020,20,21,Wind,Summer,4530,216,Monday,August
11/3/2021,6,7,Wind,Fall,3960,307,Wednesday,November
12/10/2022,14,15,Solar,Winter,3935,344,Saturday,December
11/22/2024,11,12,Wind,Fall,15569,327,Friday,November
6/15/2020,0,1,Wind,Summer,2040,167,Monday,June
2/22/2021,3,4,Wind,Winter,6815,53,Monday,February
1/28/2025,13,14,Wind,Winter,20885,28,Tuesday,January
6/5/2022,14,15,Wind,Summer,8904,156,Sunday,June
7/30/2022,20,21,Wind,Summer,2584,211,Saturday,July
7/29/2021,21,22,Wind,Summer,965,210,Thursday,July
9/7/2023,18,19,Solar,Fall,2452,250,Thursday,September
11/11/2023,1,2,Wind,Fall,6863,315,Saturday,November
3/21/2020,5,6,Wind,Spring,7494,81,Saturday,March
10/19/2020,4,5,Wind,Fall,1525,293,Monday,October
3/15/2024,9,10,Wind,Spring,14005,75,Friday,March
2/25/2022,5,6,Wind,Winter,7242,56,Friday,February
5/11/2025,21,22,Wind,Spring,3052,131,Sunday,May
4/4/2023,13,14,Solar,Spring,11558,94,Tuesday,April
2/27/2022,21,22,Wind,Winter,6470,58,Sunday,February
6/23/2025,2,3,Wind,Summer,5291,174,Monday,June
10/8/2020,4,5,Wind,Fall,6790,282,Thursday,October
7/3/2023,17,18,Wind,Summer,11708,184,Monday,July
2/6/2023,20,21,Wind,Winter,7870,37,Monday,February
3/30/2023,13,14,Wind,Spring,18316,89,Thursday,March
5/16/2020,20,21,Wind,Spring,3193,137,Saturday,May
10/3/2023,14,15,Wind,Fall,9033,276,Tuesday,October
11/20/2020,19,20,Wind,Fall,2773,325,Friday,November
8/15/2020,5,6,Wind,Summer,384,228,Saturday,August
6/21/2024,8,9,Wind,Summer,2878,173,Friday,June
12/2/2021,2,3,Wind,Winter,5934,336,Thursday,December
12/19/2020,13,14,Wind,Winter,9422,354,Saturday,December
4/10/2021,9,10,Wind,Spring,5393,100,Saturday,April
12/25/2022,18,19,Wind,Winter,9466,359,Sunday,December
7/19/2023,4,5,Wind,Summer,2823,200,Wednesday,July
5/14/2024,17,18,Wind,Spring,6999,135,Tuesday,May
5/23/2020,13,14,Wind,Spring,7862,144,Saturday,May
10/3/2021,23,0,Wind,Fall,5964,276,Sunday,October
1/29/2024,13,14,Wind,Winter,8687,29,Monday,January
10/15/2021,19,20,Wind,Fall,1124,288,Friday,October
6/12/2021,7,8,Wind,Summer,1829,163,Saturday,June
9/22/2020,1,2,Wind,Fall,894,266,Tuesday,September
10/19/2021,10,11,Wind,Fall,8475,292,Tuesday,October
11/7/2022,17,18,Wind,Fall,8246,311,Monday,November
8/21/2023,1,2,Wind,Summer,2603,233,Monday,August
4/8/2022,23,0,Wind,Spring,6694,98,Friday,April
11/10/2020,12,13,Solar,Fall,2552,315,Tuesday,November
8/30/2025,8,9,Wind,Summer,5384,242,Saturday,August
9/26/2020,10,11,Wind,Fall,11643,270,Saturday,September
9/3/2024,23,0,Wind,Fall,1253,247,Tuesday,September
3/10/2025,6,7,Wind,Spring,2663,69,Monday,March
2/16/2023,3,4,Wind,Winter,3980,47,Thursday,February
3/11/2020,15,16,Wind,Spring,11361,71,Wednesday,March
12/27/2023,8,9,Wind,Winter,9035,361,Wednesday,December
10/15/2021,15,16,Solar,Fall,4028,288,Friday,October
10/14/2021,1,2,Wind,Fall,1908,287,Thursday,October
3/11/2022,19,20,Wind,Spring,10317,70,Friday,March
3/8/2021,5,6,Wind,Spring,3070,67,Monday,March
10/23/2025,19,20,Wind,Fall,17992,296,Thursday,October
8/22/2021,6,7,Wind,Summer,3212,234,Sunday,August
6/19/2022,12,13,Solar,Summer,9444,170,Sunday,June
1/2/2022,4,5,Wind,Winter,6918,2,Sunday,January
12/17/2020,3,4,Wind,Winter,5845,352,Thursday,December
3/8/2020,0,1,Wind,Spring,7440,68,Sunday,March
5/22/2020,23,0,Wind,Spring,1663,143,Friday,May
8/1/2023,10,11,Wind,Summer,11387,213,Tuesday,August
11/12/2024,20,21,Wind,Fall,9661,317,Tuesday,November
6/26/2022,14,15,Solar,Summer,4430,177,Sunday,June
5/13/2025,20,21,Wind,Spring,1684,133,Tuesday,May
10/12/2021,17,18,Wind,Fall,5195,285,Tuesday,October
3/26/2021,8,9,Wind,Spring,5079,85,Friday,March
6/20/2024,18,19,Wind,Summer,3344,172,Thursday,June
3/3/2020,21,22,Wind,Spring,3260,63,Tuesday,March
11/18/2022,13,14,Wind,Fall,7173,322,Friday,November
3/14/2021,8,9,Wind,Spring,10637,73,Sunday,March
11/17/2025,22,23,Wind,Fall,4027,321,Monday,November
6/25/2021,0,1,Wind,Summer,2162,176,Friday,June
5/16/2021,14,15,Wind,Spring,10947,136,Sunday,May
9/22/2025,8,9,Wind,Fall,9995,265,Monday,September
2/17/2022,13,14,Wind,Winter,16410,48,Thursday,February
1/8/2025,11,12,Wind,Winter,9828,8,Wednesday,January
3/8/2021,3,4,Wind,Spring,2869,67,Monday,March
4/8/2025,15,16,Solar,Spring,8550,98,Tuesday,April
9/25/2022,9,10,Wind,Fall,3647,268,Sunday,September
6/17/2022,11,12,Solar,Summer,6029,168,Friday,June
2/24/2024,12,13,Wind,Winter,15371,55,Saturday,February
11/7/2021,21,22,Wind,Fall,3223,311,Sunday,November
8/23/2025,21,22,Wind,Summer,2569,235,Saturday,August
3/1/2022,21,22,Wind,Spring,2721,60,Tuesday,March
4/3/2021,13,14,Wind,Spring,14891,93,Saturday,April
2/13/2021,17,18,Wind,Winter,6349,44,Saturday,February
12/26/2023,6,7,Wind,Winter,9160,360,Tuesday,December
3/13/2022,9,10,Wind,Spring,9151,72,Sunday,March
6/22/2024,1,2,Wind,Summer,5101,174,Saturday,June
1/15/2025,13,14,Solar,Winter,6285,15,Wednesday,January
8/14/2022,16,17,Wind,Summer,7767,226,Sunday,August
9/13/2021,21,22,Wind,Fall,2957,256,Monday,September
6/4/2020,14,15,Wind,Summer,5751,156,Thursday,June
10/6/2022,19,20,Wind,Fall,459,279,Thursday,October
12/19/2022,4,5,Wind,Winter,12566,353,Monday,December
3/4/2022,9,10,Wind,Spring,4002,63,Friday,March
5/23/2023,9,10,Wind,Spring,8084,143,Tuesday,May
10/12/2025,2,3,Wind,Fall,5142,285,Sunday,October
4/2/2022,5,6,Wind,Spring,9702,92,Saturday,April
3/7/2022,16,17,Wind,Spring,9049,66,Monday,March
11/23/2022,6,7,Wind,Fall,8193,327,Wednesday,November
1/24/2022,11,12,Solar,Winter,4385,24,Monday,January
1/31/2021,2,3,Wind,Winter,4875,31,Sunday,January
10/22/2025,13,14,Solar,Fall,7336,295,Wednesday,October
9/26/2024,6,7,Wind,Fall,12407,270,Thursday,September
8/17/2025,17,18,Solar,Summer,9585,229,Sunday,August
5/10/2023,3,4,Wind,Spring,7707,130,Wednesday,May
3/21/2021,15,16,Wind,Spring,8663,80,Sunday,March
1/2/2020,21,22,Wind,Winter,6813,2,Thursday,January
7/5/2023,13,14,Wind,Summer,12672,186,Wednesday,July
7/10/2022,21,22,Wind,Summer,4249,191,Sunday,July
11/19/2022,19,20,Wind,Fall,3365,323,Saturday,November
2/23/2024,0,1,Wind,Winter,15206,54,Friday,February
6/3/2021,22,23,Wind,Summer,1289,154,Thursday,June
4/17/2021,11,12,Wind,Spring,8185,107,Saturday,April
5/15/2024,18,19,Solar,Spring,4141,136,Wednesday,May
10/9/2022,1,2,Wind,Fall,4252,282,Sunday,October
12/28/2022,17,18,Wind,Winter,15714,362,Wednesday,December
5/17/2021,8,9,Wind,Spring,11934,137,Monday,May
3/10/2021,17,18,Wind,Spring,10787,69,Wednesday,March
3/29/2020,20,21,Wind,Spring,12637,89,Sunday,March
12/9/2022,11,12,Wind,Winter,3573,343,Friday,December
7/17/2022,17,18,Solar,Summer,6303,198,Sunday,July
2/23/2022,18,19,Wind,Winter,1715,54,Wednesday,February
5/1/2020,11,12,Wind,Spring,8478,122,Friday,May
2/20/2020,12,13,Wind,Winter,12752,51,Thursday,February
9/12/2023,3,4,Wind,Fall,1028,255,Tuesday,September
5/30/2022,8,9,Solar,Spring,2738,150,Monday,May
3/12/2020,22,23,Wind,Spring,8034,72,Thursday,March
12/16/2024,18,19,Wind,Winter,3165,351,Monday,December
2/8/2022,19,20,Wind,Winter,2613,39,Tuesday,February
2/10/2023,19,20,Wind,Winter,1779,41,Friday,February
12/10/2024,0,1,Wind,Winter,11211,345,Tuesday,December
3/25/2020,10,11,Solar,Spring,5257,85,Wednesday,March
1/23/2023,5,6,Wind,Winter,4215,23,Monday,January
3/31/2022,3,4,Wind,Spring,3308,90,Thursday,March
8/7/2020,23,0,Wind,Summer,2007,220,Friday,August
2/10/2025,18,19,Wind,Winter,6846,41,Monday,February
7/21/2021,15,16,Solar,Summer,6031,202,Wednesday,July
9/4/2021,10,11,Solar,Fall,2823,247,Saturday,September
6/23/2025,1,2,Wind,Summer,4846,174,Monday,June
2/23/2025,15,16,Wind,Winter,13530,54,Sunday,February
9/27/2024,20,21,Wind,Fall,10616,271,Friday,September
3/17/2025,0,1,Wind,Spring,5188,76,Monday,March
6/24/2025,1,2,Wind,Summer,2704,175,Tuesday,June
12/1/2024,19,20,Wind,Winter,7486,336,Sunday,December
7/26/2021,21,22,Wind,Summer,1779,207,Monday,July
1/15/2023,12,13,Wind,Winter,19266,15,Sunday,January
11/2/2020,3,4,Wind,Fall,9919,307,Monday,November
2/25/2022,20,21,Wind,Winter,2846,56,Friday,February
1/17/2025,13,14,Solar,Winter,5413,17,Friday,January
9/8/2020,23,0,Wind,Fall,895,252,Tuesday,September
4/12/2021,18,19,Wind,Spring,3967,102,Monday,April
7/27/2021,0,1,Wind,Summer,1566,208,Tuesday,July
12/17/2020,0,1,Wind,Winter,7100,352,Thursday,December
4/9/2023,0,1,Wind,Spring,4433,99,Sunday,April
5/1/2022,16,17,Solar,Spring,5604,121,Sunday,May
10/23/2023,15,16,Wind,Fall,7230,296,Monday,October
4/6/2024,16,17,Wind,Spring,6760,97,Saturday,April
3/25/2021,23,0,Wind,Spring,2424,84,Thursday,March
12/29/2020,11,12,Wind,Winter,4941,364,Tuesday,December
4/9/2020,3,4,Wind,Spring,746,100,Thursday,April
6/6/2022,8,9,Wind,Summer,3575,157,Monday,June
5/8/2020,21,22,Wind,Spring,2057,129,Friday,May
2/6/2023,10,11,Wind,Winter,7478,37,Monday,February
3/25/2024,1,2,Wind,Spring,1448,85,Monday,March
6/11/2023,1,2,Wind,Summer,1826,162,Sunday,June
1/14/2025,11,12,Solar,Winter,6088,14,Tuesday,January
2/15/2022,18,19,Wind,Winter,13036,46,Tuesday,February
2/6/2025,23,0,Wind,Winter,12066,37,Thursday,February
12/22/2023,19,20,Wind,Winter,15656,356,Friday,December
7/7/2020,8,9,Solar,Summer,2361,189,Tuesday,July
7/20/2021,1,2,Wind,Summer,4074,201,Tuesday,July
12/2/2021,21,22,Wind,Winter,4111,336,Thursday,December
10/19/2021,11,12,Wind,Fall,8741,292,Tuesday,October
2/2/2022,20,21,Wind,Winter,2853,33,Wednesday,February
8/14/2025,3,4,Wind,Summer,2267,226,Thursday,August
5/23/2023,8,9,Wind,Spring,6766,143,Tuesday,May
4/24/2023,18,19,Wind,Spring,6416,114,Monday,April
8/30/2021,21,22,Wind,Summer,5261,242,Monday,August
11/10/2020,11,12,Solar,Fall,2271,315,Tuesday,November
10/17/2023,10,11,Wind,Fall,6810,290,Tuesday,October
8/3/2024,12,13,Solar,Summer,8860,216,Saturday,August
9/16/2021,6,7,Wind,Fall,631,259,Thursday,September
5/23/2021,8,9,Wind,Spring,5138,143,Sunday,May
2/15/2020,7,8,Wind,Winter,6365,46,Saturday,February
3/16/2020,13,14,Wind,Spring,3587,76,Monday,March
4/9/2024,6,7,Wind,Spring,13710,100,Tuesday,April
5/18/2021,12,13,Solar,Spring,5550,138,Tuesday,May
8/4/2025,13,14,Solar,Summer,13010,216,Monday,August
1/5/2022,18,19,Wind,Winter,3791,5,Wednesday,January
12/1/2023,23,0,Wind,Winter,4345,335,Friday,December
7/28/2021,6,7,Wind,Summer,3178,209,Wednesday,July
2/24/2023,14,15,Wind,Winter,5858,55,Friday,February
7/26/2022,19,20,Wind,Summer,4218,207,Tuesday,July
3/18/2020,18,19,Wind,Spring,380,78,Wednesday,March
5/18/2025,7,8,Wind,Spring,3318,138,Sunday,May
9/30/2023,8,9,Wind,Fall,1568,273,Saturday,September
2/20/2020,8,9,Wind,Winter,7848,51,Thursday,February
5/16/2022,20,21,Wind,Spring,691,136,Monday,May
5/27/2021,3,4,Wind,Spring,1412,147,Thursday,May
2/12/2025,10,11,Solar,Winter,3450,43,Wednesday,February
9/13/2023,8,9,Wind,Fall,1595,256,Wednesday,September
6/24/2025,21,22,Wind,Summer,1094,175,Tuesday,June
8/21/2025,15,16,Wind,Summer,11238,233,Thursday,August
9/29/2022,20,21,Wind,Fall,1057,272,Thursday,September
5/1/2024,21,22,Wind,Spring,5445,122,Wednesday,May
12/9/2022,22,23,Wind,Winter,1529,343,Friday,December
11/25/2025,0,1,Wind,Fall,9734,329,Tuesday,November
10/23/2025,16,17,Wind,Fall,15398,296,Thursday,October
3/21/2024,5,6,Wind,Spring,2243,81,Thursday,March
5/3/2022,15,16,Solar,Spring,5540,123,Tuesday,May
1/14/2023,2,3,Wind,Winter,8733,14,Saturday,January
10/3/2022,18,19,Wind,Fall,1731,276,Monday,October
10/6/2021,4,5,Wind,Fall,8240,279,Wednesday,October
1/17/2025,22,23,Wind,Winter,1503,17,Friday,January
7/11/2024,22,23,Wind,Summer,3990,193,Thursday,July
2/19/2024,16,17,Wind,Winter,9227,50,Monday,February
3/8/2025,13,14,Wind,Spring,14741,67,Saturday,March
10/5/2022,15,16,Wind,Fall,14688,278,Wednesday,October
11/24/2024,6,7,Wind,Fall,18598,329,Sunday,November
5/6/2024,1,2,Wind,Spring,2849,127,Monday,May
4/10/2020,22,23,Wind,Spring,3686,101,Friday,April
7/22/2025,8,9,Wind,Summer,9162,203,Tuesday,July
10/23/2024,0,1,Wind,Fall,1780,297,Wednesday,October
11/6/2024,3,4,Wind,Fall,148,311,Wednesday,November
10/30/2022,14,15,Solar,Fall,5627,303,Sunday,October
2/16/2024,11,12,Wind,Winter,9141,47,Friday,February
10/29/2022,12,13,Wind,Fall,9218,302,Saturday,October
6/29/2024,17,18,Wind,Summer,5896,181,Saturday,June
10/28/2020,15,16,Wind,Fall,11856,302,Wednesday,October
11/23/2020,13,14,Solar,Fall,2770,328,Monday,November
8/7/2020,17,18,Solar,Summer,2939,220,Friday,August
4/28/2021,15,16,Wind,Spring,4461,118,Wednesday,April
10/8/2025,17,18,Solar,Fall,4242,281,Wednesday,October
9/16/2024,18,19,Wind,Fall,8604,260,Monday,September
9/1/2025,10,11,Wind,Fall,8188,244,Monday,September
4/5/2025,20,21,Wind,Spring,6463,95,Saturday,April
3/7/2022,17,18,Wind,Spring,7396,66,Monday,March
2/25/2023,18,19,Wind,Winter,8199,56,Saturday,February
1/31/2020,8,9,Wind,Winter,5824,31,Friday,January
8/9/2022,22,23,Wind,Summer,7621,221,Tuesday,August
4/26/2025,16,17,Wind,Spring,4158,116,Saturday,April
12/29/2023,22,23,Wind,Winter,10568,363,Friday,December
7/30/2025,15,16,Solar,Summer,9183,211,Wednesday,July
3/17/2023,17,18,Wind,Spring,8029,76,Friday,March
2/11/2025,1,2,Wind,Winter,5637,42,Tuesday,February
2/8/2021,8,9,Wind,Winter,1234,39,Monday,February
3/3/2024,3,4,Wind,Spring,2805,63,Sunday,March
2/2/2024,2,3,Wind,Winter,3042,33,Friday,February
8/30/2020,5,6,Wind,Summer,3412,243,Sunday,August
8/29/2024,12,13,Solar,Summer,6094,242,Thursday,August
11/8/2020,5,6,Wind,Fall,4481,313,Sunday,November
2/25/2024,10,11,Wind,Winter,11356,56,Sunday,February
11/30/2023,20,21,Wind,Fall,1743,334,Thursday,November
11/3/2022,14,15,Wind,Fall,10359,307,Thursday,November
1/29/2023,16,17,Wind,Winter,2807,29,Sunday,January
3/24/2025,17,18,Wind,Spring,3751,83,Monday,March
3/10/2024,11,12,Solar,Spring,4489,70,Sunday,March
7/22/2022,19,20,Wind,Summer,2905,203,Friday,July
2/9/2024,19,20,Wind,Winter,9829,40,Friday,February
12/19/2024,11,12,Wind,Winter,17655,354,Thursday,December
1/7/2024,5,6,Wind,Winter,7382,7,Sunday,January
12/3/2020,20,21,Wind,Winter,12392,338,Thursday,December
8/7/2025,3,4,Wind,Summer,930,219,Thursday,August
11/15/2025,3,4,Wind,Fall,4692,319,Saturday,November
11/2/2022,9,10,Wind,Fall,5751,306,Wednesday,November
5/12/2024,18,19,Wind,Spring,7203,133,Sunday,May
3/1/2021,20,21,Wind,Spring,4546,60,Monday,March
6/25/2025,14,15,Solar,Summer,9154,176,Wednesday,June
6/12/2022,19,20,Wind,Summer,4471,163,Sunday,June
8/9/2024,15,16,Solar,Summer,7538,222,Friday,August
7/17/2022,22,23,Wind,Summer,3664,198,Sunday,July
10/7/2023,4,5,Wind,Fall,1842,280,Saturday,October
10/26/2025,19,20,Wind,Fall,11977,299,Sunday,October
8/1/2024,13,14,Solar,Summer,7736,214,Thursday,August
11/14/2022,12,13,Wind,Fall,4986,318,Monday,November
9/6/2025,9,10,Wind,Fall,9528,249,Saturday,September
3/1/2023,0,1,Wind,Spring,7633,60,Wednesday,March
12/13/2024,21,22,Wind,Winter,718,348,Friday,December
9/26/2025,6,7,Wind,Fall,990,269,Friday,September
6/23/2025,4,5,Wind,Summer,5544,174,Monday,June
2/27/2023,16,17,Wind,Winter,16405,58,Monday,February
1/8/2022,14,15,Wind,Winter,15893,8,Saturday,January
1/23/2025,9,10,Wind,Winter,7687,23,Thursday,January
3/17/2022,15,16,Wind,Spring,5379,76,Thursday,March
12/25/2021,11,12,Solar,Winter,2139,359,Saturday,December
7/29/2025,15,16,Solar,Summer,11049,210,Tuesday,July
5/17/2022,7,8,Wind,Spring,3135,137,Tuesday,May
2/29/2024,5,6,Wind,Winter,7464,60,Thursday,February
12/13/2021,15,16,Solar,Winter,1959,347,Monday,December
1/7/2025,22,23,Wind,Winter,6904,7,Tuesday,January
6/15/2020,19,20,Wind,Summer,3068,167,Monday,June
2/1/2022,9,10,Wind,Winter,9308,32,Tuesday,February
7/24/2025,18,19,Wind,Summer,7239,205,Thursday,July
3/22/2022,12,13,Solar,Spring,8895,81,Tuesday,March
1/22/2024,5,6,Wind,Winter,16728,22,Monday,January
8/26/2024,22,23,Wind,Summer,1669,239,Monday,August
6/20/2024,12,13,Solar,Summer,5316,172,Thursday,June
5/27/2024,15,16,Wind,Spring,8313,148,Monday,May
3/27/2025,7,8,Wind,Spring,4075,86,Thursday,March
9/30/2024,14,15,Wind,Fall,17990,274,Monday,September
11/14/2022,21,22,Wind,Fall,6382,318,Monday,November
7/2/2023,8,9,Wind,Summer,2882,183,Sunday,July
8/7/2023,17,18,Solar,Summer,8202,219,Monday,August
4/3/2023,12,13,Wind,Spring,11111,93,Monday,April
7/8/2025,15,16,Solar,Summer,12184,189,Tuesday,July
9/16/2025,7,8,Wind,Fall,9343,259,Tuesday,September
4/13/2022,6,7,Wind,Spring,1107,103,Wednesday,April
6/26/2022,0,1,Wind,Summer,2699,177,Sunday,June
10/26/2024,5,6,Wind,Fall,2085,300,Saturday,October
5/15/2024,3,4,Wind,Spring,2598,136,Wednesday,May
8/4/2020,5,6,Wind,Summer,2214,217,Tuesday,August
9/16/2021,22,23,Wind,Fall,842,259,Thursday,September
10/29/2024,1,2,Wind,Fall,1733,303,Tuesday,October
2/20/2025,17,18,Wind,Winter,8149,51,Thursday,February
12/18/2023,8,9,Wind,Winter,2271,352,Monday,December
4/21/2025,21,22,Wind,Spring,2788,111,Monday,April
9/21/2022,16,17,Solar,Fall,6437,264,Wednesday,September
3/11/2025,16,17,Wind,Spring,6371,70,Tuesday,March
6/23/2023,11,12,Solar,Summer,7189,174,Friday,June
4/6/2023,9,10,Wind,Spring,4765,96,Thursday,April
6/7/2025,4,5,Wind,Summer,6797,158,Saturday,June
9/20/2025,19,20,Wind,Fall,10122,263,Saturday,September
11/30/2022,1,2,Wind,Fall,1058,334,Wednesday,November
10/30/2025,6,7,Wind,Fall,4783,303,Thursday,October
1/21/2025,8,9,Wind,Winter,2522,21,Tuesday,January
6/2/2024,15,16,Wind,Summer,5303,154,Sunday,June
3/23/2025,6,7,Wind,Spring,4373,82,Sunday,March
6/10/2024,4,5,Wind,Summer,3938,162,Monday,June
6/12/2025,14,15,Solar,Summer,5717,163,Thursday,June
1/2/2025,5,6,Wind,Winter,8804,2,Thursday,January
5/13/2021,15,16,Solar,Spring,5509,133,Thursday,May
6/17/2022,18,19,Solar,Summer,3404,168,Friday,June
10/13/2025,23,0,Wind,Fall,6944,286,Monday,October
9/16/2020,8,9,Wind,Fall,1013,260,Wednesday,September
12/18/2022,7,8,Wind,Winter,6542,352,Sunday,December
8/3/2024,5,6,Wind,Summer,3203,216,Saturday,August
9/26/2020,15,16,Wind,Fall,11741,270,Saturday,September
3/29/2020,6,7,Wind,Spring,11027,89,Sunday,March
7/1/2020,8,9,Wind,Summer,3679,183,Wednesday,July
6/19/2023,7,8,Wind,Summer,1807,170,Monday,June
11/2/2021,23,0,Wind,Fall,2889,306,Tuesday,November
3/1/2022,3,4,Wind,Spring,2612,60,Tuesday,March
3/17/2021,23,0,Wind,Spring,5240,76,Wednesday,March
4/26/2022,14,15,Solar,Spring,7982,116,Tuesday,April
11/15/2021,23,0,Wind,Fall,1107,319,Monday,November
8/18/2023,19,20,Wind,Summer,3018,230,Friday,August
8/15/2025,0,1,Wind,Summer,4269,227,Friday,August
7/9/2020,19,20,Wind,Summer,4573,191,Thursday,July
7/25/2022,21,22,Wind,Summer,7106,206,Monday,July
2/6/2023,12,13,Solar,Winter,9036,37,Monday,February
2/4/2025,3,4,Wind,Winter,1737,35,Tuesday,February
1/10/2020,5,6,Wind,Winter,7774,10,Friday,January
4/25/2023,7,8,Wind,Spring,2753,115,Tuesday,April
4/8/2024,23,0,Wind,Spring,9139,99,Monday,April
8/11/2020,16,17,Solar,Summer,3542,224,Tuesday,August
6/2/2025,8,9,Wind,Summer,2742,153,Monday,June
7/29/2022,21,22,Wind,Summer,2125,210,Friday,July
4/4/2024,13,14,Wind,Spring,20481,95,Thursday,April
3/1/2021,22,23,Wind,Spring,4978,60,Monday,March
2/20/2025,21,22,Wind,Winter,9773,51,Thursday,February
4/16/2020,19,20,Wind,Spring,1414,107,Thursday,April
3/28/2025,17,18,Wind,Spring,9362,87,Friday,March
5/21/2021,1,2,Wind,Spring,9817,141,Friday,May
7/13/2020,7,8,Wind,Summer,2341,195,Monday,July
8/31/2024,3,4,Wind,Summer,4579,244,Saturday,August
12/9/2024,9,10,Wind,Winter,15224,344,Monday,December
9/2/2023,13,14,Solar,Fall,6760,245,Saturday,September
4/14/2024,21,22,Wind,Spring,2636,105,Sunday,April
1/9/2020,0,1,Wind,Winter,6309,9,Thursday,January
10/19/2020,8,9,Wind,Fall,3178,293,Monday,October
6/29/2023,19,20,Wind,Summer,4840,180,Thursday,June
3/8/2022,19,20,Wind,Spring,4726,67,Tuesday,March
8/16/2025,4,5,Wind,Summer,7037,228,Saturday,August
1/6/2022,14,15,Solar,Winter,5505,6,Thursday,January
12/8/2021,22,23,Wind,Winter,5949,342,Wednesday,December
5/29/2023,5,6,Wind,Spring,8702,149,Monday,May
4/29/2022,19,20,Wind,Spring,4185,119,Friday,April
1/21/2024,13,14,Wind,Winter,15113,21,Sunday,January
10/28/2021,2,3,Wind,Fall,4894,301,Thursday,October
4/21/2025,19,20,Wind,Spring,4219,111,Monday,April
6/27/2020,6,7,Wind,Summer,3501,179,Saturday,June
3/18/2025,3,4,Wind,Spring,12324,77,Tuesday,March
6/15/2025,1,2,Wind,Summer,2950,166,Sunday,June
1/28/2023,16,17,Wind,Winter,4875,28,Saturday,January
10/21/2024,0,1,Wind,Fall,7969,295,Monday,October
2/7/2023,10,11,Wind,Winter,8915,38,Tuesday,February
2/12/2021,18,19,Wind,Winter,8474,43,Friday,February
11/6/2025,17,18,Wind,Fall,2204,310,Thursday,November
7/12/2025,17,18,Solar,Summer,7623,193,Saturday,July
10/6/2021,13,14,Wind,Fall,12605,279,Wednesday,October
11/10/2025,14,15,Wind,Fall,12527,314,Monday,November
1/10/2023,2,3,Wind,Winter,8206,10,Tuesday,January
5/8/2022,0,1,Wind,Spring,4571,128,Sunday,May
11/25/2024,20,21,Wind,Fall,6940,330,Monday,November
10/26/2020,21,22,Wind,Fall,7511,300,Monday,October
8/16/2022,0,1,Wind,Summer,994,228,Tuesday,August
4/25/2025,17,18,Solar,Spring,7637,115,Friday,April
10/6/2021,5,6,Wind,Fall,8206,279,Wednesday,October
11/1/2023,2,3,Wind,Fall,12791,305,Wednesday,November
3/27/2025,8,9,Wind,Spring,5016,86,Thursday,March
10/5/2024,2,3,Wind,Fall,2709,279,Saturday,October
2/26/2021,11,12,Wind,Winter,4537,57,Friday,February
10/8/2025,7,8,Wind,Fall,703,281,Wednesday,October
5/19/2022,9,10,Wind,Spring,5194,139,Thursday,May
9/17/2021,6,7,Wind,Fall,638,260,Friday,September
12/16/2021,20,21,Wind,Winter,5347,350,Thursday,December
6/24/2023,19,20,Solar,Summer,3126,175,Saturday,June
2/9/2023,11,12,Solar,Winter,5239,40,Thursday,February
5/13/2024,5,6,Wind,Spring,1791,134,Monday,May
10/4/2025,10,11,Wind,Fall,19412,277,Saturday,October
7/17/2025,8,9,Solar,Summer,3408,198,Thursday,July
7/6/2022,5,6,Wind,Summer,2998,187,Wednesday,July
2/11/2020,4,5,Wind,Winter,11863,42,Tuesday,February
8/20/2024,2,3,Wind,Summer,3228,233,Tuesday,August
8/29/2022,2,3,Wind,Summer,5234,241,Monday,August
8/21/2021,8,9,Wind,Summer,2289,233,Saturday,August
3/22/2022,4,5,Wind,Spring,4874,81,Tuesday,March
2/25/2024,5,6,Wind,Winter,7291,56,Sunday,February
1/17/2025,12,13,Solar,Winter,5260,17,Friday,January
12/8/2022,17,18,Wind,Winter,2074,342,Thursday,December
3/27/2024,1,2,Wind,Spring,5339,87,Wednesday,March
10/29/2022,20,21,Wind,Fall,5791,302,Saturday,October
9/25/2023,5,6,Wind,Fall,3360,268,Monday,September
5/29/2025,3,4,Wind,Spring,2576,149,Thursday,May
10/14/2021,3,4,Wind,Fall,1743,287,Thursday,October
10/11/2023,15,16,Solar,Fall,9015,284,Wednesday,October
5/20/2023,11,12,Wind,Spring,10266,140,Saturday,May
5/27/2022,10,11,Solar,Spring,5628,147,Friday,May
11/26/2020,1,2,Wind,Fall,2773,331,Thursday,November
6/29/2021,7,8,Wind,Summer,1489,180,Tuesday,June
9/30/2023,0,1,Wind,Fall,1029,273,Saturday,September
7/7/2023,13,14,Solar,Summer,10199,188,Friday,July
8/18/2021,5,6,Wind,Summer,2082,230,Wednesday,August
5/30/2020,13,14,Solar,Spring,7142,151,Saturday,May
12/3/2023,13,14,Wind,Winter,12003,337,Sunday,December
1/5/2024,9,10,Wind,Winter,7892,5,Friday,January
6/5/2024,18,19,Solar,Summer,6522,157,Wednesday,June
9/4/2020,3,4,Wind,Fall,1556,248,Friday,September
7/20/2023,19,20,Wind,Summer,3428,201,Thursday,July
5/15/2020,0,1,Wind,Spring,8261,136,Friday,May
11/23/2021,13,14,Wind,Fall,9773,327,Tuesday,November
12/22/2021,23,0,Wind,Winter,5802,356,Wednesday,December
11/13/2023,11,12,Wind,Fall,18876,317,Monday,November
11/25/2023,20,21,Wind,Fall,4410,329,Saturday,November
6/29/2023,7,8,Solar,Summer,1265,180,Thursday,June
6/1/2025,7,8,Wind,Summer,2320,152,Sunday,June
5/5/2023,2,3,Wind,Spring,2941,125,Friday,May
3/25/2021,14,15,Solar,Spring,4960,84,Thursday,March
7/7/2021,11,12,Solar,Summer,4779,188,Wednesday,July
1/6/2022,5,6,Wind,Winter,2049,6,Thursday,January
7/16/2024,1,2,Wind,Summer,8767,198,Tuesday,July
1/24/2024,2,3,Wind,Winter,17178,24,Wednesday,January
6/26/2020,0,1,Wind,Summer,3797,178,Friday,June
6/24/2020,12,13,Solar,Summer,6632,176,Wednesday,June
11/30/2023,16,17,Wind,Fall,1216,334,Thursday,November
2/6/2020,20,21,Wind,Winter,6009,37,Thursday,February
9/5/2022,0,1,Wind,Fall,5892,248,Monday,September
8/6/2025,17,18,Solar,Summer,6728,218,Wednesday,August
10/27/2023,4,5,Wind,Fall,9172,300,Friday,October
7/24/2023,11,12,Wind,Summer,10535,205,Monday,July
10/14/2021,22,23,Wind,Fall,1373,287,Thursday,October
1/12/2023,18,19,Wind,Winter,16129,12,Thursday,January
5/31/2021,0,1,Wind,Spring,5070,151,Monday,May
11/4/2021,19,20,Wind,Fall,4199,308,Thursday,November
6/20/2024,11,12,Solar,Summer,4899,172,Thursday,June
4/26/2023,18,19,Solar,Spring,2020,116,Wednesday,April
6/29/2025,23,0,Wind,Summer,4676,180,Sunday,June
1/23/2020,7,8,Wind,Winter,5287,23,Thursday,January
1/30/2022,2,3,Wind,Winter,4507,30,Sunday,January
8/3/2022,16,17,Solar,Summer,5552,215,Wednesday,August
9/13/2024,22,23,Wind,Fall,4252,257,Friday,September
4/25/2023,19,20,Wind,Spring,2273,115,Tuesday,April
9/25/2022,8,9,Wind,Fall,3110,268,Sunday,September
2/2/2025,20,21,Wind,Winter,1338,33,Sunday,February
2/16/2024,1,2,Wind,Winter,10687,47,Friday,February
8/28/2025,7,8,Wind,Summer,3117,240,Thursday,August
10/26/2023,18,19,Wind,Fall,4654,299,Thursday,October
5/18/2021,17,18,Wind,Spring,4730,138,Tuesday,May
7/18/2020,8,9,Solar,Summer,1804,200,Saturday,July
6/22/2024,12,13,Solar,Summer,7746,174,Saturday,June
3/17/2025,4,5,Wind,Spring,5414,76,Monday,March
6/25/2021,16,17,Solar,Summer,5149,176,Friday,June
7/26/2022,14,15,Solar,Summer,7335,207,Tuesday,July
6/10/2025,18,19,Solar,Summer,7100,161,Tuesday,June
2/16/2025,8,9,Wind,Winter,4873,47,Sunday,February
4/7/2022,13,14,Wind,Spring,17696,97,Thursday,April
2/3/2020,21,22,Wind,Winter,10771,34,Monday,February
10/17/2024,8,9,Wind,Fall,3165,291,Thursday,October
9/3/2024,13,14,Solar,Fall,5281,247,Tuesday,September
7/10/2024,6,7,Wind,Summer,3100,192,Wednesday,July
11/26/2023,13,14,Solar,Fall,6070,330,Sunday,November
8/13/2024,6,7,Wind,Summer,1141,226,Tuesday,August
6/7/2024,3,4,Wind,Summer,2329,159,Friday,June
4/29/2025,0,1,Wind,Spring,6877,119,Tuesday,April
5/23/2024,3,4,Wind,Spring,3036,144,Thursday,May
4/21/2021,14,15,Solar,Spring,5592,111,Wednesday,April
1/14/2020,15,16,Wind,Winter,13814,14,Tuesday,January
1/24/2025,21,22,Wind,Winter,11590,24,Friday,January
1/8/2020,16,17,Wind,Winter,3069,8,Wednesday,January
4/7/2023,20,21,Wind,Spring,2704,97,Friday,April
5/23/2020,6,7,Wind,Spring,2524,144,Saturday,May
2/11/2020,6,7,Wind,Winter,11631,42,Tuesday,February
10/6/2020,10,11,Wind,Fall,11206,280,Tuesday,October
2/24/2022,16,17,Wind,Winter,14179,55,Thursday,February
7/6/2023,7,8,Solar,Summer,1340,187,Thursday,July
6/6/2025,8,9,Wind,Summer,7508,157,Friday,June
4/6/2021,23,0,Wind,Spring,3992,96,Tuesday,April
9/14/2025,21,22,Wind,Fall,14751,257,Sunday,September
7/20/2023,22,23,Wind,Summer,2071,201,Thursday,July
10/24/2021,4,5,Wind,Fall,4056,297,Sunday,October
4/3/2025,3,4,Wind,Spring,10072,93,Thursday,April
3/12/2025,11,12,Solar,Spring,4529,71,Wednesday,March
11/27/2020,16,17,Wind,Fall,1662,332,Friday,November
4/15/2022,4,5,Wind,Spring,1294,105,Friday,April
4/25/2023,2,3,Wind,Spring,2620,115,Tuesday,April
4/30/2024,3,4,Wind,Spring,3529,121,Tuesday,April
2/21/2025,22,23,Wind,Winter,12234,52,Friday,February
3/10/2022,3,4,Wind,Spring,5858,69,Thursday,March
10/10/2023,16,17,Solar,Fall,5527,283,Tuesday,October
5/17/2025,1,2,Wind,Spring,7119,137,Saturday,May
9/29/2023,10,11,Wind,Fall,11544,272,Friday,September
3/12/2024,23,0,Wind,Spring,8268,72,Tuesday,March
4/24/2022,6,7,Wind,Spring,2801,114,Sunday,April
2/7/2025,20,21,Wind,Winter,9209,38,Friday,February
3/11/2022,1,2,Wind,Spring,8811,70,Friday,March
11/13/2021,0,1,Wind,Fall,6028,317,Saturday,November
11/21/2025,15,16,Wind,Fall,7003,325,Friday,November
3/26/2024,1,2,Wind,Spring,7721,86,Tuesday,March
3/21/2025,8,9,Wind,Spring,12665,80,Friday,March
8/15/2024,14,15,Solar,Summer,9758,228,Thursday,August
5/28/2025,17,18,Wind,Spring,17702,148,Wednesday,May
12/23/2023,21,22,Wind,Winter,14387,357,Saturday,December
9/17/2022,11,12,Wind,Fall,10410,260,Saturday,September
8/4/2024,10,11,Solar,Summer,6165,217,Sunday,August
2/1/2024,7,8,Wind,Winter,5460,32,Thursday,February
1/3/2023,6,7,Wind,Winter,4994,3,Tuesday,January
7/15/2022,17,18,Solar,Summer,6073,196,Friday,July
2/1/2020,2,3,Wind,Winter,8897,32,Saturday,February
8/26/2022,5,6,Wind,Summer,3140,238,Friday,August
11/25/2024,12,13,Wind,Fall,12182,330,Monday,November
3/30/2023,21,22,Wind,Spring,9358,89,Thursday,March
9/8/2025,15,16,Solar,Fall,6288,251,Monday,September
12/4/2020,10,11,Wind,Winter,7773,339,Friday,December
12/24/2024,22,23,Wind,Winter,2401,359,Tuesday,December
3/5/2023,7,8,Wind,Spring,1899,64,Sunday,March
8/11/2020,1,2,Wind,Summer,1697,224,Tuesday,August
8/26/2022,10,11,Solar,Summer,5642,238,Friday,August
7/6/2022,20,21,Wind,Summer,3478,187,Wednesday,July
8/22/2024,21,22,Wind,Summer,5770,235,Thursday,August
12/6/2022,3,4,Wind,Winter,1862,340,Tuesday,December
9/1/2020,6,7,Wind,Fall,1006,245,Tuesday,September
9/19/2023,12,13,Wind,Fall,15144,262,Tuesday,September
9/9/2021,15,16,Wind,Fall,5383,252,Thursday,September
11/2/2022,13,14,Wind,Fall,10158,306,Wednesday,November
3/5/2025,18,19,Wind,Spring,2008,64,Wednesday,March
7/22/2023,22,23,Wind,Summer,4175,203,Saturday,July
1/5/2020,14,15,Solar,Winter,2952,5,Sunday,January
6/26/2025,7,8,Wind,Summer,7668,177,Thursday,June
12/18/2023,4,5,Wind,Winter,1948,352,Monday,December
8/6/2025,23,0,Wind,Summer,1318,218,Wednesday,August
6/26/2021,12,13,Solar,Summer,4649,177,Saturday,June
2/2/2022,6,7,Wind,Winter,7485,33,Wednesday,February
9/18/2024,7,8,Wind,Fall,8921,262,Wednesday,September
2/25/2025,1,2,Wind,Winter,3638,56,Tuesday,February
3/14/2022,21,22,Wind,Spring,6052,73,Monday,March
10/29/2022,11,12,Wind,Fall,9396,302,Saturday,October
7/19/2024,17,18,Solar,Summer,6264,201,Friday,July
8/21/2022,16,17,Solar,Summer,4951,233,Sunday,August
4/10/2023,20,21,Wind,Spring,10159,100,Monday,April
11/28/2023,11,12,Wind,Fall,6161,332,Tuesday,November
11/4/2021,7,8,Wind,Fall,3133,308,Thursday,November
3/9/2020,23,0,Wind,Spring,9741,69,Monday,March
7/10/2020,17,18,Wind,Summer,4992,192,Friday,July
1/16/2025,10,11,Wind,Winter,7073,16,Thursday,January
5/19/2025,1,2,Wind,Spring,6109,139,Monday,May
7/7/2022,11,12,Solar,Summer,8621,188,Thursday,July
12/10/2020,13,14,Wind,Winter,4035,345,Thursday,December
10/12/2023,11,12,Solar,Fall,7762,285,Thursday,October
11/29/2024,15,16,Wind,Fall,5912,334,Friday,November
10/5/2021,1,2,Wind,Fall,7372,278,Tuesday,October
4/15/2025,16,17,Wind,Spring,8585,105,Tuesday,April
5/1/2021,23,0,Wind,Spring,3890,121,Saturday,May
11/16/2025,4,5,Wind,Fall,1691,320,Sunday,November
3/9/2023,12,13,Wind,Spring,17554,68,Thursday,March
8/27/2024,19,20,Wind,Summer,2062,240,Tuesday,August
11/3/2021,9,10,Wind,Fall,3955,307,Wednesday,November
3/5/2022,23,0,Wind,Spring,3949,64,Saturday,March
2/28/2020,22,23,Wind,Winter,11274,59,Friday,February
11/23/2023,10,11,Wind,Fall,6141,327,Thursday,November
10/27/2020,14,15,Wind,Fall,12379,301,Tuesday,October
11/24/2024,5,6,Wind,Fall,18615,329,Sunday,November
8/6/2021,5,6,Wind,Summer,6003,218,Friday,August
5/19/2020,23,0,Wind,Spring,4187,140,Tuesday,May
4/4/2025,6,7,Wind,Spring,6856,94,Friday,April
6/17/2025,0,1,Wind,Summer,3635,168,Tuesday,June
2/21/2025,10,11,Wind,Winter,15847,52,Friday,February
1/21/2022,23,0,Wind,Winter,3197,21,Friday,January
2/5/2024,15,16,Wind,Winter,9118,36,Monday,February
9/15/2021,17,18,Wind,Fall,3067,258,Wednesday,September
9/21/2025,8,9,Wind,Fall,2363,264,Sunday,September
9/6/2024,9,10,Wind,Fall,4227,250,Friday,September
1/18/2024,0,1,Wind,Winter,6778,18,Thursday,January
4/17/2020,19,20,Wind,Spring,2302,108,Friday,April
4/11/2023,5,6,Wind,Spring,8115,101,Tuesday,April
8/21/2023,20,21,Wind,Summer,1191,233,Monday,August
7/14/2023,13,14,Solar,Summer,13917,195,Friday,July
11/3/2025,5,6,Wind,Fall,7218,307,Monday,November
10/17/2021,21,22,Wind,Fall,2556,290,Sunday,October
11/30/2024,12,13,Solar,Fall,4832,335,Saturday,November
11/25/2023,21,22,Wind,Fall,4113,329,Saturday,November
1/31/2021,13,14,Wind,Winter,4830,31,Sunday,January
1/28/2023,4,5,Wind,Winter,5832,28,Saturday,January
5/26/2024,9,10,Wind,Spring,6474,147,Sunday,May
10/26/2024,20,21,Wind,Fall,1387,300,Saturday,October
3/23/2025,17,18,Wind,Spring,3278,82,Sunday,March
4/30/2022,7,8,Wind,Spring,4322,120,Saturday,April
4/20/2022,6,7,Wind,Spring,4805,110,Wednesday,April
6/2/2021,6,7,Wind,Summer,3681,153,Wednesday,June
1/24/2024,23,0,Wind,Winter,5801,24,Wednesday,January
1/1/2023,15,16,Wind,Winter,8841,1,Sunday,January
4/3/2023,10,11,Wind,Spring,9447,93,Monday,April
6/16/2024,23,0,Wind,Summer,2819,168,Sunday,June
8/3/2025,5,6,Wind,Summer,1935,215,Sunday,August
7/30/2023,11,12,Wind,Summer,8461,211,Sunday,July
11/18/2024,16,17,Wind,Fall,7512,323,Monday,November
12/24/2024,4,5,Wind,Winter,3896,359,Tuesday,December
11/18/2023,5,6,Wind,Fall,6173,322,Saturday,November
4/18/2023,10,11,Wind,Spring,9947,108,Tuesday,April
2/18/2020,10,11,Wind,Winter,8878,49,Tuesday,February
4/4/2025,9,10,Wind,Spring,8435,94,Friday,April
9/14/2022,1,2,Wind,Fall,2222,257,Wednesday,September
1/29/2020,6,7,Wind,Winter,7788,29,Wednesday,January
1/28/2024,2,3,Wind,Winter,7220,28,Sunday,January
4/10/2023,22,23,Wind,Spring,9987,100,Monday,April
11/26/2025,17,18,Wind,Fall,2667,330,Wednesday,November
11/14/2021,17,18,Wind,Fall,3983,318,Sunday,November
8/29/2020,23,0,Wind,Summer,3146,242,Saturday,August
10/20/2021,23,0,Wind,Fall,14105,293,Wednesday,October
12/18/2022,14,15,Wind,Winter,9866,352,Sunday,December
6/12/2023,23,0,Wind,Summer,2822,163,Monday,June
8/26/2020,2,3,Wind,Summer,9996,239,Wednesday,August
3/26/2024,16,17,Wind,Spring,5861,86,Tuesday,March
3/21/2021,13,14,Wind,Spring,9194,80,Sunday,March
7/17/2021,7,8,Wind,Summer,2997,198,Saturday,July
10/17/2021,13,14,Solar,Fall,5154,290,Sunday,October
3/26/2022,4,5,Wind,Spring,7484,85,Saturday,March
6/29/2022,16,17,Solar,Summer,5599,180,Wednesday,June
1/1/2020,19,20,Wind,Winter,1181,1,Wednesday,January
7/20/2024,5,6,Wind,Summer,1022,202,Saturday,July
2/14/2020,4,5,Wind,Winter,5436,45,Friday,February
9/10/2025,17,18,Wind,Fall,10232,253,Wednesday,September
4/25/2025,18,19,Solar,Spring,5940,115,Friday,April
10/20/2021,19,20,Wind,Fall,12501,293,Wednesday,October
4/16/2021,12,13,Wind,Spring,9475,106,Friday,April
2/21/2022,16,17,Wind,Winter,16981,52,Monday,February
9/3/2025,20,21,Wind,Fall,13651,246,Wednesday,September
6/7/2020,17,18,Solar,Summer,3557,159,Sunday,June
4/27/2023,11,12,Solar,Spring,6242,117,Thursday,April
4/10/2021,20,21,Wind,Spring,4730,100,Saturday,April
12/4/2021,10,11,Wind,Winter,10684,338,Saturday,December
2/24/2020,19,20,Wind,Winter,10886,55,Monday,February
9/9/2021,11,12,Wind,Fall,3730,252,Thursday,September
8/22/2020,1,2,Wind,Summer,4830,235,Saturday,August
7/22/2023,0,1,Wind,Summer,2780,203,Saturday,July
11/23/2022,3,4,Wind,Fall,6841,327,Wednesday,November
1/10/2024,10,11,Wind,Winter,2553,10,Wednesday,January
6/9/2025,2,3,Wind,Summer,1980,160,Monday,June
8/6/2022,22,23,Wind,Summer,7359,218,Saturday,August
5/24/2024,2,3,Wind,Spring,858,145,Friday,May
6/7/2025,5,6,Wind,Summer,7229,158,Saturday,June
6/4/2025,9,10,Wind,Summer,4864,155,Wednesday,June
7/7/2021,2,3,Wind,Summer,4008,188,Wednesday,July
1/21/2020,19,20,Wind,Winter,3804,21,Tuesday,January
11/18/2024,20,21,Wind,Fall,9698,323,Monday,November
7/15/2023,21,22,Wind,Summer,9590,196,Saturday,July
6/11/2020,16,17,Wind,Summer,5128,163,Thursday,June
8/31/2022,13,14,Solar,Summer,7007,243,Wednesday,August
1/23/2020,1,2,Wind,Winter,6776,23,Thursday,January
4/23/2023,20,21,Wind,Spring,10214,113,Sunday,April
9/14/2024,13,14,Solar,Fall,10425,258,Saturday,September
6/14/2025,8,9,Wind,Summer,5426,165,Saturday,June
5/10/2025,13,14,Solar,Spring,6944,130,Saturday,May
11/24/2025,18,19,Wind,Fall,11448,328,Monday,November
6/1/2023,14,15,Solar,Summer,9662,152,Thursday,June
7/16/2023,12,13,Wind,Summer,8159,197,Sunday,July
4/21/2022,7,8,Wind,Spring,3553,111,Thursday,April
10/13/2021,20,21,Wind,Fall,2169,286,Wednesday,October
9/12/2023,17,18,Solar,Fall,3541,255,Tuesday,September
3/3/2025,9,10,Solar,Spring,5647,62,Monday,March
11/18/2021,5,6,Wind,Fall,1363,322,Thursday,November
10/2/2025,9,10,Solar,Fall,5424,275,Thursday,October
8/15/2023,11,12,Solar,Summer,5290,227,Tuesday,August
8/21/2020,0,1,Wind,Summer,4957,234,Friday,August
1/18/2025,13,14,Solar,Winter,4165,18,Saturday,January
12/18/2020,6,7,Wind,Winter,6024,353,Friday,December
9/8/2020,7,8,Wind,Fall,1224,252,Tuesday,September
9/19/2022,18,19,Wind,Fall,4643,262,Monday,September
1/7/2021,16,17,Wind,Winter,1245,7,Thursday,January
10/15/2022,0,1,Wind,Fall,6877,288,Saturday,October
10/22/2020,23,0,Wind,Fall,3174,296,Thursday,October
5/10/2022,5,6,Wind,Spring,2336,130,Tuesday,May
11/19/2025,15,16,Wind,Fall,14209,323,Wednesday,November
4/22/2025,21,22,Wind,Spring,3114,112,Tuesday,April
9/19/2024,9,10,Wind,Fall,10053,263,Thursday,September
6/14/2022,17,18,Solar,Summer,4589,165,Tuesday,June
1/14/2021,3,4,Wind,Winter,7406,14,Thursday,January
4/14/2021,9,10,Solar,Spring,4051,104,Wednesday,April
12/17/2020,9,10,Wind,Winter,5050,352,Thursday,December
4/17/2024,18,19,Wind,Spring,10061,108,Wednesday,April
11/24/2023,14,15,Wind,Fall,14087,328,Friday,November
1/27/2024,9,10,Wind,Winter,4715,27,Saturday,January
11/28/2025,17,18,Wind,Fall,6838,332,Friday,November
11/29/2021,22,23,Wind,Fall,4680,333,Monday,November
2/15/2025,13,14,Solar,Winter,9563,46,Saturday,February
8/3/2024,3,4,Wind,Summer,3586,216,Saturday,August
2/26/2024,23,0,Wind,Winter,14028,57,Monday,February
10/15/2025,4,5,Wind,Fall,5192,288,Wednesday,October
1/25/2020,20,21,Wind,Winter,1912,25,Saturday,January
10/27/2020,19,20,Wind,Fall,11275,301,Tuesday,October
9/24/2020,15,16,Wind,Fall,9187,268,Thursday,September
5/11/2025,18,19,Wind,Spring,6079,131,Sunday,May
1/4/2020,19,20,Wind,Winter,2969,4,Saturday,January
9/5/2024,10,11,Wind,Fall,7511,249,Thursday,September
6/12/2024,19,20,Wind,Summer,3484,164,Wednesday,June
11/18/2025,13,14,Solar,Fall,8521,322,Tuesday,November
9/30/2021,13,14,Solar,Fall,8373,273,Thursday,September
1/18/2024,13,14,Wind,Winter,7406,18,Thursday,January
4/10/2025,2,3,Wind,Spring,9152,100,Thursday,April
1/21/2023,19,20,Wind,Winter,8905,21,Saturday,January
10/14/2020,19,20,Wind,Fall,5394,288,Wednesday,October
3/2/2021,17,18,Wind,Spring,2119,61,Tuesday,March
9/1/2023,8,9,Wind,Fall,6404,244,Friday,September
2/28/2021,8,9,Wind,Winter,7100,59,Sunday,February
6/5/2022,8,9,Wind,Summer,2905,156,Sunday,June
9/27/2020,9,10,Wind,Fall,12950,271,Sunday,September
11/29/2020,21,22,Wind,Fall,2581,334,Sunday,November
1/13/2023,17,18,Wind,Winter,12114,13,Friday,January
12/12/2020,3,4,Wind,Winter,5264,347,Saturday,December
6/10/2022,8,9,Solar,Summer,3451,161,Friday,June
9/5/2025,5,6,Wind,Fall,3073,248,Friday,September
5/28/2021,17,18,Solar,Spring,3776,148,Friday,May
8/13/2023,17,18,Solar,Summer,6313,225,Sunday,August
11/13/2024,21,22,Wind,Fall,5053,318,Wednesday,November
5/27/2021,21,22,Wind,Spring,1552,147,Thursday,May
3/14/2020,16,17,Wind,Spring,5134,74,Saturday,March
11/10/2021,1,2,Wind,Fall,576,314,Wednesday,November
3/13/2020,15,16,Wind,Spring,6501,73,Friday,March
7/9/2024,21,22,Wind,Summer,2789,191,Tuesday,July
8/1/2023,16,17,Wind,Summer,15715,213,Tuesday,August
1/28/2023,20,21,Wind,Winter,3066,28,Saturday,January
11/14/2025,5,6,Wind,Fall,12444,318,Friday,November
6/11/2020,20,21,Wind,Summer,3414,163,Thursday,June
7/14/2021,11,12,Wind,Summer,8011,195,Wednesday,July
4/2/2023,23,0,Wind,Spring,6236,92,Sunday,April
9/4/2024,14,15,Solar,Fall,4253,248,Wednesday,September
10/5/2020,19,20,Wind,Fall,9449,279,Monday,October
8/25/2024,23,0,Wind,Summer,2594,238,Sunday,August
10/10/2021,11,12,Solar,Fall,4221,283,Sunday,October
6/27/2024,22,23,Wind,Summer,3505,179,Thursday,June
11/4/2020,1,2,Wind,Fall,1716,309,Wednesday,November
7/20/2021,11,12,Solar,Summer,6377,201,Tuesday,July
8/2/2021,3,4,Wind,Summer,1116,214,Monday,August
9/23/2021,9,10,Solar,Fall,2760,266,Thursday,September
1/27/2024,8,9,Wind,Winter,3581,27,Saturday,January
12/30/2022,19,20,Wind,Winter,15334,364,Friday,December
11/18/2024,14,15,Wind,Fall,9122,323,Monday,November
12/4/2023,0,1,Wind,Winter,12629,338,Monday,December
1/2/2020,0,1,Wind,Winter,1267,2,Thursday,January
9/8/2021,4,5,Wind,Fall,5258,251,Wednesday,September
6/11/2025,22,23,Wind,Summer,6852,162,Wednesday,June
8/26/2025,4,5,Wind,Summer,4080,238,Tuesday,August
5/11/2024,9,10,Solar,Spring,6348,132,Saturday,May
5/18/2023,6,7,Wind,Spring,5477,138,Thursday,May
8/21/2025,0,1,Wind,Summer,3450,233,Thursday,August
10/15/2024,22,23,Wind,Fall,10680,289,Tuesday,October
5/15/2024,16,17,Solar,Spring,5901,136,Wednesday,May
5/12/2022,15,16,Solar,Spring,6042,132,Thursday,May
4/3/2020,7,8,Wind,Spring,1864,94,Friday,April
10/11/2021,16,17,Solar,Fall,5672,284,Monday,October
2/26/2023,9,10,Wind,Winter,17091,57,Sunday,February
3/17/2023,8,9,Wind,Spring,8681,76,Friday,March
10/23/2023,12,13,Wind,Fall,9170,296,Monday,October
4/29/2020,7,8,Wind,Spring,4629,120,Wednesday,April
10/12/2021,23,0,Wind,Fall,3559,285,Tuesday,October
12/14/2022,20,21,Wind,Winter,2282,348,Wednesday,December
11/30/2020,13,14,Solar,Fall,3638,335,Monday,November
2/15/2025,10,11,Solar,Winter,8954,46,Saturday,February
9/13/2020,22,23,Wind,Fall,2238,257,Sunday,September
5/20/2023,8,9,Wind,Spring,6405,140,Saturday,May
1/8/2022,8,9,Wind,Winter,7370,8,Saturday,January
2/13/2024,22,23,Wind,Winter,10458,44,Tuesday,February
8/28/2021,2,3,Wind,Summer,4282,240,Saturday,August
11/1/2022,16,17,Wind,Fall,11364,305,Tuesday,November
10/10/2021,7,8,Wind,Fall,1388,283,Sunday,October
11/25/2020,3,4,Wind,Fall,6472,330,Wednesday,November
6/24/2022,12,13,Wind,Summer,7951,175,Friday,June
9/21/2023,18,19,Wind,Fall,6345,264,Thursday,September
3/14/2021,22,23,Wind,Spring,10044,73,Sunday,March
9/13/2022,17,18,Wind,Fall,4288,256,Tuesday,September
9/13/2022,4,5,Wind,Fall,1837,256,Tuesday,September
10/13/2025,14,15,Solar,Fall,12354,286,Monday,October
1/11/2025,2,3,Wind,Winter,1684,11,Saturday,January
9/29/2020,4,5,Wind,Fall,1974,273,Tuesday,September
9/13/2022,13,14,Solar,Fall,6012,256,Tuesday,September
5/1/2022,12,13,Solar,Spring,6628,121,Sunday,May
4/18/2022,5,6,Wind,Spring,3161,108,Monday,April
12/23/2022,18,19,Wind,Winter,13842,357,Friday,December
6/26/2023,13,14,Solar,Summer,10406,177,Monday,June
8/25/2024,3,4,Wind,Summer,5857,238,Sunday,August
6/19/2022,13,14,Solar,Summer,10248,170,Sunday,June
7/7/2021,21,22,Wind,Summer,1885,188,Wednesday,July
8/30/2020,1,2,Wind,Summer,2748,243,Sunday,August
6/4/2022,21,22,Wind,Summer,4362,155,Saturday,June
3/28/2020,7,8,Wind,Spring,2548,88,Saturday,March
5/10/2024,12,13,Solar,Spring,11083,131,Friday,May
3/24/2020,2,3,Wind,Spring,6448,84,Tuesday,March
3/6/2023,6,7,Wind,Spring,1479,65,Monday,March
11/30/2021,0,1,Wind,Fall,6255,334,Tuesday,November
1/23/2023,12,13,Wind,Winter,7331,23,Monday,January
8/4/2023,18,19,Wind,Summer,7300,216,Friday,August
9/22/2025,14,15,Wind,Fall,8812,265,Monday,September
4/30/2024,1,2,Wind,Spring,3771,121,Tuesday,April
7/14/2020,22,23,Wind,Summer,1726,196,Tuesday,July
12/31/2023,15,16,Wind,Winter,18435,365,Sunday,December
3/4/2025,16,17,Solar,Spring,4702,63,Tuesday,March
1/2/2022,11,12,Wind,Winter,11203,2,Sunday,January
8/17/2021,6,7,Wind,Summer,1590,229,Tuesday,August
4/15/2023,7,8,Wind,Spring,7248,105,Saturday,April
9/22/2023,10,11,Wind,Fall,8885,265,Friday,September
12/6/2020,4,5,Wind,Winter,3287,341,Sunday,December
9/18/2023,5,6,Wind,Fall,6373,261,Monday,September
6/11/2020,23,0,Wind,Summer,4033,163,Thursday,June
8/9/2023,4,5,Wind,Summer,2396,221,Wednesday,August
8/29/2020,12,13,Wind,Summer,4482,242,Saturday,August
5/30/2024,17,18,Wind,Spring,12091,151,Thursday,May
6/9/2020,2,3,Wind,Summer,3597,161,Tuesday,June
9/12/2025,22,23,Wind,Fall,6097,255,Friday,September
2/15/2022,15,16,Wind,Winter,13655,46,Tuesday,February
11/17/2024,2,3,Wind,Fall,4894,322,Sunday,November
12/19/2023,8,9,Wind,Winter,8095,353,Tuesday,December
2/10/2024,19,20,Wind,Winter,7820,41,Saturday,February
10/24/2023,18,19,Wind,Fall,3772,297,Tuesday,October
6/23/2021,10,11,Solar,Summer,3755,174,Wednesday,June
1/9/2025,6,7,Wind,Winter,12685,9,Thursday,January
2/22/2024,20,21,Wind,Winter,17499,53,Thursday,February
6/6/2024,14,15,Solar,Summer,8522,158,Thursday,June
9/15/2024,1,2,Wind,Fall,3730,259,Sunday,September
12/15/2021,11,12,Solar,Winter,3503,349,Wednesday,December
10/6/2024,18,19,Wind,Fall,8023,280,Sunday,October
8/3/2023,21,22,Wind,Summer,4024,215,Thursday,August
10/20/2024,23,0,Wind,Fall,8964,294,Sunday,October
3/30/2021,19,20,Wind,Spring,1147,89,Tuesday,March
9/3/2020,7,8,Wind,Fall,2032,247,Thursday,September
10/6/2021,2,3,Wind,Fall,8433,279,Wednesday,October
1/7/2024,22,23,Wind,Winter,11747,7,Sunday,January
12/1/2023,6,7,Wind,Winter,2284,335,Friday,December
3/3/2021,21,22,Wind,Spring,1128,62,Wednesday,March
4/18/2020,21,22,Wind,Spring,1215,109,Saturday,April
4/11/2022,2,3,Wind,Spring,9774,101,Monday,April
12/12/2021,6,7,Wind,Winter,5111,346,Sunday,December
8/29/2021,18,19,Wind,Summer,6095,241,Sunday,August
3/18/2020,10,11,Solar,Spring,3175,78,Wednesday,March
6/25/2022,7,8,Wind,Summer,2159,176,Saturday,June
4/18/2023,11,12,Wind,Spring,11565,108,Tuesday,April
4/27/2021,20,21,Wind,Spring,1032,117,Tuesday,April
2/1/2020,16,17,Wind,Winter,11065,32,Saturday,February
9/20/2022,22,23,Wind,Fall,2922,263,Tuesday,September
1/29/2024,22,23,Wind,Winter,9034,29,Monday,January
9/13/2023,20,21,Wind,Fall,1390,256,Wednesday,September
10/30/2021,18,19,Wind,Fall,4389,303,Saturday,October
9/27/2022,2,3,Wind,Fall,6928,270,Tuesday,September
1/29/2025,9,10,Wind,Winter,13368,29,Wednesday,January
7/2/2024,0,1,Wind,Summer,3683,184,Tuesday,July
10/24/2020,3,4,Wind,Fall,6021,298,Saturday,October
6/21/2022,0,1,Wind,Summer,5789,172,Tuesday,June
2/16/2025,10,11,Solar,Winter,7270,47,Sunday,February
11/5/2025,17,18,Wind,Fall,12121,309,Wednesday,November
3/22/2025,7,8,Wind,Spring,8524,81,Saturday,March
11/8/2023,9,10,Wind,Fall,12232,312,Wednesday,November
10/10/2024,23,0,Wind,Fall,2319,284,Thursday,October
9/17/2024,10,11,Wind,Fall,14059,261,Tuesday,September
10/2/2023,19,20,Wind,Fall,5601,275,Monday,October
2/24/2021,12,13,Wind,Winter,8746,55,Wednesday,February
6/26/2023,9,10,Solar,Summer,6076,177,Monday,June
2/11/2023,14,15,Solar,Winter,5927,42,Saturday,February
6/25/2025,23,0,Wind,Summer,5491,176,Wednesday,June
8/28/2023,21,22,Wind,Summer,3213,240,Monday,August
1/26/2021,17,18,Wind,Winter,3944,26,Tuesday,January
12/30/2020,9,10,Wind,Winter,3287,365,Wednesday,December
12/7/2021,1,2,Wind,Winter,8851,341,Tuesday,December
4/13/2020,20,21,Wind,Spring,10314,104,Monday,April
8/2/2024,22,23,Wind,Summer,4700,215,Friday,August
12/12/2021,22,23,Wind,Winter,1910,346,Sunday,December
5/3/2025,22,23,Wind,Spring,5299,123,Saturday,May
11/26/2024,16,17,Wind,Fall,3695,331,Tuesday,November
6/4/2025,8,9,Wind,Summer,3666,155,Wednesday,June
5/16/2021,6,7,Wind,Spring,4293,136,Sunday,May
9/21/2025,1,2,Wind,Fall,7088,264,Sunday,September
6/25/2022,21,22,Wind,Summer,2133,176,Saturday,June
4/10/2024,3,4,Wind,Spring,6344,101,Wednesday,April
6/5/2024,23,0,Wind,Summer,1730,157,Wednesday,June
9/3/2024,16,17,Solar,Fall,4492,247,Tuesday,September
1/20/2024,20,21,Wind,Winter,8001,20,Saturday,January
12/30/2023,12,13,Wind,Winter,12265,364,Saturday,December
10/8/2021,10,11,Solar,Fall,5294,281,Friday,October
11/27/2024,3,4,Wind,Fall,11127,332,Wednesday,November
12/29/2020,9,10,Wind,Winter,4426,364,Tuesday,December
1/20/2020,15,16,Wind,Winter,6593,20,Monday,January
5/10/2024,5,6,Wind,Spring,4594,131,Friday,May
6/21/2021,16,17,Solar,Summer,4701,172,Monday,June
1/28/2022,22,23,Wind,Winter,3521,28,Friday,January
6/15/2020,11,12,Solar,Summer,4552,167,Monday,June
10/10/2025,21,22,Wind,Fall,4056,283,Friday,October
4/23/2021,20,21,Wind,Spring,5369,113,Friday,April
2/1/2025,13,14,Solar,Winter,6105,32,Saturday,February
3/11/2023,8,9,Wind,Spring,4389,70,Saturday,March
3/26/2020,15,16,Wind,Spring,8343,86,Thursday,March
11/18/2023,23,0,Wind,Fall,11947,322,Saturday,November
5/19/2020,14,15,Solar,Spring,5795,140,Tuesday,May
2/10/2023,6,7,Wind,Winter,629,41,Friday,February
5/5/2021,17,18,Wind,Spring,10312,125,Wednesday,May
9/22/2024,20,21,Wind,Fall,2722,266,Sunday,September
12/29/2020,12,13,Wind,Winter,5039,364,Tuesday,December
3/25/2020,12,13,Solar,Spring,5870,85,Wednesday,March
10/4/2020,17,18,Wind,Fall,11028,278,Sunday,October
4/9/2024,11,12,Wind,Spring,11478,100,Tuesday,April
12/29/2021,9,10,Wind,Winter,8302,363,Wednesday,December
6/22/2024,11,12,Solar,Summer,7321,174,Saturday,June
2/23/2025,21,22,Wind,Winter,11852,54,Sunday,February
3/4/2024,23,0,Wind,Spring,5856,64,Monday,March
8/7/2021,8,9,Wind,Summer,4137,219,Saturday,August
1/27/2024,13,14,Solar,Winter,5520,27,Saturday,January
3/4/2024,6,7,Wind,Spring,3881,64,Monday,March
11/20/2024,23,0,Wind,Fall,6132,325,Wednesday,November
5/19/2020,10,11,Solar,Spring,4412,140,Tuesday,May
5/24/2021,10,11,Wind,Spring,9548,144,Monday,May
3/6/2024,8,9,Solar,Spring,2257,66,Wednesday,March
11/2/2022,2,3,Wind,Fall,9453,306,Wednesday,November
12/1/2024,1,2,Wind,Winter,4016,336,Sunday,December
9/9/2024,19,20,Wind,Fall,7981,253,Monday,September
11/29/2024,1,2,Wind,Fall,5147,334,Friday,November
11/29/2023,20,21,Wind,Fall,2256,333,Wednesday,November
12/29/2022,14,15,Wind,Winter,11907,363,Thursday,December
4/14/2025,11,12,Solar,Spring,7730,104,Monday,April
6/30/2023,5,6,Wind,Summer,2493,181,Friday,June
5/4/2022,3,4,Wind,Spring,2101,124,Wednesday,May
2/23/2020,1,2,Wind,Winter,8085,54,Sunday,February
11/27/2020,12,13,Solar,Fall,2867,332,Friday,November
12/31/2023,2,3,Wind,Winter,16903,365,Sunday,December
12/13/2022,4,5,Wind,Winter,6726,347,Tuesday,December
6/8/2025,3,4,Wind,Summer,11586,159,Sunday,June
1/28/2021,2,3,Wind,Winter,7021,28,Thursday,January
9/6/2020,12,13,Solar,Fall,4167,250,Sunday,September
10/30/2020,14,15,Wind,Fall,6293,304,Friday,October
7/15/2023,4,5,Wind,Summer,6081,196,Saturday,July
9/19/2020,9,10,Wind,Fall,3664,263,Saturday,September
2/22/2021,21,22,Wind,Winter,5226,53,Monday,February
4/7/2022,12,13,Wind,Spring,17815,97,Thursday,April
5/10/2022,1,2,Wind,Spring,787,130,Tuesday,May
10/26/2022,19,20,Wind,Fall,2435,299,Wednesday,October
6/19/2024,12,13,Solar,Summer,10246,171,Wednesday,June
1/16/2021,11,12,Wind,Winter,6320,16,Saturday,January
5/28/2022,18,19,Wind,Spring,8846,148,Saturday,May
10/29/2025,17,18,Wind,Fall,8855,302,Wednesday,October
5/10/2024,14,15,Solar,Spring,11009,131,Friday,May
3/5/2024,3,4,Wind,Spring,5593,65,Tuesday,March
2/8/2021,20,21,Wind,Winter,2080,39,Monday,February
4/5/2021,9,10,Wind,Spring,7362,95,Monday,April
10/25/2024,17,18,Wind,Fall,3111,299,Friday,October
8/9/2025,14,15,Solar,Summer,5192,221,Saturday,August
8/13/2024,22,23,Wind,Summer,1520,226,Tuesday,August
6/17/2024,10,11,Solar,Summer,6256,169,Monday,June
4/16/2023,4,5,Wind,Spring,5339,106,Sunday,April
7/2/2023,17,18,Wind,Summer,7678,183,Sunday,July
6/26/2022,23,0,Wind,Summer,1151,177,Sunday,June
9/17/2024,9,10,Wind,Fall,11852,261,Tuesday,September
12/31/2021,9,10,Wind,Winter,6180,365,Friday,December
12/20/2021,15,16,Wind,Winter,3926,354,Monday,December
9/30/2022,16,17,Wind,Fall,9086,273,Friday,September
11/4/2025,14,15,Wind,Fall,12790,308,Tuesday,November
3/19/2022,22,23,Wind,Spring,8847,78,Saturday,March
5/29/2022,19,20,Wind,Spring,5235,149,Sunday,May
9/24/2024,12,13,Wind,Fall,12247,268,Tuesday,September
12/16/2023,18,19,Wind,Winter,2464,350,Saturday,December
11/3/2024,6,7,Wind,Fall,2638,308,Sunday,November
11/29/2020,18,19,Wind,Fall,2915,334,Sunday,November
9/16/2021,9,10,Solar,Fall,1244,259,Thursday,September
3/29/2025,4,5,Wind,Spring,9879,88,Saturday,March
7/10/2023,9,10,Solar,Summer,3808,191,Monday,July
12/28/2023,18,19,Wind,Winter,13143,362,Thursday,December
12/2/2020,18,19,Wind,Winter,1702,337,Wednesday,December
9/11/2021,2,3,Wind,Fall,1693,254,Saturday,September
10/20/2025,11,12,Wind,Fall,17289,293,Monday,October
10/4/2020,19,20,Wind,Fall,9887,278,Sunday,October
5/22/2022,8,9,Wind,Spring,3176,142,Sunday,May
4/21/2025,18,19,Wind,Spring,5746,111,Monday,April
4/29/2023,9,10,Solar,Spring,2584,119,Saturday,April
11/13/2020,13,14,Wind,Fall,6261,318,Friday,November
4/26/2020,6,7,Wind,Spring,1181,117,Sunday,April
11/18/2021,20,21,Wind,Fall,1523,322,Thursday,November
11/4/2023,5,6,Wind,Fall,12917,308,Saturday,November
1/6/2020,12,13,Wind,Winter,5508,6,Monday,January
2/11/2025,0,1,Wind,Winter,6544,42,Tuesday,February
9/23/2024,22,23,Wind,Fall,5320,267,Monday,September
7/24/2021,6,7,Wind,Summer,3849,205,Saturday,July
5/25/2022,4,5,Wind,Spring,2759,145,Wednesday,May
10/2/2020,4,5,Wind,Fall,10200,276,Friday,October
6/16/2024,5,6,Wind,Summer,8312,168,Sunday,June
3/17/2022,7,8,Wind,Spring,4859,76,Thursday,March
7/25/2021,20,21,Wind,Summer,2703,206,Sunday,July
8/14/2020,1,2,Wind,Summer,2099,227,Friday,August
2/5/2021,9,10,Wind,Winter,2001,36,Friday,February
10/23/2021,14,15,Solar,Fall,5243,296,Saturday,October
10/14/2023,13,14,Wind,Fall,6935,287,Saturday,October
1/9/2024,12,13,Wind,Winter,7316,9,Tuesday,January
6/1/2022,21,22,Wind,Summer,2633,152,Wednesday,June
11/13/2025,7,8,Wind,Fall,10177,317,Thursday,November
12/23/2020,18,19,Wind,Winter,12555,358,Wednesday,December
3/28/2020,21,22,Wind,Spring,11009,88,Saturday,March
3/22/2023,19,20,Wind,Spring,12608,81,Wednesday,March
12/14/2020,20,21,Wind,Winter,6605,349,Monday,December
10/16/2022,7,8,Wind,Fall,2775,289,Sunday,October
12/25/2022,7,8,Wind,Winter,5233,359,Sunday,December
5/28/2022,21,22,Wind,Spring,6221,148,Saturday,May
7/29/2021,8,9,Wind,Summer,3787,210,Thursday,July
6/9/2021,18,19,Solar,Summer,3406,160,Wednesday,June
6/29/2023,22,23,Wind,Summer,2982,180,Thursday,June
11/28/2021,21,22,Wind,Fall,5528,332,Sunday,November
9/6/2025,15,16,Solar,Fall,7432,249,Saturday,September
11/22/2025,19,20,Wind,Fall,10661,326,Saturday,November
8/21/2023,7,8,Wind,Summer,1897,233,Monday,August
10/1/2025,0,1,Wind,Fall,2823,274,Wednesday,October
6/20/2025,12,13,Solar,Summer,11247,171,Friday,June
1/31/2025,19,20,Wind,Winter,5419,31,Friday,January
7/2/2024,11,12,Solar,Summer,6880,184,Tuesday,July
2/3/2021,20,21,Wind,Winter,9043,34,Wednesday,February
1/25/2021,5,6,Wind,Winter,6084,25,Monday,January
3/3/2025,0,1,Wind,Spring,4216,62,Monday,March
5/4/2024,17,18,Wind,Spring,5803,125,Saturday,May
9/9/2024,18,19,Wind,Fall,9916,253,Monday,September
9/16/2024,3,4,Wind,Fall,2943,260,Monday,September
7/12/2024,21,22,Wind,Summer,2752,194,Friday,July
11/28/2022,14,15,Wind,Fall,4538,332,Monday,November
3/22/2020,10,11,Wind,Spring,11238,82,Sunday,March
2/5/2020,18,19,Wind,Winter,1769,36,Wednesday,February
11/5/2024,8,9,Wind,Fall,2186,310,Tuesday,November
8/15/2020,6,7,Wind,Summer,457,228,Saturday,August
9/19/2020,5,6,Wind,Fall,4265,263,Saturday,September
9/30/2022,10,11,Solar,Fall,4255,273,Friday,September
11/23/2020,17,18,Wind,Fall,620,328,Monday,November
7/22/2024,13,14,Solar,Summer,10243,204,Monday,July
5/18/2024,6,7,Wind,Spring,761,139,Saturday,May
8/9/2022,1,2,Wind,Summer,7181,221,Tuesday,August
9/19/2024,20,21,Wind,Fall,7802,263,Thursday,September
5/16/2025,18,19,Wind,Spring,10928,136,Friday,May
8/29/2021,1,2,Wind,Summer,4508,241,Sunday,August
5/26/2025,6,7,Wind,Spring,5453,146,Monday,May
2/27/2021,8,9,Wind,Winter,6414,58,Saturday,February
2/1/2023,14,15,Wind,Winter,11735,32,Wednesday,February
11/19/2021,8,9,Wind,Fall,1628,323,Friday,November
9/3/2022,8,9,Wind,Fall,2057,246,Saturday,September
10/19/2024,8,9,Wind,Fall,6338,293,Saturday,October
6/8/2022,22,23,Wind,Summer,6493,159,Wednesday,June
6/25/2021,18,19,Solar,Summer,3314,176,Friday,June
9/29/2023,4,5,Wind,Fall,8331,272,Friday,September
9/26/2023,0,1,Wind,Fall,1382,269,Tuesday,September
3/23/2024,21,22,Wind,Spring,9466,83,Saturday,March
6/24/2023,10,11,Solar,Summer,6886,175,Saturday,June
8/30/2020,9,10,Wind,Summer,4184,243,Sunday,August
9/25/2021,13,14,Solar,Fall,4377,268,Saturday,September
2/9/2024,3,4,Wind,Winter,16390,40,Friday,February
7/28/2020,19,20,Wind,Summer,5024,210,Tuesday,July
8/12/2020,7,8,Wind,Summer,2071,225,Wednesday,August
5/22/2025,5,6,Wind,Spring,5212,142,Thursday,May
10/19/2024,9,10,Wind,Fall,7672,293,Saturday,October
11/20/2025,19,20,Wind,Fall,4026,324,Thursday,November
7/18/2025,13,14,Solar,Summer,9011,199,Friday,July
1/3/2021,22,23,Wind,Winter,2226,3,Sunday,January
6/26/2021,8,9,Solar,Summer,1519,177,Saturday,June
11/18/2024,10,11,Wind,Fall,9491,323,Monday,November
8/1/2022,0,1,Wind,Summer,2712,213,Monday,August
4/19/2021,21,22,Wind,Spring,789,109,Monday,April
6/29/2020,12,13,Wind,Summer,8685,181,Monday,June
6/7/2024,13,14,Solar,Summer,6670,159,Friday,June
10/1/2023,11,12,Solar,Fall,6703,274,Sunday,October
5/19/2025,5,6,Wind,Spring,5266,139,Monday,May
7/6/2025,22,23,Wind,Summer,6434,187,Sunday,July
6/30/2020,7,8,Wind,Summer,3596,182,Tuesday,June
3/6/2025,7,8,Wind,Spring,9579,65,Thursday,March
4/17/2021,19,20,Wind,Spring,6158,107,Saturday,April
4/19/2023,9,10,Wind,Spring,7649,109,Wednesday,April
2/28/2021,18,19,Wind,Winter,5701,59,Sunday,February
1/15/2020,21,22,Wind,Winter,4745,15,Wednesday,January
10/28/2020,23,0,Wind,Fall,11043,302,Wednesday,October
10/12/2020,16,17,Wind,Fall,3991,286,Monday,October
1/6/2023,23,0,Wind,Winter,8096,6,Friday,January
6/2/2020,18,19,Solar,Summer,2473,154,Tuesday,June
7/16/2025,14,15,Solar,Summer,16316,197,Wednesday,July
4/7/2020,15,16,Solar,Spring,5040,98,Tuesday,April
8/17/2020,20,21,Wind,Summer,1498,230,Monday,August
9/27/2023,4,5,Wind,Fall,480,270,Wednesday,September
4/28/2022,0,1,Wind,Spring,7345,118,Thursday,April
5/15/2023,4,5,Wind,Spring,2885,135,Monday,May
3/30/2022,16,17,Wind,Spring,3581,89,Wednesday,March
5/15/2025,0,1,Wind,Spring,6342,135,Thursday,May
12/31/2021,6,7,Wind,Winter,5824,365,Friday,December
6/2/2025,13,14,Solar,Summer,6203,153,Monday,June
11/30/2021,15,16,Wind,Fall,12500,334,Tuesday,November
5/28/2022,19,20,Wind,Spring,8020,148,Saturday,May
12/19/2024,16,17,Wind,Winter,15633,354,Thursday,December
4/20/2024,5,6,Wind,Spring,6858,111,Saturday,April
7/4/2021,23,0,Wind,Summer,2638,185,Sunday,July
10/24/2021,2,3,Wind,Fall,4189,297,Sunday,October
11/29/2025,21,22,Wind,Fall,7062,333,Saturday,November
3/25/2024,23,0,Wind,Spring,8777,85,Monday,March
6/5/2022,23,0,Wind,Summer,3380,156,Sunday,June
12/21/2020,12,13,Wind,Winter,12640,356,Monday,December
10/18/2021,4,5,Wind,Fall,2664,291,Monday,October
8/17/2022,10,11,Solar,Summer,3428,229,Wednesday,August
5/8/2022,11,12,Solar,Spring,7322,128,Sunday,May
4/30/2025,0,1,Wind,Spring,7318,120,Wednesday,April
1/31/2022,22,23,Wind,Winter,8147,31,Monday,January
5/19/2022,2,3,Wind,Spring,4815,139,Thursday,May
12/15/2020,2,3,Wind,Winter,5470,350,Tuesday,December
5/1/2024,15,16,Wind,Spring,2385,122,Wednesday,May
10/14/2022,12,13,Wind,Fall,8105,287,Friday,October
9/12/2024,1,2,Wind,Fall,4725,256,Thursday,September
7/17/2021,1,2,Wind,Summer,2929,198,Saturday,July
4/23/2023,17,18,Wind,Spring,16075,113,Sunday,April
9/25/2022,12,13,Solar,Fall,6161,268,Sunday,September
12/1/2024,12,13,Wind,Winter,10028,336,Sunday,December
1/21/2024,21,22,Wind,Winter,16235,21,Sunday,January
12/31/2024,23,0,Wind,Winter,10602,366,Tuesday,December
8/2/2025,0,1,Wind,Summer,4160,214,Saturday,August
11/9/2022,12,13,Wind,Fall,7650,313,Wednesday,November
6/16/2024,22,23,Wind,Summer,2549,168,Sunday,June
5/28/2020,14,15,Solar,Spring,7591,149,Thursday,May
11/24/2025,17,18,Wind,Fall,11121,328,Monday,November
6/23/2021,3,4,Wind,Summer,2688,174,Wednesday,June
9/4/2022,9,10,Solar,Fall,4056,247,Sunday,September
11/21/2021,6,7,Wind,Fall,569,325,Sunday,November
5/27/2023,17,18,Solar,Spring,6146,147,Saturday,May
9/16/2025,21,22,Wind,Fall,3074,259,Tuesday,September
3/7/2020,3,4,Wind,Spring,3332,67,Saturday,March
9/16/2022,20,21,Wind,Fall,4896,259,Friday,September
4/1/2025,12,13,Wind,Spring,18978,91,Tuesday,April
3/20/2024,12,13,Solar,Spring,7394,80,Wednesday,March
4/9/2020,15,16,Solar,Spring,4576,100,Thursday,April
5/18/2024,13,14,Solar,Spring,3058,139,Saturday,May
10/28/2021,6,7,Wind,Fall,5836,301,Thursday,October
3/23/2021,23,0,Wind,Spring,1340,82,Tuesday,March
5/22/2023,22,23,Wind,Spring,5407,142,Monday,May
6/25/2022,18,19,Wind,Summer,4491,176,Saturday,June
4/17/2024,14,15,Wind,Spring,13351,108,Wednesday,April
7/18/2021,23,0,Wind,Summer,6890,199,Sunday,July
4/19/2020,15,16,Wind,Spring,3193,110,Sunday,April
10/12/2023,6,7,Wind,Fall,4319,285,Thursday,October
3/15/2022,18,19,Wind,Spring,2580,74,Tuesday,March
1/11/2025,19,20,Wind,Winter,2507,11,Saturday,January
10/13/2023,15,16,Wind,Fall,17641,286,Friday,October
3/12/2021,8,9,Wind,Spring,10511,71,Friday,March
4/20/2022,5,6,Wind,Spring,4689,110,Wednesday,April
11/17/2025,16,17,Wind,Fall,8101,321,Monday,November
4/28/2025,13,14,Solar,Spring,4939,118,Monday,April
5/17/2020,22,23,Wind,Spring,2263,138,Sunday,May
4/2/2024,21,22,Wind,Spring,8880,93,Tuesday,April
5/19/2022,16,17,Solar,Spring,7748,139,Thursday,May
12/14/2023,4,5,Wind,Winter,7008,348,Thursday,December
7/20/2025,4,5,Wind,Summer,4069,201,Sunday,July
7/8/2020,10,11,Solar,Summer,5097,190,Wednesday,July
4/26/2024,22,23,Wind,Spring,3763,117,Friday,April
8/29/2023,17,18,Solar,Summer,5120,241,Tuesday,August
11/17/2022,23,0,Wind,Fall,8902,321,Thursday,November
11/20/2025,4,5,Wind,Fall,7695,324,Thursday,November
7/11/2023,4,5,Wind,Summer,1935,192,Tuesday,July
1/27/2021,18,19,Wind,Winter,4009,27,Wednesday,January
10/9/2020,11,12,Wind,Fall,4222,283,Friday,October
11/25/2021,14,15,Wind,Fall,3710,329,Thursday,November
12/13/2020,14,15,Wind,Winter,7343,348,Sunday,December
6/24/2020,19,20,Wind,Summer,3291,176,Wednesday,June
10/18/2020,8,9,Wind,Fall,1059,292,Sunday,October
4/17/2020,0,1,Wind,Spring,2220,108,Friday,April
10/25/2022,2,3,Wind,Fall,5694,298,Tuesday,October
3/24/2023,15,16,Wind,Spring,17590,83,Friday,March
9/30/2022,19,20,Wind,Fall,6940,273,Friday,September
6/1/2024,5,6,Wind,Summer,5758,153,Saturday,June
11/10/2025,16,17,Wind,Fall,9768,314,Monday,November
2/22/2024,9,10,Wind,Winter,17056,53,Thursday,February
9/24/2021,16,17,Solar,Fall,3933,267,Friday,September
11/8/2023,19,20,Wind,Fall,14862,312,Wednesday,November
7/15/2022,8,9,Wind,Summer,3844,196,Friday,July
4/4/2024,16,17,Wind,Spring,18160,95,Thursday,April
8/3/2025,6,7,Wind,Summer,1968,215,Sunday,August
8/16/2020,0,1,Wind,Summer,1831,229,Sunday,August
10/26/2023,6,7,Wind,Fall,5403,299,Thursday,October
7/2/2023,7,8,Wind,Summer,2703,183,Sunday,July
12/11/2022,18,19,Wind,Winter,1499,345,Sunday,December
12/7/2022,0,1,Wind,Winter,2427,341,Wednesday,December
5/28/2025,9,10,Wind,Spring,14628,148,Wednesday,May
7/4/2024,11,12,Wind,Summer,11596,186,Thursday,July
6/20/2020,14,15,Solar,Summer,4334,172,Saturday,June
10/27/2025,19,20,Wind,Fall,9625,300,Monday,October
2/21/2021,12,13,Wind,Winter,9016,52,Sunday,February
1/3/2025,14,15,Wind,Winter,5219,3,Friday,January
2/13/2025,0,1,Wind,Winter,1016,44,Thursday,February
6/23/2021,17,18,Wind,Summer,4314,174,Wednesday,June
8/17/2020,0,1,Wind,Summer,2055,230,Monday,August
8/12/2023,12,13,Solar,Summer,7944,224,Saturday,August
1/22/2025,11,12,Wind,Winter,6748,22,Wednesday,January
9/14/2025,14,15,Wind,Fall,7618,257,Sunday,September
11/8/2021,10,11,Solar,Fall,3832,312,Monday,November
1/3/2021,23,0,Wind,Winter,2060,3,Sunday,January
6/15/2021,6,7,Wind,Summer,1647,166,Tuesday,June
11/1/2024,16,17,Solar,Fall,1612,306,Friday,November
11/25/2024,11,12,Wind,Fall,12852,330,Monday,November
2/21/2021,17,18,Wind,Winter,5918,52,Sunday,February
5/15/2020,16,17,Wind,Spring,5825,136,Friday,May
11/19/2023,5,6,Wind,Fall,11783,323,Sunday,November
6/10/2021,21,22,Wind,Summer,1475,161,Thursday,June
7/18/2022,15,16,Solar,Summer,7346,199,Monday,July
11/22/2021,4,5,Wind,Fall,8247,326,Monday,November
1/18/2022,15,16,Wind,Winter,4530,18,Tuesday,January
7/16/2025,3,4,Wind,Summer,7222,197,Wednesday,July
1/27/2022,20,21,Wind,Winter,3833,27,Thursday,January
3/29/2024,3,4,Wind,Spring,10394,89,Friday,March
8/23/2025,18,19,Solar,Summer,5153,235,Saturday,August
3/4/2023,19,20,Wind,Spring,3414,63,Saturday,March
4/25/2022,4,5,Wind,Spring,3390,115,Monday,April
5/25/2020,21,22,Wind,Spring,2713,146,Monday,May
6/6/2025,12,13,Wind,Summer,7272,157,Friday,June
1/6/2020,0,1,Wind,Winter,2280,6,Monday,January
6/30/2023,18,19,Wind,Summer,8277,181,Friday,June
9/3/2024,8,9,Solar,Fall,1421,247,Tuesday,September
8/10/2024,12,13,Solar,Summer,4442,223,Saturday,August
2/12/2024,20,21,Wind,Winter,3368,43,Monday,February
7/16/2023,23,0,Wind,Summer,2997,197,Sunday,July
4/5/2025,19,20,Wind,Spring,6203,95,Saturday,April
8/15/2022,16,17,Solar,Summer,7560,227,Monday,August
3/28/2021,21,22,Wind,Spring,2629,87,Sunday,March
7/2/2024,21,22,Wind,Summer,3140,184,Tuesday,July
10/14/2021,9,10,Wind,Fall,3533,287,Thursday,October
3/22/2020,22,23,Wind,Spring,9398,82,Sunday,March
4/12/2021,13,14,Solar,Spring,6529,102,Monday,April
4/3/2020,1,2,Wind,Spring,2592,94,Friday,April
11/28/2022,12,13,Wind,Fall,4959,332,Monday,November
10/22/2020,9,10,Wind,Fall,5024,296,Thursday,October
3/15/2021,3,4,Wind,Spring,10923,74,Monday,March
11/13/2025,20,21,Wind,Fall,12001,317,Thursday,November
4/5/2022,5,6,Wind,Spring,6452,95,Tuesday,April
4/28/2021,14,15,Solar,Spring,4079,118,Wednesday,April
7/24/2022,6,7,Wind,Summer,969,205,Sunday,July
9/14/2020,7,8,Wind,Fall,2828,258,Monday,September
6/15/2020,4,5,Wind,Summer,2126,167,Monday,June
11/1/2020,19,20,Wind,Fall,11879,306,Sunday,November
8/16/2022,9,10,Solar,Summer,2904,228,Tuesday,August
7/26/2021,4,5,Wind,Summer,1922,207,Monday,July
4/4/2022,18,19,Wind,Spring,11731,94,Monday,April
12/13/2024,14,15,Solar,Winter,2515,348,Friday,December
5/28/2020,15,16,Wind,Spring,7608,149,Thursday,May
9/18/2022,6,7,Wind,Fall,2221,261,Sunday,September
8/22/2024,12,13,Solar,Summer,7995,235,Thursday,August
5/26/2022,12,13,Solar,Spring,6717,146,Thursday,May
9/14/2025,3,4,Wind,Fall,4181,257,Sunday,September
9/14/2020,8,9,Wind,Fall,3313,258,Monday,September
3/16/2025,19,20,Wind,Spring,5740,75,Sunday,March
10/1/2021,20,21,Wind,Fall,4953,274,Friday,October
4/21/2023,1,2,Wind,Spring,3355,111,Friday,April
9/6/2022,12,13,Solar,Fall,6967,249,Tuesday,September
3/13/2020,21,22,Wind,Spring,1697,73,Friday,March
4/10/2022,2,3,Wind,Spring,1338,100,Sunday,April
1/30/2022,10,11,Solar,Winter,2888,30,Sunday,January
10/21/2022,15,16,Wind,Fall,8982,294,Friday,October
3/4/2021,9,10,Solar,Spring,1941,63,Thursday,March
1/22/2024,15,16,Wind,Winter,16804,22,Monday,January
1/16/2025,0,1,Wind,Winter,3652,16,Thursday,January
11/13/2021,12,13,Wind,Fall,5041,317,Saturday,November
6/23/2022,20,21,Wind,Summer,1923,174,Thursday,June
12/16/2023,14,15,Solar,Winter,4910,350,Saturday,December
4/11/2022,3,4,Wind,Spring,9882,101,Monday,April
10/29/2021,14,15,Wind,Fall,11979,302,Friday,October
7/9/2020,7,8,Wind,Summer,1479,191,Thursday,July
4/25/2021,15,16,Wind,Spring,8987,115,Sunday,April
10/9/2020,19,20,Wind,Fall,2696,283,Friday,October
11/19/2021,13,14,Solar,Fall,3762,323,Friday,November
12/30/2022,6,7,Wind,Winter,11436,364,Friday,December
6/13/2023,23,0,Wind,Summer,5004,164,Tuesday,June
3/10/2020,2,3,Wind,Spring,12278,70,Tuesday,March
4/14/2025,10,11,Solar,Spring,6031,104,Monday,April
4/30/2024,11,12,Solar,Spring,7683,121,Tuesday,April
9/12/2022,16,17,Solar,Fall,5140,255,Monday,September
10/20/2022,14,15,Wind,Fall,8558,293,Thursday,October
11/30/2023,0,1,Wind,Fall,2128,334,Thursday,November
1/6/2020,23,0,Wind,Winter,5850,6,Monday,January
6/13/2021,18,19,Solar,Summer,3933,164,Sunday,June
12/7/2024,15,16,Wind,Winter,19810,342,Saturday,December
4/10/2025,1,2,Wind,Spring,10031,100,Thursday,April
2/21/2021,10,11,Wind,Winter,9217,52,Sunday,February
9/20/2022,4,5,Wind,Fall,2045,263,Tuesday,September
9/14/2025,23,0,Wind,Fall,15838,257,Sunday,September
6/25/2020,13,14,Solar,Summer,5081,177,Thursday,June
3/10/2022,18,19,Wind,Spring,4082,69,Thursday,March
6/14/2025,10,11,Solar,Summer,4291,165,Saturday,June
10/20/2021,0,1,Wind,Fall,10970,293,Wednesday,October
8/8/2021,21,22,Wind,Summer,3163,220,Sunday,August
2/5/2023,5,6,Wind,Winter,4222,36,Sunday,February
8/9/2021,2,3,Wind,Summer,2945,221,Monday,August
5/12/2025,8,9,Solar,Spring,3901,132,Monday,May
4/19/2024,1,2,Wind,Spring,5665,110,Friday,April
4/18/2025,23,0,Wind,Spring,9612,108,Friday,April
1/6/2023,16,17,Wind,Winter,6433,6,Friday,January
7/17/2020,19,20,Wind,Summer,2771,199,Friday,July
7/26/2023,23,0,Wind,Summer,3577,207,Wednesday,July
1/23/2024,2,3,Wind,Winter,12747,23,Tuesday,January
6/25/2020,10,11,Solar,Summer,3414,177,Thursday,June
6/1/2024,16,17,Wind,Summer,6915,153,Saturday,June
4/23/2024,8,9,Wind,Spring,4892,114,Tuesday,April
7/16/2020,6,7,Wind,Summer,1388,198,Thursday,July
5/28/2020,6,7,Wind,Spring,3981,149,Thursday,May
4/5/2020,7,8,Wind,Spring,7671,96,Sunday,April
1/11/2020,6,7,Wind,Winter,2912,11,Saturday,January
6/25/2021,13,14,Solar,Summer,5806,176,Friday,June
1/27/2020,14,15,Wind,Winter,9340,27,Monday,January
6/12/2022,9,10,Solar,Summer,3891,163,Sunday,June
9/5/2024,11,12,Solar,Fall,7606,249,Thursday,September
10/12/2021,1,2,Wind,Fall,3046,285,Tuesday,October
5/29/2025,21,22,Wind,Spring,1207,149,Thursday,May
5/31/2022,1,2,Wind,Spring,2019,151,Tuesday,May
10/18/2025,21,22,Wind,Fall,6350,291,Saturday,October
2/23/2021,10,11,Wind,Winter,9360,54,Tuesday,February
7/5/2021,11,12,Solar,Summer,7031,186,Monday,July
9/13/2025,17,18,Wind,Fall,12059,256,Saturday,September
3/22/2024,8,9,Solar,Spring,4072,82,Friday,March
12/24/2024,7,8,Wind,Winter,3075,359,Tuesday,December
6/9/2024,3,4,Wind,Summer,3734,161,Sunday,June
1/9/2021,13,14,Wind,Winter,6317,9,Saturday,January
6/5/2020,12,13,Wind,Summer,13242,157,Friday,June
9/4/2025,13,14,Wind,Fall,14863,247,Thursday,September
12/18/2023,16,17,Wind,Winter,2994,352,Monday,December
7/9/2025,6,7,Wind,Summer,1676,190,Wednesday,July
9/14/2024,17,18,Solar,Fall,7606,258,Saturday,September
6/20/2025,19,20,Wind,Summer,4544,171,Friday,June
2/11/2022,18,19,Wind,Winter,1753,42,Friday,February
4/14/2020,16,17,Wind,Spring,8019,105,Tuesday,April
11/23/2023,11,12,Solar,Fall,7232,327,Thursday,November
5/6/2023,8,9,Solar,Spring,2948,126,Saturday,May
6/9/2021,1,2,Wind,Summer,1569,160,Wednesday,June
8/25/2020,6,7,Wind,Summer,3959,238,Tuesday,August
2/28/2022,15,16,Solar,Winter,5659,59,Monday,February
3/12/2024,17,18,Wind,Spring,10459,72,Tuesday,March
7/23/2024,21,22,Wind,Summer,2927,205,Tuesday,July
7/19/2024,0,1,Wind,Summer,1662,201,Friday,July
2/23/2024,14,15,Wind,Winter,15612,54,Friday,February
9/3/2022,10,11,Solar,Fall,4020,246,Saturday,September
3/13/2023,1,2,Wind,Spring,14233,72,Monday,March
4/13/2024,7,8,Wind,Spring,2307,104,Saturday,April
7/30/2021,20,21,Wind,Summer,8655,211,Friday,July
1/22/2025,9,10,Wind,Winter,6315,22,Wednesday,January
11/6/2022,23,0,Wind,Fall,11081,310,Sunday,November
5/15/2022,9,10,Solar,Spring,5538,135,Sunday,May
10/9/2024,10,11,Wind,Fall,11747,283,Wednesday,October
3/24/2020,18,19,Wind,Spring,4898,84,Tuesday,March
12/29/2023,13,14,Wind,Winter,15847,363,Friday,December
7/1/2024,0,1,Wind,Summer,2760,183,Monday,July
11/24/2021,19,20,Wind,Fall,2095,328,Wednesday,November
7/13/2024,23,0,Wind,Summer,334,195,Saturday,July
12/1/2021,14,15,Wind,Winter,11647,335,Wednesday,December
4/26/2020,22,23,Wind,Spring,457,117,Sunday,April
8/16/2024,23,0,Wind,Summer,1612,229,Friday,August
4/14/2025,14,15,Solar,Spring,9083,104,Monday,April
5/17/2021,17,18,Wind,Spring,13497,137,Monday,May
9/19/2021,15,16,Solar,Fall,5286,262,Sunday,September
10/24/2025,23,0,Wind,Fall,14144,297,Friday,October
10/2/2023,16,17,Solar,Fall,7676,275,Monday,October
4/14/2020,6,7,Wind,Spring,6514,105,Tuesday,April
2/5/2020,13,14,Solar,Winter,3963,36,Wednesday,February
10/21/2025,22,23,Wind,Fall,6166,294,Tuesday,October
4/1/2022,7,8,Wind,Spring,9016,91,Friday,April
3/21/2020,4,5,Wind,Spring,7299,81,Saturday,March
1/2/2023,11,12,Wind,Winter,6422,2,Monday,January
2/20/2021,21,22,Wind,Winter,12255,51,Saturday,February
8/24/2025,10,11,Solar,Summer,4112,236,Sunday,August
5/6/2022,11,12,Solar,Spring,6911,126,Friday,May
11/12/2024,7,8,Wind,Fall,10329,317,Tuesday,November
12/8/2022,7,8,Wind,Winter,1250,342,Thursday,December
4/30/2020,19,20,Wind,Spring,11566,121,Thursday,April
5/8/2021,22,23,Wind,Spring,5551,128,Saturday,May
4/20/2020,1,2,Wind,Spring,5535,111,Monday,April
1/18/2022,2,3,Wind,Winter,2430,18,Tuesday,January
2/9/2025,0,1,Wind,Winter,3868,40,Sunday,February
12/28/2023,7,8,Wind,Winter,13513,362,Thursday,December
1/29/2022,11,12,Wind,Winter,9867,29,Saturday,January
11/23/2022,8,9,Wind,Fall,9532,327,Wednesday,November
10/19/2025,10,11,Wind,Fall,10350,292,Sunday,October
5/14/2025,7,8,Solar,Spring,1719,134,Wednesday,May
11/19/2023,1,2,Wind,Fall,11829,323,Sunday,November
10/22/2022,10,11,Wind,Fall,5156,295,Saturday,October
7/28/2025,3,4,Wind,Summer,4437,209,Monday,July
8/19/2023,5,6,Wind,Summer,3735,231,Saturday,August
12/15/2024,0,1,Wind,Winter,4485,350,Sunday,December
1/11/2021,5,6,Wind,Winter,2139,11,Monday,January
5/2/2021,19,20,Wind,Spring,1824,122,Sunday,May
11/12/2022,10,11,Solar,Fall,5330,316,Saturday,November
5/18/2024,11,12,Solar,Spring,4830,139,Saturday,May
1/24/2020,3,4,Wind,Winter,2178,24,Friday,January
8/7/2024,12,13,Solar,Summer,7806,220,Wednesday,August
12/19/2023,7,8,Wind,Winter,7637,353,Tuesday,December
7/29/2022,9,10,Solar,Summer,1886,210,Friday,July
4/10/2024,7,8,Wind,Spring,3567,101,Wednesday,April
1/8/2021,21,22,Wind,Winter,934,8,Friday,January
11/10/2024,4,5,Wind,Fall,728,315,Sunday,November
3/23/2021,3,4,Wind,Spring,2297,82,Tuesday,March
3/18/2024,7,8,Wind,Spring,2408,78,Monday,March
7/18/2023,7,8,Wind,Summer,3248,199,Tuesday,July
5/15/2025,19,20,Wind,Spring,11522,135,Thursday,May
5/6/2022,14,15,Solar,Spring,6812,126,Friday,May
5/17/2025,12,13,Solar,Spring,5378,137,Saturday,May
1/25/2023,19,20,Wind,Winter,1865,25,Wednesday,January
11/6/2023,20,21,Wind,Fall,9476,310,Monday,November
6/4/2023,10,11,Solar,Summer,7001,155,Sunday,June
4/17/2023,13,14,Solar,Spring,10082,107,Monday,April
2/21/2021,15,16,Wind,Winter,7525,52,Sunday,February
2/15/2021,9,10,Wind,Winter,11289,46,Monday,February
8/3/2023,5,6,Wind,Summer,12714,215,Thursday,August
5/27/2025,9,10,Wind,Spring,13251,147,Tuesday,May
5/24/2023,5,6,Wind,Spring,6672,144,Wednesday,May
12/16/2024,7,8,Wind,Winter,7127,351,Monday,December
9/2/2022,5,6,Wind,Fall,1940,245,Friday,September
4/16/2025,13,14,Solar,Spring,7798,106,Wednesday,April
6/6/2020,13,14,Wind,Summer,10873,158,Saturday,June
8/20/2024,9,10,Solar,Summer,6256,233,Tuesday,August
11/13/2024,18,19,Wind,Fall,5201,318,Wednesday,November
3/21/2023,4,5,Wind,Spring,4145,80,Tuesday,March
4/29/2022,12,13,Solar,Spring,6673,119,Friday,April
3/18/2023,14,15,Wind,Spring,10327,77,Saturday,March
5/27/2020,14,15,Solar,Spring,6923,148,Wednesday,May
11/8/2020,15,16,Wind,Fall,2718,313,Sunday,November
9/14/2022,2,3,Wind,Fall,1837,257,Wednesday,September
12/15/2021,1,2,Wind,Winter,1197,349,Wednesday,December
12/8/2020,22,23,Wind,Winter,2543,343,Tuesday,December
7/29/2025,6,7,Wind,Summer,2489,210,Tuesday,July
12/26/2020,0,1,Wind,Winter,3607,361,Saturday,December
11/6/2020,4,5,Wind,Fall,6681,311,Friday,November
3/31/2023,13,14,Wind,Spring,21624,90,Friday,March
4/2/2023,21,22,Wind,Spring,7144,92,Sunday,April
1/11/2022,2,3,Wind,Winter,2621,11,Tuesday,January
3/16/2020,20,21,Wind,Spring,1348,76,Monday,March
8/26/2021,13,14,Solar,Summer,8454,238,Thursday,August
7/5/2023,9,10,Wind,Summer,10340,186,Wednesday,July
5/3/2022,8,9,Wind,Spring,3293,123,Tuesday,May
8/10/2021,4,5,Wind,Summer,1235,222,Tuesday,August
8/22/2020,14,15,Wind,Summer,11599,235,Saturday,August
5/6/2022,3,4,Wind,Spring,3327,126,Friday,May
8/26/2025,13,14,Solar,Summer,10719,238,Tuesday,August
9/24/2021,17,18,Solar,Fall,2890,267,Friday,September
1/3/2023,17,18,Wind,Winter,8994,3,Tuesday,January
10/9/2023,7,8,Wind,Fall,1140,282,Monday,October
3/15/2022,23,0,Wind,Spring,4205,74,Tuesday,March
10/25/2022,18,19,Wind,Fall,4686,298,Tuesday,October
12/30/2024,11,12,Solar,Winter,2963,365,Monday,December
3/10/2023,17,18,Wind,Spring,11697,69,Friday,March
5/6/2023,13,14,Solar,Spring,7109,126,Saturday,May
10/10/2020,9,10,Wind,Fall,2717,284,Saturday,October
2/19/2023,18,19,Wind,Winter,2222,50,Sunday,February
9/13/2022,14,15,Solar,Fall,5433,256,Tuesday,September
10/15/2023,3,4,Wind,Fall,2777,288,Sunday,October
1/1/2022,1,2,Wind,Winter,3210,1,Saturday,January
5/14/2021,12,13,Wind,Spring,7647,134,Friday,May
11/4/2025,23,0,Wind,Fall,12730,308,Tuesday,November
1/29/2024,3,4,Wind,Winter,7443,29,Monday,January
1/13/2025,10,11,Wind,Winter,7719,13,Monday,January
7/6/2023,21,22,Wind,Summer,868,187,Thursday,July
3/14/2020,21,22,Wind,Spring,3347,74,Saturday,March
12/24/2023,15,16,Wind,Winter,17075,358,Sunday,December
4/6/2025,1,2,Wind,Spring,9135,96,Sunday,April
10/3/2024,3,4,Wind,Fall,5240,277,Thursday,October
3/6/2022,22,23,Wind,Spring,7705,65,Sunday,March
9/7/2022,18,19,Wind,Fall,4483,250,Wednesday,September
1/4/2024,17,18,Wind,Winter,11934,4,Thursday,January
3/24/2021,8,9,Solar,Spring,2756,83,Wednesday,March
3/31/2023,11,12,Wind,Spring,20332,90,Friday,March
2/14/2021,16,17,Wind,Winter,9781,45,Sunday,February
11/29/2020,22,23,Wind,Fall,2194,334,Sunday,November
5/23/2025,3,4,Wind,Spring,3654,143,Friday,May
2/28/2024,18,19,Wind,Winter,3872,59,Wednesday,February
8/13/2020,8,9,Wind,Summer,1977,226,Thursday,August
2/10/2022,7,8,Wind,Winter,5427,41,Thursday,February
5/22/2020,20,21,Wind,Spring,2791,143,Friday,May
3/7/2020,5,6,Wind,Spring,2626,67,Saturday,March
2/28/2025,22,23,Wind,Winter,7187,59,Friday,February
6/17/2023,10,11,Solar,Summer,5207,168,Saturday,June
10/8/2022,21,22,Wind,Fall,2338,281,Saturday,October
4/26/2020,16,17,Solar,Spring,2886,117,Sunday,April
1/21/2025,23,0,Wind,Winter,7139,21,Tuesday,January
5/18/2024,17,18,Solar,Spring,5382,139,Saturday,May
10/24/2023,20,21,Wind,Fall,5052,297,Tuesday,October
9/27/2025,1,2,Wind,Fall,475,270,Saturday,September
6/2/2025,1,2,Wind,Summer,3073,153,Monday,June
10/13/2021,23,0,Wind,Fall,2129,286,Wednesday,October
2/25/2022,15,16,Wind,Winter,8739,56,Friday,February
12/24/2023,10,11,Wind,Winter,17796,358,Sunday,December
11/19/2025,7,8,Wind,Fall,11799,323,Wednesday,November
4/29/2023,21,22,Wind,Spring,2588,119,Saturday,April
4/23/2023,13,14,Wind,Spring,15150,113,Sunday,April
9/13/2021,10,11,Solar,Fall,3635,256,Monday,September
8/17/2020,4,5,Wind,Summer,1804,230,Monday,August
3/13/2020,16,17,Wind,Spring,5262,73,Friday,March
7/18/2021,18,19,Wind,Summer,9318,199,Sunday,July
9/1/2025,17,18,Wind,Fall,10390,244,Monday,September
5/25/2020,16,17,Solar,Spring,5450,146,Monday,May
11/10/2024,17,18,Wind,Fall,1524,315,Sunday,November
9/30/2022,13,14,Solar,Fall,7262,273,Friday,September
5/18/2021,19,20,Wind,Spring,3940,138,Tuesday,May
8/10/2024,20,21,Wind,Summer,1226,223,Saturday,August
3/25/2021,4,5,Wind,Spring,1928,84,Thursday,March
10/30/2025,11,12,Solar,Fall,9665,303,Thursday,October
10/26/2022,1,2,Wind,Fall,7207,299,Wednesday,October
8/27/2020,13,14,Solar,Summer,6251,240,Thursday,August
4/27/2021,14,15,Solar,Spring,3324,117,Tuesday,April
5/7/2025,8,9,Wind,Spring,7619,127,Wednesday,May
6/26/2024,11,12,Solar,Summer,6737,178,Wednesday,June
8/9/2023,7,8,Wind,Summer,1969,221,Wednesday,August
1/25/2022,17,18,Solar,Winter,267,25,Tuesday,January
9/3/2020,2,3,Wind,Fall,978,247,Thursday,September
2/11/2020,23,0,Wind,Winter,9400,42,Tuesday,February
7/9/2022,1,2,Wind,Summer,3653,190,Saturday,July
8/4/2024,13,14,Solar,Summer,4818,217,Sunday,August
6/25/2022,4,5,Wind,Summer,3209,176,Saturday,June
12/7/2024,4,5,Wind,Winter,18556,342,Saturday,December
9/4/2020,8,9,Wind,Fall,1720,248,Friday,September
1/1/2022,19,20,Wind,Winter,5238,1,Saturday,January
5/8/2023,2,3,Wind,Spring,1701,128,Monday,May
4/22/2021,19,20,Wind,Spring,5590,112,Thursday,April
2/17/2021,0,1,Wind,Winter,9265,48,Wednesday,February
3/3/2020,6,7,Wind,Spring,4440,63,Tuesday,March
11/8/2023,15,16,Wind,Fall,16223,312,Wednesday,November
8/14/2023,2,3,Wind,Summer,1693,226,Monday,August
1/10/2023,5,6,Wind,Winter,7343,10,Tuesday,January
12/22/2021,20,21,Wind,Winter,5561,356,Wednesday,December
8/10/2024,2,3,Wind,Summer,1755,223,Saturday,August
11/14/2023,14,15,Wind,Fall,16988,318,Tuesday,November
3/17/2024,15,16,Solar,Spring,6096,77,Sunday,March
9/7/2021,16,17,Wind,Fall,6840,250,Tuesday,September
11/16/2025,21,22,Wind,Fall,4414,320,Sunday,November
7/15/2020,22,23,Wind,Summer,1874,197,Wednesday,July
10/8/2025,21,22,Wind,Fall,2608,281,Wednesday,October
6/9/2025,23,0,Wind,Summer,605,160,Monday,June
7/14/2020,3,4,Wind,Summer,2443,196,Tuesday,July
10/9/2022,6,7,Wind,Fall,4887,282,Sunday,October
5/28/2020,1,2,Wind,Spring,5340,149,Thursday,May
12/25/2021,15,16,Solar,Winter,1223,359,Saturday,December
8/2/2023,21,22,Wind,Summer,15855,214,Wednesday,August
1/9/2021,23,0,Wind,Winter,5323,9,Saturday,January
2/7/2022,22,23,Wind,Winter,4802,38,Monday,February
10/24/2022,23,0,Wind,Fall,7058,297,Monday,October
5/24/2025,16,17,Wind,Spring,14446,144,Saturday,May
1/11/2022,8,9,Wind,Winter,2912,11,Tuesday,January
12/21/2022,3,4,Wind,Winter,5032,355,Wednesday,December
12/17/2024,10,11,Wind,Winter,5491,352,Tuesday,December
1/30/2021,13,14,Wind,Winter,8786,30,Saturday,January
10/4/2020,16,17,Wind,Fall,11664,278,Sunday,October
5/29/2025,17,18,Solar,Spring,8272,149,Thursday,May
11/25/2024,10,11,Wind,Fall,12969,330,Monday,November
1/26/2020,13,14,Wind,Winter,4437,26,Sunday,January
3/3/2023,22,23,Wind,Spring,5574,62,Friday,March
6/2/2025,14,15,Solar,Summer,6266,153,Monday,June
6/24/2022,3,4,Wind,Summer,1971,175,Friday,June
3/20/2024,0,1,Wind,Spring,1924,80,Wednesday,March
10/12/2023,17,18,Wind,Fall,5820,285,Thursday,October
9/24/2022,1,2,Wind,Fall,1028,267,Saturday,September
2/6/2020,21,22,Wind,Winter,5819,37,Thursday,February
6/9/2024,2,3,Wind,Summer,3682,161,Sunday,June
4/19/2020,10,11,Wind,Spring,2602,110,Sunday,April
9/28/2022,14,15,Wind,Fall,6080,271,Wednesday,September
11/28/2025,14,15,Wind,Fall,8799,332,Friday,November
10/5/2024,23,0,Wind,Fall,8967,279,Saturday,October
7/24/2020,21,22,Wind,Summer,1760,206,Friday,July
10/16/2022,16,17,Wind,Fall,6721,289,Sunday,October
11/6/2020,22,23,Wind,Fall,7139,311,Friday,November
7/2/2021,23,0,Wind,Summer,1585,183,Friday,July
4/13/2022,15,16,Solar,Spring,3628,103,Wednesday,April
8/2/2025,14,15,Solar,Summer,12313,214,Saturday,August
6/25/2023,22,23,Wind,Summer,5338,176,Sunday,June
11/30/2024,7,8,Wind,Fall,3505,335,Saturday,November
10/2/2023,0,1,Wind,Fall,2764,275,Monday,October
4/14/2021,21,22,Wind,Spring,5104,104,Wednesday,April
11/7/2025,15,16,Wind,Fall,6222,311,Friday,November
2/1/2020,21,22,Wind,Winter,9608,32,Saturday,February
4/5/2020,14,15,Wind,Spring,8682,96,Sunday,April
12/27/2022,4,5,Wind,Winter,4483,361,Tuesday,December
12/28/2022,3,4,Wind,Winter,11901,362,Wednesday,December
1/6/2024,10,11,Wind,Winter,6893,6,Saturday,January
3/22/2021,11,12,Solar,Spring,6284,81,Monday,March
11/26/2022,19,20,Wind,Fall,6123,330,Saturday,November
6/9/2025,15,16,Solar,Summer,4475,160,Monday,June
11/1/2021,2,3,Wind,Fall,8845,305,Monday,November
7/18/2023,12,13,Solar,Summer,6978,199,Tuesday,July
1/22/2022,16,17,Wind,Winter,3284,22,Saturday,January
6/2/2021,3,4,Wind,Summer,4114,153,Wednesday,June
9/30/2025,19,20,Wind,Fall,2032,273,Tuesday,September
12/5/2022,15,16,Solar,Winter,2037,339,Monday,December
2/25/2022,1,2,Wind,Winter,7621,56,Friday,February
11/5/2021,6,7,Wind,Fall,2977,309,Friday,November
2/20/2025,12,13,Wind,Winter,12416,51,Thursday,February
4/30/2024,23,0,Wind,Spring,3046,121,Tuesday,April
10/4/2024,9,10,Wind,Fall,5064,278,Friday,October
4/30/2022,13,14,Solar,Spring,8450,120,Saturday,April
2/9/2020,0,1,Wind,Winter,7722,40,Sunday,February
3/9/2024,3,4,Wind,Spring,10327,69,Saturday,March
6/24/2025,13,14,Solar,Summer,6338,175,Tuesday,June
6/21/2020,7,8,Wind,Summer,2762,173,Sunday,June
4/22/2022,2,3,Wind,Spring,5531,112,Friday,April
10/26/2025,9,10,Wind,Fall,10764,299,Sunday,October
12/9/2024,2,3,Wind,Winter,13556,344,Monday,December
1/2/2024,12,13,Wind,Winter,18685,2,Tuesday,January
5/1/2023,0,1,Wind,Spring,1652,121,Monday,May
5/10/2020,8,9,Wind,Spring,2008,131,Sunday,May
11/1/2025,22,23,Wind,Fall,9691,305,Saturday,November
7/4/2023,23,0,Wind,Summer,10440,185,Tuesday,July
5/13/2023,14,15,Wind,Spring,10482,133,Saturday,May
6/25/2020,9,10,Solar,Summer,2861,177,Thursday,June
1/9/2020,12,13,Wind,Winter,12336,9,Thursday,January
8/28/2024,6,7,Wind,Summer,2229,241,Wednesday,August
2/28/2022,7,8,Wind,Winter,3898,59,Monday,February
7/13/2021,10,11,Wind,Summer,5260,194,Tuesday,July
12/5/2020,17,18,Wind,Winter,6409,340,Saturday,December
3/12/2020,7,8,Wind,Spring,8370,72,Thursday,March
4/30/2021,3,4,Wind,Spring,1412,120,Friday,April
9/18/2022,9,10,Solar,Fall,4392,261,Sunday,September
10/29/2025,9,10,Wind,Fall,7423,302,Wednesday,October
4/16/2023,23,0,Wind,Spring,3665,106,Sunday,April
5/9/2024,23,0,Wind,Spring,5021,130,Thursday,May
9/30/2020,18,19,Wind,Fall,3257,274,Wednesday,September
4/29/2022,17,18,Solar,Spring,5493,119,Friday,April
11/10/2023,9,10,Wind,Fall,15079,314,Friday,November
8/18/2025,0,1,Wind,Summer,7156,230,Monday,August
5/12/2020,7,8,Wind,Spring,4993,133,Tuesday,May
9/3/2022,1,2,Wind,Fall,1685,246,Saturday,September
8/9/2021,18,19,Wind,Summer,5509,221,Monday,August
3/13/2020,13,14,Wind,Spring,7874,73,Friday,March
5/12/2022,18,19,Wind,Spring,3488,132,Thursday,May
8/8/2024,14,15,Solar,Summer,9623,221,Thursday,August
10/30/2025,15,16,Wind,Fall,8417,303,Thursday,October
9/15/2021,23,0,Wind,Fall,1024,258,Wednesday,September
4/12/2024,14,15,Solar,Spring,4676,103,Friday,April
6/9/2020,8,9,Wind,Summer,3222,161,Tuesday,June
11/12/2021,18,19,Wind,Fall,4225,316,Friday,November
3/1/2025,4,5,Wind,Spring,6922,60,Saturday,March
5/21/2022,18,19,Solar,Spring,2628,141,Saturday,May
8/28/2025,1,2,Wind,Summer,2454,240,Thursday,August
7/27/2025,5,6,Wind,Summer,1786,208,Sunday,July
7/20/2021,16,17,Solar,Summer,5834,201,Tuesday,July
6/28/2022,6,7,Wind,Summer,1388,179,Tuesday,June
9/21/2025,4,5,Wind,Fall,5062,264,Sunday,September
11/3/2024,2,3,Wind,Fall,3552,308,Sunday,November
11/19/2024,9,10,Wind,Fall,18956,324,Tuesday,November
10/22/2024,1,2,Wind,Fall,3568,296,Tuesday,October
4/22/2020,18,19,Wind,Spring,2865,113,Wednesday,April
10/13/2023,10,11,Wind,Fall,15112,286,Friday,October
10/12/2023,12,13,Solar,Fall,8411,285,Thursday,October
5/5/2022,14,15,Solar,Spring,6026,125,Thursday,May
12/22/2020,16,17,Wind,Winter,6752,357,Tuesday,December
7/7/2024,10,11,Solar,Summer,5126,189,Sunday,July
4/28/2022,22,23,Wind,Spring,5002,118,Thursday,April
3/19/2022,21,22,Wind,Spring,9680,78,Saturday,March
2/5/2025,19,20,Wind,Winter,3259,36,Wednesday,February
3/30/2020,16,17,Wind,Spring,12305,90,Monday,March
10/6/2024,20,21,Wind,Fall,8224,280,Sunday,October
7/18/2025,23,0,Wind,Summer,3802,199,Friday,July
6/22/2021,13,14,Wind,Summer,7084,173,Tuesday,June
3/9/2025,20,21,Wind,Spring,2682,68,Sunday,March
7/6/2020,3,4,Wind,Summer,5654,188,Monday,July
1/21/2023,0,1,Wind,Winter,5918,21,Saturday,January
10/20/2025,3,4,Wind,Fall,11753,293,Monday,October
5/9/2021,14,15,Wind,Spring,11238,129,Sunday,May
9/10/2023,21,22,Wind,Fall,2358,253,Sunday,September
8/4/2024,6,7,Wind,Summer,1962,217,Sunday,August
2/20/2023,8,9,Wind,Winter,3465,51,Monday,February
10/6/2025,9,10,Solar,Fall,4871,279,Monday,October
10/31/2020,0,1,Wind,Fall,1716,305,Saturday,October
6/2/2022,3,4,Wind,Summer,4245,153,Thursday,June
7/1/2021,20,21,Wind,Summer,1001,182,Thursday,July
10/5/2024,11,12,Solar,Fall,8795,279,Saturday,October
8/21/2023,12,13,Solar,Summer,6981,233,Monday,August
10/31/2023,15,16,Wind,Fall,10888,304,Tuesday,October
12/24/2020,17,18,Wind,Winter,9299,359,Thursday,December
10/29/2024,0,1,Wind,Fall,2034,303,Tuesday,October
1/20/2020,6,7,Wind,Winter,5969,20,Monday,January
7/27/2022,2,3,Wind,Summer,2863,208,Wednesday,July
9/23/2023,22,23,Wind,Fall,1134,266,Saturday,September
5/17/2023,21,22,Wind,Spring,7154,137,Wednesday,May
5/15/2021,13,14,Wind,Spring,10329,135,Saturday,May
10/24/2021,0,1,Wind,Fall,3903,297,Sunday,October
5/23/2025,7,8,Wind,Spring,3940,143,Friday,May
7/31/2023,17,18,Wind,Summer,16164,212,Monday,July
10/11/2023,7,8,Wind,Fall,2966,284,Wednesday,October
5/1/2022,18,19,Solar,Spring,3553,121,Sunday,May
7/10/2025,7,8,Wind,Summer,2663,191,Thursday,July
1/5/2024,5,6,Wind,Winter,10179,5,Friday,January
9/8/2020,0,1,Wind,Fall,1596,252,Tuesday,September
3/23/2023,20,21,Wind,Spring,13963,82,Thursday,March
4/1/2023,2,3,Wind,Spring,16591,91,Saturday,April
2/18/2025,15,16,Wind,Winter,9155,49,Tuesday,February
10/14/2020,12,13,Wind,Fall,5761,288,Wednesday,October
8/21/2024,0,1,Wind,Summer,7150,234,Wednesday,August
11/13/2025,4,5,Wind,Fall,11401,317,Thursday,November
9/19/2022,15,16,Solar,Fall,7972,262,Monday,September
7/26/2023,22,23,Wind,Summer,2678,207,Wednesday,July
1/14/2021,7,8,Wind,Winter,7248,14,Thursday,January
12/1/2020,2,3,Wind,Winter,7535,336,Tuesday,December
2/27/2024,6,7,Wind,Winter,11867,58,Tuesday,February
1/13/2020,5,6,Wind,Winter,2719,13,Monday,January
1/7/2022,0,1,Wind,Winter,9092,7,Friday,January
10/3/2022,15,16,Solar,Fall,5116,276,Monday,October
11/15/2022,0,1,Wind,Fall,6758,319,Tuesday,November
9/1/2022,5,6,Wind,Fall,2865,244,Thursday,September
7/27/2021,2,3,Wind,Summer,1685,208,Tuesday,July
7/11/2021,13,14,Solar,Summer,5042,192,Sunday,July
3/29/2022,10,11,Solar,Spring,3254,88,Tuesday,March
4/3/2024,13,14,Wind,Spring,18128,94,Wednesday,April
4/19/2023,7,8,Wind,Spring,6823,109,Wednesday,April
10/25/2021,3,4,Wind,Fall,2690,298,Monday,October
6/18/2023,20,21,Wind,Summer,4451,169,Sunday,June
2/14/2023,21,22,Wind,Winter,4662,45,Tuesday,February
3/23/2025,22,23,Wind,Spring,1259,82,Sunday,March
6/27/2025,17,18,Solar,Summer,9125,178,Friday,June
8/28/2022,12,13,Solar,Summer,8898,240,Sunday,August
7/11/2023,5,6,Wind,Summer,1999,192,Tuesday,July
9/9/2020,8,9,Wind,Fall,1078,253,Wednesday,September
6/28/2024,18,19,Solar,Summer,4290,180,Friday,June
7/29/2020,9,10,Solar,Summer,2120,211,Wednesday,July
7/9/2023,16,17,Solar,Summer,6674,190,Sunday,July
3/16/2024,18,19,Wind,Spring,1211,76,Saturday,March
5/14/2023,10,11,Solar,Spring,6013,134,Sunday,May
6/13/2025,2,3,Wind,Summer,1801,164,Friday,June
11/9/2022,5,6,Wind,Fall,8441,313,Wednesday,November
4/6/2022,6,7,Wind,Spring,5141,96,Wednesday,April
8/8/2025,15,16,Solar,Summer,4706,220,Friday,August
10/4/2025,7,8,Wind,Fall,17338,277,Saturday,October
10/25/2020,2,3,Wind,Fall,10696,299,Sunday,October
7/18/2021,8,9,Wind,Summer,4398,199,Sunday,July
8/13/2021,18,19,Solar,Summer,2862,225,Friday,August
11/4/2023,22,23,Wind,Fall,14865,308,Saturday,November
10/27/2020,20,21,Wind,Fall,10606,301,Tuesday,October
3/5/2023,21,22,Wind,Spring,1000,64,Sunday,March
11/14/2022,0,1,Wind,Fall,3434,318,Monday,November
9/10/2020,22,23,Wind,Fall,2229,254,Thursday,September
4/20/2024,15,16,Wind,Spring,8412,111,Saturday,April
2/15/2021,11,12,Wind,Winter,12188,46,Monday,February
4/24/2024,11,12,Wind,Spring,9813,115,Wednesday,April
3/14/2023,9,10,Wind,Spring,17911,73,Tuesday,March
2/8/2022,16,17,Wind,Winter,4263,39,Tuesday,February
1/8/2025,15,16,Wind,Winter,12406,8,Wednesday,January
12/4/2023,2,3,Wind,Winter,13067,338,Monday,December
6/29/2025,21,22,Wind,Summer,2788,180,Sunday,June
11/21/2025,0,1,Wind,Fall,4327,325,Friday,November
7/18/2021,11,12,Solar,Summer,7976,199,Sunday,July
12/18/2024,5,6,Wind,Winter,13902,353,Wednesday,December
12/28/2024,11,12,Solar,Winter,4030,363,Saturday,December
8/4/2020,13,14,Solar,Summer,5530,217,Tuesday,August
9/21/2024,11,12,Solar,Fall,7327,265,Saturday,September
3/25/2020,2,3,Wind,Spring,6439,85,Wednesday,March
5/9/2021,17,18,Wind,Spring,11507,129,Sunday,May
7/30/2023,17,18,Wind,Summer,12058,211,Sunday,July
7/4/2022,13,14,Solar,Summer,5745,185,Monday,July
7/5/2021,9,10,Wind,Summer,4747,186,Monday,July
2/13/2023,13,14,Solar,Winter,6722,44,Monday,February
9/27/2020,5,6,Wind,Fall,11489,271,Sunday,September
8/26/2025,22,23,Wind,Summer,2770,238,Tuesday,August
1/28/2025,19,20,Wind,Winter,19186,28,Tuesday,January
9/5/2023,20,21,Wind,Fall,1711,248,Tuesday,September
6/6/2020,19,20,Wind,Summer,7194,158,Saturday,June
9/21/2023,0,1,Wind,Fall,11271,264,Thursday,September
1/6/2021,4,5,Wind,Winter,1309,6,Wednesday,January
6/21/2021,17,18,Solar,Summer,4642,172,Monday,June
4/30/2020,1,2,Wind,Spring,6717,121,Thursday,April
12/5/2024,6,7,Wind,Winter,11663,340,Thursday,December
8/11/2022,6,7,Wind,Summer,4434,223,Thursday,August
4/3/2023,17,18,Wind,Spring,10376,93,Monday,April
10/9/2024,2,3,Wind,Fall,11147,283,Wednesday,October
11/5/2021,14,15,Solar,Fall,3837,309,Friday,November
2/19/2020,15,16,Wind,Winter,7030,50,Wednesday,February
3/21/2024,15,16,Solar,Spring,6064,81,Thursday,March
5/4/2021,3,4,Wind,Spring,13060,124,Tuesday,May
7/20/2020,2,3,Wind,Summer,2745,202,Monday,July
4/21/2020,12,13,Wind,Spring,5274,112,Tuesday,April
9/28/2021,22,23,Wind,Fall,5083,271,Tuesday,September
11/16/2023,8,9,Wind,Fall,8890,320,Thursday,November
11/16/2023,10,11,Wind,Fall,10601,320,Thursday,November
9/5/2021,12,13,Solar,Fall,4826,248,Sunday,September
10/30/2024,10,11,Solar,Fall,4815,304,Wednesday,October
10/14/2021,7,8,Wind,Fall,1998,287,Thursday,October
11/27/2024,11,12,Wind,Fall,18995,332,Wednesday,November
7/19/2022,14,15,Solar,Summer,11456,200,Tuesday,July
3/18/2020,7,8,Wind,Spring,920,78,Wednesday,March
8/2/2020,20,21,Wind,Summer,3476,215,Sunday,August
10/8/2023,22,23,Wind,Fall,914,281,Sunday,October
1/18/2021,0,1,Wind,Winter,2046,18,Monday,January
5/1/2023,5,6,Wind,Spring,2281,121,Monday,May
3/27/2023,13,14,Solar,Spring,7984,86,Monday,March
9/12/2024,17,18,Wind,Fall,9890,256,Thursday,September
6/27/2021,11,12,Solar,Summer,2797,178,Sunday,June
4/29/2023,10,11,Solar,Spring,3294,119,Saturday,April
2/14/2020,20,21,Wind,Winter,5101,45,Friday,February
5/28/2020,20,21,Wind,Spring,4584,149,Thursday,May
10/23/2020,21,22,Wind,Fall,5272,297,Friday,October
2/9/2021,11,12,Wind,Winter,3261,40,Tuesday,February
5/18/2020,17,18,Solar,Spring,4683,139,Monday,May
2/16/2020,5,6,Wind,Winter,11933,47,Sunday,February
1/17/2021,5,6,Wind,Winter,5132,17,Sunday,January
8/22/2020,15,16,Wind,Summer,11377,235,Saturday,August
12/2/2023,15,16,Wind,Winter,3287,336,Saturday,December
11/19/2024,6,7,Wind,Fall,17507,324,Tuesday,November
1/20/2022,23,0,Wind,Winter,5476,20,Thursday,January
8/12/2021,4,5,Wind,Summer,537,224,Thursday,August
4/12/2022,23,0,Wind,Spring,2391,102,Tuesday,April
9/20/2024,1,2,Wind,Fall,6934,264,Friday,September
7/24/2020,6,7,Wind,Summer,1623,206,Friday,July
7/31/2023,8,9,Wind,Summer,10483,212,Monday,July
5/7/2021,15,16,Solar,Spring,5300,127,Friday,May
6/19/2022,15,16,Wind,Summer,12780,170,Sunday,June
4/26/2020,21,22,Wind,Spring,507,117,Sunday,April
5/2/2023,9,10,Solar,Spring,5328,122,Tuesday,May
11/6/2021,10,11,Solar,Fall,4862,310,Saturday,November
1/11/2022,9,10,Wind,Winter,3441,11,Tuesday,January
5/26/2023,12,13,Solar,Spring,12036,146,Friday,May
9/22/2024,9,10,Wind,Fall,3944,266,Sunday,September
9/4/2023,9,10,Wind,Fall,7654,247,Monday,September
5/3/2022,0,1,Wind,Spring,5334,123,Tuesday,May
6/15/2025,12,13,Solar,Summer,3841,166,Sunday,June
12/18/2021,6,7,Wind,Winter,6087,352,Saturday,December
8/2/2021,11,12,Solar,Summer,4320,214,Monday,August
8/16/2025,6,7,Wind,Summer,7143,228,Saturday,August
6/29/2025,14,15,Solar,Summer,4565,180,Sunday,June
2/21/2022,7,8,Wind,Winter,14866,52,Monday,February
6/7/2025,21,22,Wind,Summer,11062,158,Saturday,June
4/20/2025,15,16,Wind,Spring,4558,110,Sunday,April
7/23/2023,2,3,Wind,Summer,9075,204,Sunday,July
2/21/2025,15,16,Wind,Winter,15714,52,Friday,February
10/19/2022,19,20,Wind,Fall,7944,292,Wednesday,October
1/27/2024,0,1,Wind,Winter,1873,27,Saturday,January
2/11/2021,8,9,Wind,Winter,6113,42,Thursday,February
2/13/2023,21,22,Wind,Winter,2677,44,Monday,February
12/6/2024,8,9,Wind,Winter,13192,341,Friday,December
1/29/2023,5,6,Wind,Winter,1135,29,Sunday,January
4/22/2023,5,6,Wind,Spring,4828,112,Saturday,April
2/14/2025,16,17,Wind,Winter,7129,45,Friday,February
10/24/2021,23,0,Wind,Fall,3283,297,Sunday,October
9/29/2025,8,9,Wind,Fall,2578,272,Monday,September
1/20/2020,10,11,Wind,Winter,6095,20,Monday,January
1/26/2022,13,14,Solar,Winter,3768,26,Wednesday,January
4/6/2020,0,1,Wind,Spring,7724,97,Monday,April
1/31/2020,3,4,Wind,Winter,7998,31,Friday,January
8/31/2022,5,6,Wind,Summer,2234,243,Wednesday,August
4/1/2023,1,2,Wind,Spring,16915,91,Saturday,April
11/1/2022,15,16,Wind,Fall,13662,305,Tuesday,November
7/30/2024,22,23,Wind,Summer,2503,212,Tuesday,July
4/8/2025,19,20,Wind,Spring,2749,98,Tuesday,April
9/10/2024,20,21,Wind,Fall,11651,254,Tuesday,September
10/31/2020,9,10,Wind,Fall,8194,305,Saturday,October
5/7/2024,9,10,Solar,Spring,5090,128,Tuesday,May
4/19/2021,0,1,Wind,Spring,1780,109,Monday,April
3/12/2023,18,19,Wind,Spring,9795,71,Sunday,March
11/19/2023,9,10,Wind,Fall,13588,323,Sunday,November
2/14/2023,14,15,Solar,Winter,6281,45,Tuesday,February
10/8/2020,23,0,Wind,Fall,3679,282,Thursday,October
12/4/2024,18,19,Wind,Winter,3938,339,Wednesday,December
8/2/2022,5,6,Wind,Summer,1216,214,Tuesday,August
9/5/2021,2,3,Wind,Fall,570,248,Sunday,September
1/3/2024,20,21,Wind,Winter,17729,3,Wednesday,January
6/2/2023,11,12,Solar,Summer,10821,153,Friday,June
12/5/2024,14,15,Wind,Winter,16998,340,Thursday,December
5/29/2022,2,3,Wind,Spring,6015,149,Sunday,May
8/3/2023,17,18,Wind,Summer,9503,215,Thursday,August
8/31/2020,11,12,Solar,Summer,4591,244,Monday,August
1/27/2021,13,14,Wind,Winter,5439,27,Wednesday,January
8/1/2020,8,9,Wind,Summer,2389,214,Saturday,August
7/13/2021,5,6,Wind,Summer,2739,194,Tuesday,July
12/5/2021,4,5,Wind,Winter,7154,339,Sunday,December
11/4/2022,20,21,Wind,Fall,6038,308,Friday,November
10/10/2022,11,12,Solar,Fall,4346,283,Monday,October
12/8/2023,6,7,Wind,Winter,4441,342,Friday,December
11/19/2023,23,0,Wind,Fall,12031,323,Sunday,November
2/19/2024,22,23,Wind,Winter,4808,50,Monday,February
3/11/2024,18,19,Wind,Spring,6774,71,Monday,March
12/2/2022,21,22,Wind,Winter,6439,336,Friday,December
9/15/2024,13,14,Solar,Fall,6509,259,Sunday,September
5/13/2025,12,13,Solar,Spring,4040,133,Tuesday,May
8/16/2024,3,4,Wind,Summer,3495,229,Friday,August
7/4/2022,18,19,Solar,Summer,4726,185,Monday,July
12/17/2021,22,23,Wind,Winter,7175,351,Friday,December
5/3/2022,17,18,Wind,Spring,4686,123,Tuesday,May
11/1/2022,19,20,Wind,Fall,11571,305,Tuesday,November
10/23/2025,1,2,Wind,Fall,18781,296,Thursday,October
6/2/2020,7,8,Wind,Summer,1582,154,Tuesday,June
7/30/2023,6,7,Wind,Summer,5034,211,Sunday,July
10/18/2024,10,11,Wind,Fall,3726,292,Friday,October
1/24/2021,17,18,Wind,Winter,7785,24,Sunday,January
6/7/2024,18,19,Solar,Summer,3850,159,Friday,June
9/17/2022,6,7,Wind,Fall,5298,260,Saturday,September
8/1/2023,14,15,Wind,Summer,16261,213,Tuesday,August
8/9/2024,2,3,Wind,Summer,4379,222,Friday,August
4/1/2025,0,1,Wind,Spring,10918,91,Tuesday,April
10/12/2020,8,9,Wind,Fall,1885,286,Monday,October
12/29/2021,17,18,Wind,Winter,13972,363,Wednesday,December
9/20/2025,13,14,Wind,Fall,14676,263,Saturday,September
1/20/2023,11,12,Wind,Winter,5568,20,Friday,January
10/16/2025,3,4,Wind,Fall,4675,289,Thursday,October
10/24/2024,9,10,Wind,Fall,6471,298,Thursday,October
11/19/2021,20,21,Wind,Fall,1780,323,Friday,November
12/16/2021,12,13,Wind,Winter,5603,350,Thursday,December
5/8/2022,7,8,Wind,Spring,3729,128,Sunday,May
11/18/2024,8,9,Wind,Fall,8868,323,Monday,November
7/22/2024,3,4,Wind,Summer,3600,204,Monday,July
11/10/2021,9,10,Solar,Fall,1404,314,Wednesday,November
4/30/2021,21,22,Wind,Spring,1194,120,Friday,April
11/15/2024,23,0,Wind,Fall,1734,320,Friday,November
6/4/2021,5,6,Wind,Summer,1719,155,Friday,June
3/16/2020,22,23,Wind,Spring,1639,76,Monday,March
1/20/2022,20,21,Wind,Winter,5362,20,Thursday,January
3/12/2022,7,8,Wind,Spring,6226,71,Saturday,March
10/29/2025,18,19,Wind,Fall,8314,302,Wednesday,October
9/26/2021,5,6,Wind,Fall,2237,269,Sunday,September
7/8/2022,15,16,Solar,Summer,9095,189,Friday,July
12/4/2021,0,1,Wind,Winter,9482,338,Saturday,December
10/13/2023,23,0,Wind,Fall,14400,286,Friday,October
11/18/2023,22,23,Wind,Fall,12095,322,Saturday,November
11/7/2023,6,7,Wind,Fall,6851,311,Tuesday,November
9/2/2022,19,20,Wind,Fall,1443,245,Friday,September
2/23/2024,9,10,Wind,Winter,15039,54,Friday,February
9/5/2020,4,5,Wind,Fall,2634,249,Saturday,September
11/1/2025,6,7,Wind,Fall,14454,305,Saturday,November
11/18/2025,19,20,Wind,Fall,7882,322,Tuesday,November
5/27/2021,17,18,Solar,Spring,3912,147,Thursday,May
2/11/2021,15,16,Wind,Winter,8683,42,Thursday,February
8/31/2022,20,21,Wind,Summer,2951,243,Wednesday,August
6/21/2023,15,16,Solar,Summer,4753,172,Wednesday,June
8/30/2022,22,23,Wind,Summer,3271,242,Tuesday,August
10/11/2021,20,21,Wind,Fall,3153,284,Monday,October
10/7/2023,23,0,Wind,Fall,3526,280,Saturday,October
8/27/2020,23,0,Wind,Summer,7497,240,Thursday,August
7/22/2021,9,10,Solar,Summer,2992,203,Thursday,July
8/1/2024,1,2,Wind,Summer,1611,214,Thursday,August
6/1/2021,21,22,Wind,Summer,3763,152,Tuesday,June
9/21/2021,14,15,Solar,Fall,5163,264,Tuesday,September
9/9/2024,5,6,Wind,Fall,8521,253,Monday,September
1/31/2025,12,13,Wind,Winter,8937,31,Friday,January
6/3/2025,6,7,Wind,Summer,2426,154,Tuesday,June
6/25/2021,12,13,Solar,Summer,5768,176,Friday,June
6/18/2022,7,8,Wind,Summer,2323,169,Saturday,June
2/26/2023,18,19,Wind,Winter,15728,57,Sunday,February
3/11/2022,21,22,Wind,Spring,10519,70,Friday,March
6/1/2022,17,18,Solar,Summer,5214,152,Wednesday,June
6/19/2022,7,8,Wind,Summer,6948,170,Sunday,June
9/8/2022,10,11,Wind,Fall,8695,251,Thursday,September
8/2/2022,1,2,Wind,Summer,1310,214,Tuesday,August
11/26/2024,1,2,Wind,Fall,6445,331,Tuesday,November
12/13/2023,6,7,Wind,Winter,7828,347,Wednesday,December
7/12/2025,20,21,Wind,Summer,3909,193,Saturday,July
10/16/2022,18,19,Wind,Fall,4704,289,Sunday,October
4/12/2020,21,22,Wind,Spring,2322,103,Sunday,April
12/25/2023,16,17,Wind,Winter,12230,359,Monday,December
6/18/2021,17,18,Wind,Summer,9367,169,Friday,June
10/18/2023,1,2,Wind,Fall,10499,291,Wednesday,October
1/12/2022,11,12,Solar,Winter,4584,12,Wednesday,January
4/29/2023,22,23,Wind,Spring,2714,119,Saturday,April
9/21/2021,23,0,Wind,Fall,3306,264,Tuesday,September
8/8/2023,12,13,Solar,Summer,9733,220,Tuesday,August
8/1/2021,4,5,Wind,Summer,2348,213,Sunday,August
2/10/2020,21,22,Wind,Winter,12959,41,Monday,February
10/31/2020,4,5,Wind,Fall,3069,305,Saturday,October
12/31/2024,17,18,Wind,Winter,9036,366,Tuesday,December
10/28/2023,4,5,Wind,Fall,11930,301,Saturday,October
7/19/2025,1,2,Wind,Summer,4635,200,Saturday,July
9/15/2023,19,20,Wind,Fall,2659,258,Friday,September
7/12/2021,7,8,Wind,Summer,2324,193,Monday,July
11/28/2020,13,14,Wind,Fall,3710,333,Saturday,November
1/10/2023,14,15,Wind,Winter,15777,10,Tuesday,January
12/13/2021,1,2,Wind,Winter,1678,347,Monday,December
12/23/2021,13,14,Wind,Winter,8130,357,Thursday,December
12/13/2024,9,10,Wind,Winter,2960,348,Friday,December
4/19/2022,3,4,Wind,Spring,2818,109,Tuesday,April
8/30/2023,23,0,Wind,Summer,3483,242,Wednesday,August
3/14/2023,22,23,Wind,Spring,5023,73,Tuesday,March
5/6/2022,18,19,Wind,Spring,4837,126,Friday,May
3/23/2025,8,9,Wind,Spring,5996,82,Sunday,March
1/16/2022,3,4,Wind,Winter,1801,16,Sunday,January
8/26/2023,0,1,Wind,Summer,2861,238,Saturday,August
4/17/2025,3,4,Wind,Spring,2565,107,Thursday,April
4/10/2025,10,11,Solar,Spring,10273,100,Thursday,April
8/23/2021,21,22,Wind,Summer,5030,235,Monday,August
11/21/2023,15,16,Wind,Fall,7176,325,Tuesday,November
8/18/2024,19,20,Wind,Summer,5352,231,Sunday,August
11/4/2024,3,4,Wind,Fall,2776,309,Monday,November
8/7/2021,2,3,Wind,Summer,3294,219,Saturday,August
11/27/2022,15,16,Wind,Fall,6839,331,Sunday,November
3/27/2021,2,3,Wind,Spring,9516,86,Saturday,March
3/12/2022,22,23,Wind,Spring,9748,71,Saturday,March
10/17/2025,5,6,Wind,Fall,5096,290,Friday,October
4/10/2025,17,18,Solar,Spring,10743,100,Thursday,April
8/21/2022,0,1,Wind,Summer,791,233,Sunday,August
2/11/2021,6,7,Wind,Winter,5196,42,Thursday,February
3/31/2021,23,0,Wind,Spring,1435,90,Wednesday,March
6/19/2020,6,7,Wind,Summer,1906,171,Friday,June
2/26/2020,13,14,Wind,Winter,13169,57,Wednesday,February
10/21/2023,11,12,Wind,Fall,20374,294,Saturday,October
11/7/2023,8,9,Wind,Fall,8207,311,Tuesday,November
7/29/2025,0,1,Wind,Summer,3104,210,Tuesday,July
2/19/2020,10,11,Wind,Winter,7379,50,Wednesday,February
4/3/2023,13,14,Wind,Spring,11458,93,Monday,April
2/25/2021,19,20,Wind,Winter,1854,56,Thursday,February
2/25/2021,2,3,Wind,Winter,5371,56,Thursday,February
9/28/2024,11,12,Solar,Fall,8533,272,Saturday,September
2/22/2023,14,15,Wind,Winter,3581,53,Wednesday,February
3/5/2025,11,12,Solar,Spring,9526,64,Wednesday,March
9/11/2023,1,2,Wind,Fall,2249,254,Monday,September
12/6/2020,20,21,Wind,Winter,1761,341,Sunday,December
10/3/2025,14,15,Wind,Fall,11497,276,Friday,October
11/28/2022,4,5,Wind,Fall,4489,332,Monday,November
5/3/2020,22,23,Wind,Spring,705,124,Sunday,May
2/19/2021,13,14,Wind,Winter,8744,50,Friday,February
1/16/2020,16,17,Wind,Winter,9123,16,Thursday,January
11/18/2021,13,14,Solar,Fall,3746,322,Thursday,November
12/13/2022,6,7,Wind,Winter,6219,347,Tuesday,December
5/26/2021,12,13,Wind,Spring,10892,146,Wednesday,May
5/28/2020,22,23,Wind,Spring,6074,149,Thursday,May
5/16/2022,22,23,Wind,Spring,599,136,Monday,May
2/8/2021,10,11,Wind,Winter,2084,39,Monday,February
8/25/2022,12,13,Solar,Summer,6443,237,Thursday,August
3/12/2024,0,1,Wind,Spring,5402,72,Tuesday,March
3/8/2022,21,22,Wind,Spring,5703,67,Tuesday,March
4/6/2025,22,23,Wind,Spring,10147,96,Sunday,April
12/1/2023,21,22,Wind,Winter,5091,335,Friday,December
2/1/2024,13,14,Wind,Winter,3991,32,Thursday,February
3/19/2021,5,6,Wind,Spring,5515,78,Friday,March
11/22/2020,2,3,Wind,Fall,2036,327,Sunday,November
1/29/2023,6,7,Wind,Winter,1089,29,Sunday,January
2/3/2020,23,0,Wind,Winter,10296,34,Monday,February
8/22/2025,22,23,Wind,Summer,3100,234,Friday,August
12/30/2023,21,22,Wind,Winter,14946,364,Saturday,December
6/14/2020,6,7,Wind,Summer,2981,166,Sunday,June
5/20/2025,11,12,Solar,Spring,7909,140,Tuesday,May
5/27/2021,19,20,Solar,Spring,1951,147,Thursday,May
11/28/2024,12,13,Solar,Fall,5112,333,Thursday,November
6/12/2025,20,21,Wind,Summer,2592,163,Thursday,June
12/2/2021,4,5,Wind,Winter,6595,336,Thursday,December
4/6/2023,1,2,Wind,Spring,1240,96,Thursday,April
8/29/2022,21,22,Wind,Summer,5149,241,Monday,August
4/22/2024,2,3,Wind,Spring,7693,113,Monday,April
4/7/2022,21,22,Wind,Spring,13300,97,Thursday,April
8/17/2020,8,9,Wind,Summer,2329,230,Monday,August
4/8/2020,0,1,Wind,Spring,3294,99,Wednesday,April
6/27/2022,2,3,Wind,Summer,1132,178,Monday,June
11/8/2022,13,14,Wind,Fall,13921,312,Tuesday,November
7/27/2024,1,2,Wind,Summer,418,209,Saturday,July
8/5/2025,16,17,Wind,Summer,7613,217,Tuesday,August
5/1/2020,10,11,Wind,Spring,8012,122,Friday,May
6/22/2022,5,6,Wind,Summer,3322,173,Wednesday,June
1/10/2020,0,1,Wind,Winter,9719,10,Friday,January
2/26/2024,3,4,Wind,Winter,9462,57,Monday,February
8/3/2023,18,19,Wind,Summer,7651,215,Thursday,August
11/6/2020,0,1,Wind,Fall,7462,311,Friday,November
5/12/2025,18,19,Solar,Spring,4886,132,Monday,May
2/4/2023,6,7,Wind,Winter,2724,35,Saturday,February
9/8/2021,16,17,Wind,Fall,5846,251,Wednesday,September
2/16/2023,19,20,Wind,Winter,7525,47,Thursday,February
5/12/2022,8,9,Solar,Spring,1922,132,Thursday,May
11/12/2025,0,1,Wind,Fall,13071,316,Wednesday,November
7/7/2020,11,12,Solar,Summer,4694,189,Tuesday,July
3/18/2021,13,14,Wind,Spring,6015,77,Thursday,March
8/2/2020,7,8,Wind,Summer,2829,215,Sunday,August
1/28/2020,8,9,Wind,Winter,12847,28,Tuesday,January
10/6/2023,0,1,Wind,Fall,1366,279,Friday,October
6/27/2024,10,11,Solar,Summer,5860,179,Thursday,June
8/30/2024,12,13,Solar,Summer,8694,243,Friday,August
11/22/2025,5,6,Wind,Fall,4673,326,Saturday,November
1/8/2024,13,14,Wind,Winter,11588,8,Monday,January
8/10/2025,12,13,Solar,Summer,4763,222,Sunday,August
4/30/2024,10,11,Wind,Spring,6800,121,Tuesday,April
9/5/2024,12,13,Solar,Fall,7713,249,Thursday,September
6/18/2024,5,6,Wind,Summer,2850,170,Tuesday,June
8/11/2020,22,23,Wind,Summer,1326,224,Tuesday,August
11/18/2024,4,5,Wind,Fall,9025,323,Monday,November
3/3/2025,21,22,Wind,Spring,4149,62,Monday,March
6/16/2020,9,10,Solar,Summer,2228,168,Tuesday,June
11/5/2023,11,12,Wind,Fall,19077,309,Sunday,November
7/10/2020,9,10,Wind,Summer,4371,192,Friday,July
10/29/2023,18,19,Wind,Fall,12320,302,Sunday,October
6/25/2020,1,2,Wind,Summer,3877,177,Thursday,June
11/27/2023,2,3,Wind,Fall,7464,331,Monday,November
9/10/2023,22,23,Wind,Fall,2837,253,Sunday,September
3/25/2024,22,23,Wind,Spring,8875,85,Monday,March
11/11/2021,2,3,Wind,Fall,1151,315,Thursday,November
9/21/2020,10,11,Solar,Fall,1691,265,Monday,September
1/17/2021,21,22,Wind,Winter,2503,17,Sunday,January
6/16/2024,20,21,Wind,Summer,3886,168,Sunday,June
5/25/2020,5,6,Wind,Spring,2382,146,Monday,May
9/30/2025,6,7,Wind,Fall,1558,273,Tuesday,September
2/19/2025,6,7,Wind,Winter,8798,50,Wednesday,February
11/18/2022,22,23,Wind,Fall,3150,322,Friday,November
1/4/2021,10,11,Wind,Winter,2038,4,Monday,January
6/4/2022,13,14,Solar,Summer,5744,155,Saturday,June
12/14/2021,10,11,Solar,Winter,2182,348,Tuesday,December
6/14/2025,2,3,Wind,Summer,5142,165,Saturday,June
7/11/2024,8,9,Solar,Summer,2417,193,Thursday,July
3/31/2025,13,14,Solar,Spring,12362,90,Monday,March
1/6/2025,6,7,Wind,Winter,18722,6,Monday,January
12/16/2021,8,9,Wind,Winter,2732,350,Thursday,December
6/12/2021,22,23,Wind,Summer,2432,163,Saturday,June
7/9/2020,17,18,Wind,Summer,6646,191,Thursday,July
2/18/2022,18,19,Wind,Winter,13238,49,Friday,February
2/13/2021,14,15,Wind,Winter,9991,44,Saturday,February
12/16/2021,7,8,Wind,Winter,2497,350,Thursday,December
12/15/2024,8,9,Wind,Winter,6048,350,Sunday,December
7/10/2021,10,11,Solar,Summer,3276,191,Saturday,July
11/29/2025,18,19,Wind,Fall,10196,333,Saturday,November
2/10/2021,21,22,Wind,Winter,4420,41,Wednesday,February
7/29/2024,12,13,Solar,Summer,10129,211,Monday,July
1/20/2023,9,10,Wind,Winter,3401,20,Friday,January
9/10/2022,16,17,Solar,Fall,7701,253,Saturday,September
12/23/2022,16,17,Wind,Winter,15011,357,Friday,December
12/9/2023,4,5,Wind,Winter,9880,343,Saturday,December
3/19/2023,16,17,Wind,Spring,6813,78,Sunday,March
11/30/2020,4,5,Wind,Fall,1329,335,Monday,November
5/24/2021,4,5,Wind,Spring,8666,144,Monday,May
1/27/2022,9,10,Wind,Winter,5055,27,Thursday,January
10/19/2022,0,1,Wind,Fall,5532,292,Wednesday,October
1/17/2023,19,20,Wind,Winter,4973,17,Tuesday,January
10/13/2025,18,19,Wind,Fall,7387,286,Monday,October
5/1/2025,12,13,Solar,Spring,5191,121,Thursday,May
7/2/2020,21,22,Wind,Summer,3656,184,Thursday,July
5/14/2022,11,12,Solar,Spring,5901,134,Saturday,May
9/4/2024,1,2,Wind,Fall,1022,248,Wednesday,September
5/16/2021,3,4,Wind,Spring,4872,136,Sunday,May
2/24/2022,9,10,Wind,Winter,9070,55,Thursday,February
11/6/2025,3,4,Wind,Fall,8939,310,Thursday,November
1/28/2023,17,18,Wind,Winter,3752,28,Saturday,January
4/5/2023,1,2,Wind,Spring,2623,95,Wednesday,April
3/8/2024,18,19,Wind,Spring,9798,68,Friday,March
9/9/2022,5,6,Wind,Fall,8652,252,Friday,September
6/23/2025,11,12,Wind,Summer,7643,174,Monday,June
3/4/2024,2,3,Wind,Spring,3900,64,Monday,March
2/21/2025,8,9,Wind,Winter,13537,52,Friday,February
10/31/2023,10,11,Wind,Fall,9320,304,Tuesday,October
8/11/2024,2,3,Wind,Summer,3520,224,Sunday,August
12/12/2023,14,15,Wind,Winter,11858,346,Tuesday,December
1/18/2021,6,7,Wind,Winter,2493,18,Monday,January
8/3/2024,4,5,Wind,Summer,3502,216,Saturday,August
5/17/2025,9,10,Solar,Spring,6696,137,Saturday,May
11/14/2021,18,19,Wind,Fall,4424,318,Sunday,November
6/20/2023,4,5,Wind,Summer,3307,171,Tuesday,June
3/21/2022,7,8,Wind,Spring,4387,80,Monday,March
4/19/2020,13,14,Wind,Spring,3115,110,Sunday,April
7/6/2024,4,5,Wind,Summer,8305,188,Saturday,July
5/14/2023,23,0,Wind,Spring,4043,134,Sunday,May
12/19/2022,2,3,Wind,Winter,12288,353,Monday,December
9/23/2020,14,15,Wind,Fall,8545,267,Wednesday,September
4/20/2024,4,5,Wind,Spring,6904,111,Saturday,April
7/21/2020,21,22,Wind,Summer,4406,203,Tuesday,July
4/25/2020,3,4,Wind,Spring,1779,116,Saturday,April
6/10/2023,4,5,Wind,Summer,2713,161,Saturday,June
2/11/2024,17,18,Wind,Winter,12006,42,Sunday,February
7/6/2022,12,13,Solar,Summer,7683,187,Wednesday,July
2/5/2022,19,20,Wind,Winter,9947,36,Saturday,February
5/28/2020,23,0,Wind,Spring,6736,149,Thursday,May
9/17/2025,2,3,Wind,Fall,2575,260,Wednesday,September
8/8/2025,8,9,Solar,Summer,3228,220,Friday,August
3/9/2020,22,23,Wind,Spring,8872,69,Monday,March
3/11/2024,21,22,Wind,Spring,6066,71,Monday,March
5/14/2025,17,18,Solar,Spring,7679,134,Wednesday,May
2/4/2020,1,2,Wind,Winter,10533,35,Tuesday,February
8/11/2020,18,19,Solar,Summer,2040,224,Tuesday,August
10/13/2023,17,18,Wind,Fall,15965,286,Friday,October
6/16/2022,19,20,Solar,Summer,1895,167,Thursday,June
12/8/2020,8,9,Wind,Winter,2188,343,Tuesday,December
3/29/2021,14,15,Solar,Spring,5986,88,Monday,March
6/15/2025,9,10,Solar,Summer,3778,166,Sunday,June
1/20/2024,12,13,Solar,Winter,6835,20,Saturday,January
2/17/2025,23,0,Wind,Winter,3993,48,Monday,February
12/3/2021,7,8,Wind,Winter,6171,337,Friday,December
5/30/2023,8,9,Wind,Spring,9640,150,Tuesday,May
2/3/2020,15,16,Wind,Winter,8538,34,Monday,February
1/22/2025,12,13,Wind,Winter,6417,22,Wednesday,January
12/27/2021,21,22,Wind,Winter,12569,361,Monday,December
11/8/2020,11,12,Wind,Fall,3996,313,Sunday,November
9/20/2023,21,22,Wind,Fall,10365,263,Wednesday,September
3/11/2024,17,18,Wind,Spring,8030,71,Monday,March
7/16/2024,9,10,Wind,Summer,11662,198,Tuesday,July
3/26/2025,19,20,Wind,Spring,3745,85,Wednesday,March
2/18/2023,1,2,Wind,Winter,5595,49,Saturday,February
7/18/2024,16,17,Solar,Summer,7212,200,Thursday,July
5/8/2020,4,5,Wind,Spring,2082,129,Friday,May
9/18/2023,16,17,Wind,Fall,14252,261,Monday,September
8/10/2023,12,13,Solar,Summer,7330,222,Thursday,August
9/7/2020,19,20,Wind,Fall,2004,251,Monday,September
10/3/2020,16,17,Wind,Fall,6727,277,Saturday,October
5/26/2021,2,3,Wind,Spring,5529,146,Wednesday,May
1/23/2022,4,5,Wind,Winter,1749,23,Sunday,January
6/14/2022,9,10,Solar,Summer,4214,165,Tuesday,June
1/20/2021,9,10,Wind,Winter,12999,20,Wednesday,January
4/1/2025,6,7,Wind,Spring,10967,91,Tuesday,April
2/15/2020,12,13,Wind,Winter,11448,46,Saturday,February
3/24/2022,10,11,Solar,Spring,5742,83,Thursday,March
9/5/2025,1,2,Wind,Fall,4105,248,Friday,September
1/12/2023,12,13,Wind,Winter,18306,12,Thursday,January
11/6/2022,19,20,Wind,Fall,11005,310,Sunday,November
3/8/2022,17,18,Wind,Spring,3785,67,Tuesday,March
12/24/2020,22,23,Wind,Winter,7846,359,Thursday,December
9/10/2020,15,16,Solar,Fall,2992,254,Thursday,September
4/28/2024,1,2,Wind,Spring,10254,119,Sunday,April
5/9/2020,0,1,Wind,Spring,2676,130,Saturday,May
12/3/2020,12,13,Wind,Winter,9711,338,Thursday,December
7/20/2024,0,1,Wind,Summer,1818,202,Saturday,July
8/10/2021,0,1,Wind,Summer,1225,222,Tuesday,August
4/25/2024,14,15,Solar,Spring,7534,116,Thursday,April
10/12/2021,19,20,Wind,Fall,3353,285,Tuesday,October
6/13/2020,11,12,Wind,Summer,4955,165,Saturday,June
7/31/2023,7,8,Wind,Summer,9176,212,Monday,July
2/7/2020,15,16,Wind,Winter,5046,38,Friday,February
4/8/2025,3,4,Wind,Spring,2900,98,Tuesday,April
10/29/2022,16,17,Wind,Fall,6799,302,Saturday,October
3/17/2020,13,14,Solar,Spring,2613,77,Tuesday,March
7/16/2025,19,20,Wind,Summer,7811,197,Wednesday,July
11/9/2025,21,22,Wind,Fall,5570,313,Sunday,November
8/15/2021,18,19,Wind,Summer,8013,227,Sunday,August
8/31/2020,8,9,Wind,Summer,2550,244,Monday,August
2/10/2020,7,8,Wind,Winter,11091,41,Monday,February
3/20/2022,3,4,Wind,Spring,5262,79,Sunday,March
2/16/2022,6,7,Wind,Winter,14791,47,Wednesday,February
10/17/2022,22,23,Wind,Fall,1822,290,Monday,October
3/28/2025,2,3,Wind,Spring,2114,87,Friday,March
6/7/2020,1,2,Wind,Summer,3654,159,Sunday,June
8/17/2020,5,6,Wind,Summer,1922,230,Monday,August
4/22/2025,8,9,Solar,Spring,2305,112,Tuesday,April
9/6/2021,3,4,Wind,Fall,1319,249,Monday,September
9/4/2024,0,1,Wind,Fall,1181,248,Wednesday,September
1/20/2025,20,21,Wind,Winter,1179,20,Monday,January
7/13/2020,13,14,Solar,Summer,4705,195,Monday,July
6/3/2021,15,16,Solar,Summer,3805,154,Thursday,June
4/9/2025,8,9,Wind,Spring,5564,99,Wednesday,April
7/25/2024,15,16,Solar,Summer,9796,207,Thursday,July
9/13/2020,21,22,Wind,Fall,1634,257,Sunday,September
7/18/2024,3,4,Wind,Summer,2282,200,Thursday,July
6/16/2024,11,12,Wind,Summer,7228,168,Sunday,June
1/15/2025,7,8,Wind,Winter,2998,15,Wednesday,January
4/12/2023,10,11,Wind,Spring,11551,102,Wednesday,April
9/30/2023,15,16,Solar,Fall,6238,273,Saturday,September
10/31/2025,12,13,Wind,Fall,13978,304,Friday,October
2/20/2025,15,16,Wind,Winter,10442,51,Thursday,February
12/7/2021,4,5,Wind,Winter,5875,341,Tuesday,December
12/19/2021,2,3,Wind,Winter,3858,353,Sunday,December
9/11/2021,6,7,Wind,Fall,1304,254,Saturday,September
7/13/2022,3,4,Wind,Summer,1284,194,Wednesday,July
7/26/2025,1,2,Wind,Summer,2898,207,Saturday,July
5/6/2025,13,14,Wind,Spring,15086,126,Tuesday,May
12/20/2022,7,8,Wind,Winter,13290,354,Tuesday,December
8/28/2020,23,0,Wind,Summer,2992,241,Friday,August
1/20/2023,7,8,Wind,Winter,2459,20,Friday,January
2/19/2024,20,21,Wind,Winter,5970,50,Monday,February
6/26/2021,13,14,Solar,Summer,4853,177,Saturday,June
5/29/2024,15,16,Wind,Spring,11061,150,Wednesday,May
6/13/2021,2,3,Wind,Summer,3335,164,Sunday,June
8/26/2024,2,3,Wind,Summer,2474,239,Monday,August
6/10/2021,20,21,Wind,Summer,1433,161,Thursday,June
9/12/2020,21,22,Wind,Fall,1498,256,Saturday,September
2/14/2022,2,3,Wind,Winter,13708,45,Monday,February
7/14/2022,15,16,Solar,Summer,9365,195,Thursday,July
9/1/2022,2,3,Wind,Fall,3710,244,Thursday,September
7/25/2023,8,9,Wind,Summer,6136,206,Tuesday,July
6/27/2025,15,16,Solar,Summer,11359,178,Friday,June
5/26/2024,3,4,Wind,Spring,4941,147,Sunday,May
4/4/2022,0,1,Wind,Spring,1493,94,Monday,April
10/24/2021,3,4,Wind,Fall,4122,297,Sunday,October
11/11/2021,21,22,Wind,Fall,870,315,Thursday,November
12/15/2020,3,4,Wind,Winter,4872,350,Tuesday,December
1/8/2022,17,18,Wind,Winter,15073,8,Saturday,January
7/23/2020,22,23,Wind,Summer,1571,205,Thursday,July
7/18/2020,22,23,Wind,Summer,1461,200,Saturday,July
12/12/2021,16,17,Wind,Winter,2570,346,Sunday,December
4/5/2022,9,10,Wind,Spring,6905,95,Tuesday,April
7/17/2023,5,6,Wind,Summer,2324,198,Monday,July
4/20/2020,7,8,Wind,Spring,5618,111,Monday,April
1/18/2021,7,8,Wind,Winter,2566,18,Monday,January
8/24/2021,18,19,Wind,Summer,11067,236,Tuesday,August
1/28/2021,8,9,Wind,Winter,13948,28,Thursday,January
2/27/2020,21,22,Wind,Winter,7033,58,Thursday,February
5/4/2025,15,16,Wind,Spring,7299,124,Sunday,May
9/1/2020,9,10,Solar,Fall,2103,245,Tuesday,September
11/11/2024,7,8,Wind,Fall,3528,316,Monday,November
10/24/2021,11,12,Solar,Fall,6109,297,Sunday,October
11/11/2022,5,6,Wind,Fall,3169,315,Friday,November
1/8/2020,1,2,Wind,Winter,5852,8,Wednesday,January
1/13/2021,4,5,Wind,Winter,3236,13,Wednesday,January
8/10/2021,14,15,Solar,Summer,5787,222,Tuesday,August
4/2/2025,2,3,Wind,Spring,15114,92,Wednesday,April
3/1/2021,17,18,Wind,Spring,3239,60,Monday,March
11/30/2022,9,10,Wind,Fall,2060,334,Wednesday,November
1/14/2020,18,19,Wind,Winter,12733,14,Tuesday,January
10/12/2020,10,11,Solar,Fall,3235,286,Monday,October
3/29/2024,20,21,Wind,Spring,5982,89,Friday,March
10/12/2025,15,16,Solar,Fall,11438,285,Sunday,October
12/21/2020,3,4,Wind,Winter,6804,356,Monday,December
9/16/2024,15,16,Solar,Fall,10670,260,Monday,September
4/7/2023,12,13,Solar,Spring,7303,97,Friday,April
7/21/2024,16,17,Wind,Summer,8390,203,Sunday,July
10/31/2024,13,14,Solar,Fall,4724,305,Thursday,October
2/21/2020,13,14,Wind,Winter,8359,52,Friday,February
9/1/2021,19,20,Wind,Fall,6601,244,Wednesday,September
3/10/2024,20,21,Wind,Spring,1487,70,Sunday,March
8/12/2020,16,17,Wind,Summer,3514,225,Wednesday,August
8/26/2023,4,5,Wind,Summer,3719,238,Saturday,August
3/2/2022,9,10,Wind,Spring,3208,61,Wednesday,March
1/3/2022,8,9,Wind,Winter,9363,3,Monday,January
2/13/2025,11,12,Solar,Winter,4235,44,Thursday,February
4/10/2024,8,9,Wind,Spring,3966,101,Wednesday,April
3/22/2021,19,20,Wind,Spring,2676,81,Monday,March
1/10/2025,10,11,Wind,Winter,5399,10,Friday,January
10/6/2023,15,16,Solar,Fall,6868,279,Friday,October
4/29/2024,15,16,Solar,Spring,7027,120,Monday,April
7/13/2024,5,6,Wind,Summer,896,195,Saturday,July
11/14/2021,15,16,Wind,Fall,4245,318,Sunday,November
12/10/2023,10,11,Wind,Winter,14883,344,Sunday,December
6/13/2022,19,20,Wind,Summer,2895,164,Monday,June
9/21/2024,7,8,Wind,Fall,3743,265,Saturday,September
7/9/2025,2,3,Wind,Summer,1777,190,Wednesday,July
8/18/2024,13,14,Solar,Summer,10781,231,Sunday,August
2/3/2023,7,8,Wind,Winter,6517,34,Friday,February
12/12/2021,17,18,Wind,Winter,2137,346,Sunday,December
5/10/2021,1,2,Wind,Spring,7851,130,Monday,May
6/24/2022,20,21,Wind,Summer,6156,175,Friday,June
3/17/2020,3,4,Wind,Spring,1308,77,Tuesday,March
7/24/2024,8,9,Solar,Summer,2606,206,Wednesday,July
10/27/2023,3,4,Wind,Fall,8707,300,Friday,October
8/17/2025,10,11,Solar,Summer,9267,229,Sunday,August
9/17/2020,16,17,Wind,Fall,8119,261,Thursday,September
9/30/2025,5,6,Wind,Fall,1392,273,Tuesday,September
10/3/2024,7,8,Wind,Fall,7039,277,Thursday,October
3/28/2021,7,8,Wind,Spring,3564,87,Sunday,March
7/17/2025,23,0,Wind,Summer,1610,198,Thursday,July
2/26/2022,10,11,Solar,Winter,7670,57,Saturday,February
7/3/2025,15,16,Solar,Summer,9564,184,Thursday,July
3/7/2025,18,19,Wind,Spring,5888,66,Friday,March
8/8/2024,4,5,Wind,Summer,1215,221,Thursday,August
9/23/2023,8,9,Wind,Fall,3488,266,Saturday,September
4/28/2021,11,12,Solar,Spring,2519,118,Wednesday,April
9/10/2022,14,15,Solar,Fall,8766,253,Saturday,September
3/31/2025,8,9,Wind,Spring,5433,90,Monday,March
7/16/2024,4,5,Wind,Summer,8021,198,Tuesday,July
8/20/2025,11,12,Wind,Summer,7286,232,Wednesday,August
1/6/2023,13,14,Wind,Winter,8675,6,Friday,January
8/17/2023,20,21,Wind,Summer,1803,229,Thursday,August
3/15/2024,5,6,Wind,Spring,9919,75,Friday,March
12/4/2020,0,1,Wind,Winter,12195,339,Friday,December
12/21/2021,4,5,Wind,Winter,2850,355,Tuesday,December
6/9/2024,22,23,Wind,Summer,5084,161,Sunday,June
6/14/2022,8,9,Solar,Summer,3413,165,Tuesday,June
8/27/2023,6,7,Wind,Summer,2812,239,Sunday,August
1/6/2025,12,13,Wind,Winter,18898,6,Monday,January
3/6/2020,20,21,Wind,Spring,4508,66,Friday,March
12/30/2021,12,13,Wind,Winter,9277,364,Thursday,December
12/6/2022,6,7,Wind,Winter,1632,340,Tuesday,December
6/21/2024,1,2,Wind,Summer,1325,173,Friday,June
2/1/2025,21,22,Wind,Winter,4191,32,Saturday,February
7/14/2020,18,19,Wind,Summer,4409,196,Tuesday,July
7/1/2020,19,20,Wind,Summer,5201,183,Wednesday,July
3/21/2023,22,23,Wind,Spring,8110,80,Tuesday,March
4/14/2025,8,9,Solar,Spring,2139,104,Monday,April
2/27/2022,12,13,Wind,Winter,10044,58,Sunday,February
11/5/2020,13,14,Wind,Fall,6887,310,Thursday,November
3/10/2020,5,6,Wind,Spring,12041,70,Tuesday,March
6/1/2025,17,18,Solar,Summer,3175,152,Sunday,June
1/26/2025,2,3,Wind,Winter,9972,26,Sunday,January
4/30/2020,13,14,Wind,Spring,11987,121,Thursday,April
12/14/2024,2,3,Wind,Winter,1157,349,Saturday,December
4/15/2025,15,16,Wind,Spring,7968,105,Tuesday,April
10/30/2020,2,3,Wind,Fall,7489,304,Friday,October
2/8/2021,0,1,Wind,Winter,1406,39,Monday,February
3/9/2022,4,5,Wind,Spring,3581,68,Wednesday,March
2/22/2022,15,16,Wind,Winter,14388,53,Tuesday,February
1/16/2024,19,20,Wind,Winter,3128,16,Tuesday,January
11/30/2023,11,12,Wind,Fall,2419,334,Thursday,November
1/21/2022,14,15,Wind,Winter,6986,21,Friday,January
10/13/2022,2,3,Wind,Fall,1361,286,Thursday,October
6/17/2022,23,0,Wind,Summer,1592,168,Friday,June
11/17/2024,6,7,Wind,Fall,3941,322,Sunday,November
7/18/2020,2,3,Wind,Summer,1339,200,Saturday,July
9/25/2024,8,9,Wind,Fall,5967,269,Wednesday,September
3/29/2022,5,6,Wind,Spring,2891,88,Tuesday,March
6/17/2020,19,20,Wind,Summer,2095,169,Wednesday,June
6/29/2024,18,19,Wind,Summer,6554,181,Saturday,June
10/30/2020,10,11,Wind,Fall,7419,304,Friday,October
2/19/2021,19,20,Wind,Winter,7404,50,Friday,February
1/1/2024,4,5,Wind,Winter,8838,1,Monday,January
12/27/2022,6,7,Wind,Winter,4019,361,Tuesday,December
11/1/2021,10,11,Wind,Fall,10079,305,Monday,November
8/28/2020,21,22,Wind,Summer,3247,241,Friday,August
8/27/2020,19,20,Wind,Summer,6475,240,Thursday,August
10/5/2022,20,21,Wind,Fall,7845,278,Wednesday,October
2/6/2020,4,5,Wind,Winter,2972,37,Thursday,February
2/9/2024,11,12,Wind,Winter,13564,40,Friday,February
5/17/2024,23,0,Wind,Spring,679,138,Friday,May
4/8/2021,10,11,Solar,Spring,3570,98,Thursday,April
11/4/2025,1,2,Wind,Fall,8203,308,Tuesday,November
11/18/2022,6,7,Wind,Fall,7697,322,Friday,November
3/24/2020,6,7,Wind,Spring,5924,84,Tuesday,March
2/24/2020,3,4,Wind,Winter,3562,55,Monday,February
9/9/2020,0,1,Wind,Fall,935,253,Wednesday,September
8/3/2025,12,13,Solar,Summer,6177,215,Sunday,August
1/24/2023,18,19,Wind,Winter,2989,24,Tuesday,January
10/31/2020,3,4,Wind,Fall,2492,305,Saturday,October
8/14/2024,14,15,Solar,Summer,6071,227,Wednesday,August
4/27/2024,15,16,Wind,Spring,11873,118,Saturday,April
4/26/2024,23,0,Wind,Spring,4435,117,Friday,April
5/11/2020,1,2,Wind,Spring,9243,132,Monday,May
7/2/2022,6,7,Wind,Summer,1275,183,Saturday,July
11/2/2023,15,16,Wind,Fall,15875,306,Thursday,November
8/15/2021,16,17,Wind,Summer,8032,227,Sunday,August
7/10/2020,16,17,Wind,Summer,5447,192,Friday,July
2/18/2020,9,10,Wind,Winter,8247,49,Tuesday,February
1/17/2025,2,3,Wind,Winter,2010,17,Friday,January
9/29/2025,14,15,Solar,Fall,9018,272,Monday,September
2/10/2025,3,4,Wind,Winter,3590,41,Monday,February
11/2/2024,0,1,Wind,Fall,1203,307,Saturday,November
1/7/2023,20,21,Wind,Winter,14522,7,Saturday,January
12/30/2022,7,8,Wind,Winter,13456,364,Friday,December
2/29/2020,23,0,Wind,Winter,11760,60,Saturday,February
3/17/2021,20,21,Wind,Spring,5952,76,Wednesday,March
4/15/2025,20,21,Wind,Spring,9714,105,Tuesday,April
6/20/2023,20,21,Wind,Summer,1917,171,Tuesday,June
2/20/2021,17,18,Wind,Winter,12274,51,Saturday,February
5/25/2022,19,20,Wind,Spring,8041,145,Wednesday,May
12/27/2021,8,9,Wind,Winter,7212,361,Monday,December
10/20/2024,1,2,Wind,Fall,3018,294,Sunday,October
5/14/2025,21,22,Wind,Spring,6080,134,Wednesday,May
2/20/2022,12,13,Wind,Winter,17314,51,Sunday,February
4/18/2021,1,2,Wind,Spring,4779,108,Sunday,April
1/30/2024,0,1,Wind,Winter,8113,30,Tuesday,January
2/7/2021,1,2,Wind,Winter,5123,38,Sunday,February
10/31/2025,6,7,Wind,Fall,9628,304,Friday,October
7/3/2025,7,8,Wind,Summer,4571,184,Thursday,July
5/26/2022,21,22,Wind,Spring,4299,146,Thursday,May
4/9/2024,5,6,Wind,Spring,9097,100,Tuesday,April
8/13/2020,14,15,Wind,Summer,4931,226,Thursday,August
10/31/2024,19,20,Wind,Fall,1060,305,Thursday,October
4/25/2025,14,15,Solar,Spring,10245,115,Friday,April
12/11/2024,13,14,Wind,Winter,7435,346,Wednesday,December
5/20/2022,7,8,Wind,Spring,3605,140,Friday,May
5/31/2020,11,12,Wind,Spring,8533,152,Sunday,May
12/21/2024,7,8,Wind,Winter,7750,356,Saturday,December
11/1/2022,9,10,Wind,Fall,11756,305,Tuesday,November
6/12/2022,3,4,Wind,Summer,3211,163,Sunday,June
1/3/2022,18,19,Wind,Winter,7791,3,Monday,January
8/13/2025,18,19,Wind,Summer,3943,225,Wednesday,August
7/6/2021,5,6,Wind,Summer,9578,187,Tuesday,July
10/12/2025,13,14,Solar,Fall,12629,285,Sunday,October
6/7/2024,21,22,Wind,Summer,1472,159,Friday,June
12/9/2022,12,13,Wind,Winter,3667,343,Friday,December
3/15/2021,20,21,Wind,Spring,5856,74,Monday,March
2/8/2023,13,14,Solar,Winter,6888,39,Wednesday,February
7/9/2022,10,11,Solar,Summer,5963,190,Saturday,July
3/2/2025,15,16,Solar,Spring,9877,61,Sunday,March
7/16/2023,6,7,Wind,Summer,5414,197,Sunday,July
1/6/2022,9,10,Wind,Winter,2549,6,Thursday,January
8/29/2022,9,10,Wind,Summer,4856,241,Monday,August
4/21/2025,2,3,Wind,Spring,4052,111,Monday,April
8/14/2025,2,3,Wind,Summer,2821,226,Thursday,August
11/2/2023,17,18,Wind,Fall,15676,306,Thursday,November
5/2/2024,10,11,Wind,Spring,9667,123,Thursday,May
8/3/2023,10,11,Wind,Summer,12494,215,Thursday,August
3/5/2020,0,1,Wind,Spring,5038,65,Thursday,March
1/6/2024,19,20,Wind,Winter,8024,6,Saturday,January
5/19/2022,6,7,Wind,Spring,3839,139,Thursday,May
1/28/2024,8,9,Wind,Winter,9911,28,Sunday,January
1/23/2021,9,10,Wind,Winter,6788,23,Saturday,January
1/5/2024,3,4,Wind,Winter,11144,5,Friday,January
3/29/2020,17,18,Wind,Spring,13938,89,Sunday,March
11/13/2020,14,15,Wind,Fall,5605,318,Friday,November
8/30/2025,4,5,Wind,Summer,4869,242,Saturday,August
8/17/2022,19,20,Wind,Summer,2033,229,Wednesday,August
5/31/2022,8,9,Solar,Spring,1676,151,Tuesday,May
10/18/2022,9,10,Wind,Fall,3002,291,Tuesday,October
12/3/2020,8,9,Wind,Winter,5211,338,Thursday,December
1/11/2022,13,14,Solar,Winter,5143,11,Tuesday,January
2/24/2022,3,4,Wind,Winter,4329,55,Thursday,February
9/2/2021,9,10,Wind,Fall,5745,245,Thursday,September
9/10/2020,0,1,Wind,Fall,1794,254,Thursday,September
5/2/2022,11,12,Solar,Spring,6127,122,Monday,May
3/8/2025,5,6,Wind,Spring,10697,67,Saturday,March
10/16/2024,1,2,Wind,Fall,11010,290,Wednesday,October
7/17/2025,20,21,Wind,Summer,1801,198,Thursday,July
12/1/2023,10,11,Wind,Winter,3234,335,Friday,December
11/12/2023,14,15,Wind,Fall,9888,316,Sunday,November
9/3/2023,18,19,Wind,Fall,6935,246,Sunday,September
1/17/2022,15,16,Solar,Winter,2716,17,Monday,January
4/26/2023,8,9,Wind,Spring,2693,116,Wednesday,April
4/1/2021,17,18,Wind,Spring,6463,91,Thursday,April
5/28/2023,9,10,Solar,Spring,5108,148,Sunday,May
3/27/2022,14,15,Solar,Spring,6871,86,Sunday,March
4/13/2025,2,3,Wind,Spring,9132,103,Sunday,April
10/18/2021,21,22,Wind,Fall,4845,291,Monday,October
9/9/2022,22,23,Wind,Fall,5803,252,Friday,September
11/14/2025,6,7,Wind,Fall,12793,318,Friday,November
2/27/2020,3,4,Wind,Winter,5876,58,Thursday,February
7/7/2020,13,14,Solar,Summer,5278,189,Tuesday,July
12/18/2023,15,16,Wind,Winter,3980,352,Monday,December
9/28/2023,1,2,Wind,Fall,4548,271,Thursday,September
6/28/2024,7,8,Wind,Summer,2990,180,Friday,June
10/20/2020,5,6,Wind,Fall,9659,294,Tuesday,October
4/27/2021,3,4,Wind,Spring,4738,117,Tuesday,April
4/6/2024,15,16,Wind,Spring,8363,97,Saturday,April
4/28/2021,16,17,Wind,Spring,4670,118,Wednesday,April
10/2/2025,17,18,Solar,Fall,4982,275,Thursday,October
9/14/2020,14,15,Solar,Fall,5167,258,Monday,September
6/24/2023,6,7,Wind,Summer,2771,175,Saturday,June
10/21/2020,11,12,Wind,Fall,15183,295,Wednesday,October
8/1/2025,17,18,Wind,Summer,11333,213,Friday,August
2/23/2022,23,0,Wind,Winter,3212,54,Wednesday,February
7/24/2021,12,13,Solar,Summer,5662,205,Saturday,July
12/10/2023,4,5,Wind,Winter,14688,344,Sunday,December
4/19/2020,5,6,Wind,Spring,2422,110,Sunday,April
4/24/2021,3,4,Wind,Spring,7172,114,Saturday,April
4/21/2020,9,10,Wind,Spring,5012,112,Tuesday,April
10/12/2023,16,17,Wind,Fall,8100,285,Thursday,October
11/16/2025,2,3,Wind,Fall,2155,320,Sunday,November
1/7/2022,13,14,Wind,Winter,12803,7,Friday,January
11/16/2023,5,6,Wind,Fall,4723,320,Thursday,November
6/18/2020,1,2,Wind,Summer,1643,170,Thursday,June
8/3/2024,6,7,Wind,Summer,2972,216,Saturday,August
6/24/2024,8,9,Solar,Summer,4072,176,Monday,June
5/18/2023,16,17,Wind,Spring,9570,138,Thursday,May
4/24/2020,17,18,Solar,Spring,3015,115,Friday,April
9/19/2024,23,0,Wind,Fall,8303,263,Thursday,September
12/18/2021,18,19,Wind,Winter,6095,352,Saturday,December
8/9/2024,8,9,Wind,Summer,6545,222,Friday,August
1/31/2025,14,15,Wind,Winter,9041,31,Friday,January
3/28/2021,15,16,Solar,Spring,6562,87,Sunday,March
6/8/2024,20,21,Wind,Summer,3640,160,Saturday,June
10/16/2024,19,20,Wind,Fall,10396,290,Wednesday,October
3/3/2020,13,14,Wind,Spring,2627,63,Tuesday,March
11/21/2024,22,23,Wind,Fall,6234,326,Thursday,November
12/6/2020,7,8,Wind,Winter,2388,341,Sunday,December
4/21/2022,13,14,Solar,Spring,7316,111,Thursday,April
9/1/2023,13,14,Solar,Fall,9763,244,Friday,September
1/29/2023,13,14,Solar,Winter,4709,29,Sunday,January
4/27/2022,13,14,Solar,Spring,9899,117,Wednesday,April
12/6/2023,12,13,Solar,Winter,4011,340,Wednesday,December
2/11/2023,4,5,Wind,Winter,1810,42,Saturday,February
5/23/2021,19,20,Wind,Spring,7087,143,Sunday,May
1/13/2023,13,14,Wind,Winter,17620,13,Friday,January
10/21/2020,8,9,Wind,Fall,12602,295,Wednesday,October
11/11/2021,9,10,Solar,Fall,2291,315,Thursday,November
2/28/2023,21,22,Wind,Winter,6877,59,Tuesday,February
3/10/2023,12,13,Wind,Spring,20267,69,Friday,March
11/15/2021,1,2,Wind,Fall,3350,319,Monday,November
8/27/2022,13,14,Solar,Summer,7247,239,Saturday,August
9/26/2025,19,20,Wind,Fall,408,269,Friday,September
10/18/2025,11,12,Solar,Fall,10166,291,Saturday,October
9/4/2022,6,7,Wind,Fall,2242,247,Sunday,September
5/14/2020,22,23,Wind,Spring,8480,135,Thursday,May
11/20/2021,21,22,Wind,Fall,256,324,Saturday,November
3/19/2022,2,3,Wind,Spring,11653,78,Saturday,March
7/27/2023,19,20,Wind,Summer,7081,208,Thursday,July
9/29/2022,16,17,Solar,Fall,3391,272,Thursday,September
10/30/2020,20,21,Wind,Fall,2316,304,Friday,October
1/18/2020,17,18,Wind,Winter,1821,18,Saturday,January
11/18/2023,8,9,Wind,Fall,10478,322,Saturday,November
4/28/2025,19,20,Wind,Spring,4874,118,Monday,April
8/25/2022,1,2,Wind,Summer,2568,237,Thursday,August
1/29/2020,10,11,Wind,Winter,8131,29,Wednesday,January
2/28/2024,4,5,Wind,Winter,2938,59,Wednesday,February
8/14/2021,7,8,Wind,Summer,1499,226,Saturday,August
2/1/2025,4,5,Wind,Winter,3300,32,Saturday,February
1/8/2025,17,18,Wind,Winter,15551,8,Wednesday,January
7/19/2020,5,6,Wind,Summer,717,201,Sunday,July
4/15/2024,1,2,Wind,Spring,2526,106,Monday,April
10/7/2020,3,4,Wind,Fall,8655,281,Wednesday,October
5/13/2021,9,10,Wind,Spring,6445,133,Thursday,May
8/21/2024,6,7,Wind,Summer,3751,234,Wednesday,August
1/9/2023,11,12,Wind,Winter,16471,9,Monday,January
7/12/2021,12,13,Solar,Summer,4206,193,Monday,July
7/17/2021,3,4,Wind,Summer,2660,198,Saturday,July
2/8/2021,14,15,Wind,Winter,2189,39,Monday,February
12/21/2024,17,18,Wind,Winter,17785,356,Saturday,December
8/11/2023,18,19,Solar,Summer,4743,223,Friday,August
10/26/2025,4,5,Wind,Fall,9938,299,Sunday,October
10/17/2020,19,20,Wind,Fall,554,291,Saturday,October
11/11/2025,6,7,Wind,Fall,7784,315,Tuesday,November
4/25/2021,4,5,Wind,Spring,8220,115,Sunday,April
8/13/2022,22,23,Wind,Summer,3130,225,Saturday,August
10/23/2023,5,6,Wind,Fall,5937,296,Monday,October
6/8/2021,0,1,Wind,Summer,1392,159,Tuesday,June
2/7/2021,14,15,Wind,Winter,6165,38,Sunday,February
5/12/2025,16,17,Solar,Spring,4127,132,Monday,May
1/20/2024,1,2,Wind,Winter,3446,20,Saturday,January
4/5/2022,15,16,Wind,Spring,10520,95,Tuesday,April
6/9/2023,14,15,Solar,Summer,7100,160,Friday,June
4/5/2025,23,0,Wind,Spring,9012,95,Saturday,April
11/22/2025,14,15,Wind,Fall,12287,326,Saturday,November
7/22/2025,17,18,Wind,Summer,11630,203,Tuesday,July
11/5/2022,2,3,Wind,Fall,3089,309,Saturday,November
9/17/2021,3,4,Wind,Fall,696,260,Friday,September
10/13/2020,14,15,Wind,Fall,6661,287,Tuesday,October
4/8/2025,21,22,Wind,Spring,4246,98,Tuesday,April
3/8/2025,8,9,Wind,Spring,12302,67,Saturday,March
10/14/2025,3,4,Wind,Fall,6169,287,Tuesday,October
12/7/2022,3,4,Wind,Winter,2533,341,Wednesday,December
5/29/2020,8,9,Wind,Spring,4079,150,Friday,May
10/4/2021,11,12,Wind,Fall,6850,277,Monday,October
12/15/2024,11,12,Wind,Winter,9368,350,Sunday,December
4/26/2025,3,4,Wind,Spring,5053,116,Saturday,April
8/19/2020,23,0,Wind,Summer,4393,232,Wednesday,August
1/17/2022,21,22,Wind,Winter,1708,17,Monday,January
7/2/2021,6,7,Wind,Summer,434,183,Friday,July
4/9/2024,19,20,Wind,Spring,12447,100,Tuesday,April
11/10/2022,23,0,Wind,Fall,3646,314,Thursday,November
2/12/2023,19,20,Wind,Winter,3488,43,Sunday,February
7/13/2022,18,19,Solar,Summer,4749,194,Wednesday,July
4/24/2025,13,14,Solar,Spring,9198,114,Thursday,April
12/20/2021,17,18,Wind,Winter,3168,354,Monday,December
5/29/2024,7,8,Wind,Spring,6284,150,Wednesday,May
2/3/2024,23,0,Wind,Winter,5376,34,Saturday,February
9/1/2021,18,19,Wind,Fall,7759,244,Wednesday,September
8/19/2023,22,23,Wind,Summer,1054,231,Saturday,August
9/22/2022,0,1,Wind,Fall,2751,265,Thursday,September
1/18/2020,14,15,Solar,Winter,2528,18,Saturday,January
4/8/2021,0,1,Wind,Spring,851,98,Thursday,April
10/5/2023,9,10,Solar,Fall,3037,278,Thursday,October
8/31/2022,3,4,Wind,Summer,2669,243,Wednesday,August
3/12/2022,18,19,Wind,Spring,8732,71,Saturday,March
7/20/2022,23,0,Wind,Summer,1815,201,Wednesday,July
4/29/2023,19,20,Wind,Spring,2892,119,Saturday,April
7/30/2022,2,3,Wind,Summer,1439,211,Saturday,July
5/13/2021,22,23,Wind,Spring,2605,133,Thursday,May
10/16/2021,21,22,Wind,Fall,1291,289,Saturday,October
10/15/2020,7,8,Wind,Fall,3910,289,Thursday,October
6/6/2023,12,13,Solar,Summer,8646,157,Tuesday,June
8/8/2025,5,6,Wind,Summer,1437,220,Friday,August
7/26/2025,10,11,Solar,Summer,7998,207,Saturday,July
2/20/2022,2,3,Wind,Winter,11206,51,Sunday,February
11/28/2025,2,3,Wind,Fall,8628,332,Friday,November
6/28/2021,13,14,Solar,Summer,3922,179,Monday,June
9/19/2021,3,4,Wind,Fall,3519,262,Sunday,September
9/28/2023,19,20,Wind,Fall,2552,271,Thursday,September
5/13/2024,14,15,Solar,Spring,6831,134,Monday,May
5/18/2021,2,3,Wind,Spring,5406,138,Tuesday,May
8/1/2024,16,17,Solar,Summer,8661,214,Thursday,August
9/12/2024,2,3,Wind,Fall,4472,256,Thursday,September
2/5/2022,0,1,Wind,Winter,5210,36,Saturday,February
8/15/2021,7,8,Wind,Summer,1301,227,Sunday,August
7/31/2025,6,7,Wind,Summer,2301,212,Thursday,July
1/27/2021,16,17,Wind,Winter,4041,27,Wednesday,January
11/9/2022,4,5,Wind,Fall,8537,313,Wednesday,November
12/22/2020,2,3,Wind,Winter,12189,357,Tuesday,December
12/8/2023,0,1,Wind,Winter,7878,342,Friday,December
11/10/2021,15,16,Solar,Fall,1760,314,Wednesday,November
5/11/2021,10,11,Wind,Spring,4076,131,Tuesday,May
2/15/2022,14,15,Wind,Winter,13683,46,Tuesday,February
4/8/2020,7,8,Wind,Spring,2012,99,Wednesday,April
4/10/2021,0,1,Wind,Spring,4391,100,Saturday,April
6/7/2021,2,3,Wind,Summer,1350,158,Monday,June
5/13/2021,0,1,Wind,Spring,4479,133,Thursday,May
3/8/2021,20,21,Wind,Spring,2882,67,Monday,March
11/6/2020,8,9,Wind,Fall,6743,311,Friday,November
3/16/2025,0,1,Wind,Spring,10187,75,Sunday,March
9/26/2020,13,14,Wind,Fall,12730,270,Saturday,September
11/23/2025,12,13,Wind,Fall,15669,327,Sunday,November
3/24/2023,17,18,Wind,Spring,15698,83,Friday,March
1/22/2022,12,13,Solar,Winter,5027,22,Saturday,January
2/8/2022,22,23,Wind,Winter,2415,39,Tuesday,February
4/27/2024,0,1,Wind,Spring,4743,118,Saturday,April
1/24/2024,7,8,Wind,Winter,16218,24,Wednesday,January
9/20/2022,19,20,Wind,Fall,2499,263,Tuesday,September
7/19/2024,16,17,Solar,Summer,7392,201,Friday,July
11/13/2025,8,9,Wind,Fall,10392,317,Thursday,November
2/13/2022,14,15,Wind,Winter,16782,44,Sunday,February
1/22/2022,0,1,Wind,Winter,3190,22,Saturday,January
12/19/2024,10,11,Wind,Winter,17216,354,Thursday,December
1/18/2020,9,10,Wind,Winter,3050,18,Saturday,January
2/6/2025,13,14,Wind,Winter,13224,37,Thursday,February
3/8/2021,13,14,Solar,Spring,4523,67,Monday,March
1/20/2020,22,23,Wind,Winter,4934,20,Monday,January
8/29/2020,1,2,Wind,Summer,3457,242,Saturday,August
9/17/2024,15,16,Wind,Fall,17409,261,Tuesday,September
5/15/2023,19,20,Wind,Spring,9747,135,Monday,May
4/26/2023,14,15,Solar,Spring,4918,116,Wednesday,April
8/7/2022,2,3,Wind,Summer,7089,219,Sunday,August
11/18/2021,3,4,Wind,Fall,1529,322,Thursday,November
7/28/2022,15,16,Solar,Summer,5339,209,Thursday,July
9/29/2024,4,5,Wind,Fall,3181,273,Sunday,September
7/27/2025,8,9,Wind,Summer,3635,208,Sunday,July
12/7/2022,17,18,Wind,Winter,1713,341,Wednesday,December
6/4/2022,0,1,Wind,Summer,3214,155,Saturday,June
4/11/2022,18,19,Wind,Spring,7879,101,Monday,April
7/18/2025,10,11,Solar,Summer,6389,199,Friday,July
10/28/2025,4,5,Wind,Fall,11636,301,Tuesday,October
1/15/2024,12,13,Wind,Winter,6809,15,Monday,January
3/7/2021,13,14,Solar,Spring,3169,66,Sunday,March
1/10/2024,19,20,Wind,Winter,3793,10,Wednesday,January
5/8/2024,0,1,Wind,Spring,6559,129,Wednesday,May
9/28/2024,4,5,Wind,Fall,6407,272,Saturday,September
5/25/2021,6,7,Wind,Spring,9546,145,Tuesday,May
8/2/2021,6,7,Wind,Summer,1153,214,Monday,August
6/13/2025,4,5,Wind,Summer,2021,164,Friday,June
6/10/2022,13,14,Solar,Summer,8508,161,Friday,June
1/10/2025,14,15,Wind,Winter,4286,10,Friday,January
7/20/2023,12,13,Solar,Summer,6951,201,Thursday,July
2/28/2020,13,14,Wind,Winter,11014,59,Friday,February
6/18/2024,12,13,Solar,Summer,7785,170,Tuesday,June
1/31/2024,20,21,Wind,Winter,6085,31,Wednesday,January
1/27/2023,23,0,Wind,Winter,6094,27,Friday,January
8/15/2020,11,12,Solar,Summer,3086,228,Saturday,August
10/4/2022,4,5,Wind,Fall,988,277,Tuesday,October
1/29/2024,23,0,Wind,Winter,8472,29,Monday,January
4/12/2022,6,7,Wind,Spring,7935,102,Tuesday,April
1/11/2022,23,0,Wind,Winter,2090,11,Tuesday,January
5/11/2025,16,17,Wind,Spring,4808,131,Sunday,May
10/14/2023,4,5,Wind,Fall,10187,287,Saturday,October
10/1/2021,23,0,Wind,Fall,3707,274,Friday,October
10/4/2024,22,23,Wind,Fall,2835,278,Friday,October
12/31/2024,11,12,Wind,Winter,7306,366,Tuesday,December
3/23/2020,16,17,Wind,Spring,7482,83,Monday,March
2/25/2022,2,3,Wind,Winter,7548,56,Friday,February
2/11/2022,16,17,Solar,Winter,3615,42,Friday,February
7/1/2025,13,14,Solar,Summer,9839,182,Tuesday,July
9/10/2021,3,4,Wind,Fall,2131,253,Friday,September
11/20/2024,9,10,Wind,Fall,6181,325,Wednesday,November
9/13/2021,3,4,Wind,Fall,2426,256,Monday,September
2/14/2025,11,12,Solar,Winter,9119,45,Friday,February
9/30/2023,2,3,Wind,Fall,547,273,Saturday,September
7/3/2020,13,14,Wind,Summer,6832,185,Friday,July
12/16/2022,4,5,Wind,Winter,5658,350,Friday,December
6/29/2025,12,13,Solar,Summer,4495,180,Sunday,June
3/21/2025,6,7,Wind,Spring,10695,80,Friday,March
9/22/2023,15,16,Wind,Fall,13602,265,Friday,September
1/26/2024,22,23,Wind,Winter,2003,26,Friday,January
5/29/2023,23,0,Wind,Spring,10422,149,Monday,May
1/18/2024,19,20,Wind,Winter,4652,18,Thursday,January
8/17/2023,21,22,Wind,Summer,2474,229,Thursday,August
2/18/2021,13,14,Wind,Winter,11280,49,Thursday,February
11/28/2025,16,17,Wind,Fall,7122,332,Friday,November
6/5/2025,11,12,Wind,Summer,9135,156,Thursday,June
7/5/2025,19,20,Wind,Summer,7083,186,Saturday,July
8/30/2023,20,21,Wind,Summer,4070,242,Wednesday,August
1/24/2020,14,15,Solar,Winter,1733,24,Friday,January
1/30/2021,11,12,Wind,Winter,8960,30,Saturday,January
1/26/2021,10,11,Wind,Winter,5086,26,Tuesday,January
7/22/2020,22,23,Wind,Summer,2730,204,Wednesday,July
9/10/2025,10,11,Solar,Fall,8381,253,Wednesday,September
5/20/2021,11,12,Solar,Spring,7459,140,Thursday,May
8/30/2020,16,17,Wind,Summer,6972,243,Sunday,August
4/30/2021,4,5,Wind,Spring,1497,120,Friday,April
7/20/2024,2,3,Wind,Summer,1366,202,Saturday,July
6/25/2024,2,3,Wind,Summer,4860,177,Tuesday,June
6/16/2020,3,4,Wind,Summer,1572,168,Tuesday,June
3/20/2025,22,23,Wind,Spring,7815,79,Thursday,March
10/8/2021,7,8,Wind,Fall,3732,281,Friday,October
3/11/2023,20,21,Wind,Spring,4561,70,Saturday,March
1/9/2022,5,6,Wind,Winter,11382,9,Sunday,January
12/15/2023,10,11,Solar,Winter,2984,349,Friday,December
12/2/2023,20,21,Wind,Winter,2993,336,Saturday,December
4/12/2020,14,15,Solar,Spring,4478,103,Sunday,April
1/16/2021,6,7,Wind,Winter,2609,16,Saturday,January
11/7/2020,5,6,Wind,Fall,6495,312,Saturday,November
1/16/2025,7,8,Wind,Winter,5370,16,Thursday,January
12/11/2023,5,6,Wind,Winter,13313,345,Monday,December
3/26/2025,0,1,Wind,Spring,2924,85,Wednesday,March
3/9/2025,14,15,Wind,Spring,6097,68,Sunday,March
1/31/2021,11,12,Wind,Winter,3917,31,Sunday,January
1/18/2023,12,13,Wind,Winter,5795,18,Wednesday,January
8/11/2022,22,23,Wind,Summer,5915,223,Thursday,August
10/17/2020,5,6,Wind,Fall,823,291,Saturday,October
11/6/2023,15,16,Wind,Fall,11710,310,Monday,November
1/31/2020,15,16,Wind,Winter,7383,31,Friday,January
11/22/2022,2,3,Wind,Fall,12118,326,Tuesday,November
1/14/2020,21,22,Wind,Winter,12686,14,Tuesday,January
6/5/2024,22,23,Wind,Summer,1825,157,Wednesday,June
5/24/2020,17,18,Solar,Spring,4591,145,Sunday,May
10/17/2025,8,9,Wind,Fall,5063,290,Friday,October
12/1/2023,18,19,Wind,Winter,5670,335,Friday,December
11/30/2023,9,10,Wind,Fall,2294,334,Thursday,November
5/28/2023,21,22,Wind,Spring,8135,148,Sunday,May
8/6/2025,18,19,Solar,Summer,4823,218,Wednesday,August
9/3/2022,3,4,Wind,Fall,1584,246,Saturday,September
5/12/2024,21,22,Wind,Spring,2710,133,Sunday,May
8/25/2022,2,3,Wind,Summer,2157,237,Thursday,August
7/9/2024,19,20,Wind,Summer,5041,191,Tuesday,July
10/28/2023,13,14,Wind,Fall,17291,301,Saturday,October
12/26/2021,23,0,Wind,Winter,3943,360,Sunday,December
4/26/2023,19,20,Wind,Spring,1227,116,Wednesday,April
8/12/2020,23,0,Wind,Summer,2887,225,Wednesday,August
6/8/2024,7,8,Wind,Summer,2653,160,Saturday,June
10/30/2020,1,2,Wind,Fall,7672,304,Friday,October
4/10/2024,13,14,Solar,Spring,9317,101,Wednesday,April
1/22/2020,4,5,Wind,Winter,3220,22,Wednesday,January
6/26/2025,19,20,Wind,Summer,9162,177,Thursday,June
9/25/2023,6,7,Wind,Fall,2754,268,Monday,September
10/2/2021,8,9,Wind,Fall,4880,275,Saturday,October
5/21/2021,21,22,Wind,Spring,11117,141,Friday,May
5/21/2021,4,5,Wind,Spring,9502,141,Friday,May
6/7/2020,21,22,Wind,Summer,1627,159,Sunday,June
9/6/2023,18,19,Solar,Fall,2948,249,Wednesday,September
4/27/2023,3,4,Wind,Spring,1219,117,Thursday,April
3/14/2020,13,14,Wind,Spring,7209,74,Saturday,March
2/27/2024,19,20,Wind,Winter,6228,58,Tuesday,February
9/19/2020,13,14,Solar,Fall,4468,263,Saturday,September
4/1/2022,16,17,Wind,Spring,15285,91,Friday,April
3/16/2023,2,3,Wind,Spring,6637,75,Thursday,March
9/22/2025,16,17,Wind,Fall,8440,265,Monday,September
11/24/2020,19,20,Wind,Fall,6160,329,Tuesday,November
11/10/2020,8,9,Wind,Fall,672,315,Tuesday,November
12/5/2023,23,0,Wind,Winter,4052,339,Tuesday,December
4/21/2023,23,0,Wind,Spring,3321,111,Friday,April
2/26/2021,22,23,Wind,Winter,5705,57,Friday,February
1/16/2025,11,12,Wind,Winter,7756,16,Thursday,January
11/29/2022,6,7,Wind,Fall,1649,333,Tuesday,November
12/1/2024,13,14,Wind,Winter,10231,336,Sunday,December
5/1/2022,2,3,Wind,Spring,3175,121,Sunday,May
5/13/2021,5,6,Wind,Spring,5102,133,Thursday,May
7/31/2023,14,15,Wind,Summer,18635,212,Monday,July
10/25/2024,14,15,Solar,Fall,5922,299,Friday,October
9/25/2022,14,15,Solar,Fall,6087,268,Sunday,September
3/25/2025,14,15,Solar,Spring,7289,84,Tuesday,March
1/5/2021,18,19,Wind,Winter,1973,5,Tuesday,January
9/25/2021,0,1,Wind,Fall,1010,268,Saturday,September
6/27/2023,8,9,Solar,Summer,3093,178,Tuesday,June
9/12/2021,6,7,Wind,Fall,797,255,Sunday,September
9/13/2024,7,8,Wind,Fall,4812,257,Friday,September
7/14/2023,3,4,Wind,Summer,547,195,Friday,July
12/22/2024,3,4,Wind,Winter,18787,357,Sunday,December
12/22/2024,23,0,Wind,Winter,16227,357,Sunday,December
10/18/2020,11,12,Solar,Fall,3259,292,Sunday,October
5/4/2021,8,9,Wind,Spring,13750,124,Tuesday,May
7/24/2021,4,5,Wind,Summer,4791,205,Saturday,July
3/18/2021,14,15,Wind,Spring,5839,77,Thursday,March
7/8/2025,8,9,Wind,Summer,6696,189,Tuesday,July
4/30/2025,11,12,Solar,Spring,9156,120,Wednesday,April
7/27/2021,21,22,Wind,Summer,3168,208,Tuesday,July
6/11/2020,17,18,Wind,Summer,5028,163,Thursday,June
7/18/2024,12,13,Solar,Summer,8281,200,Thursday,July
1/1/2025,21,22,Wind,Winter,14963,1,Wednesday,January
5/16/2023,4,5,Wind,Spring,7536,136,Tuesday,May
11/16/2025,23,0,Wind,Fall,5090,320,Sunday,November
5/2/2023,3,4,Wind,Spring,3235,122,Tuesday,May
10/29/2022,14,15,Wind,Fall,8339,302,Saturday,October
5/12/2021,9,10,Solar,Spring,2820,132,Wednesday,May
12/8/2023,9,10,Wind,Winter,4446,342,Friday,December
1/2/2022,0,1,Wind,Winter,5445,2,Sunday,January
1/6/2025,16,17,Wind,Winter,17822,6,Monday,January
5/22/2022,0,1,Wind,Spring,2793,142,Sunday,May
6/15/2022,1,2,Wind,Summer,4126,166,Wednesday,June
4/6/2023,14,15,Wind,Spring,11427,96,Thursday,April
9/15/2024,0,1,Wind,Fall,3840,259,Sunday,September
4/8/2023,5,6,Wind,Spring,3512,98,Saturday,April
3/26/2021,0,1,Wind,Spring,2924,85,Friday,March
1/4/2020,4,5,Wind,Winter,3266,4,Saturday,January
8/25/2025,7,8,Wind,Summer,2945,237,Monday,August
5/18/2020,10,11,Solar,Spring,4062,139,Monday,May
11/18/2024,1,2,Wind,Fall,8644,323,Monday,November
3/15/2025,3,4,Wind,Spring,10081,74,Saturday,March
7/10/2023,6,7,Wind,Summer,749,191,Monday,July
9/7/2024,22,23,Wind,Fall,3605,251,Saturday,September
7/2/2022,15,16,Solar,Summer,6897,183,Saturday,July
3/14/2020,19,20,Wind,Spring,3134,74,Saturday,March
4/23/2020,19,20,Solar,Spring,824,114,Thursday,April
1/29/2025,8,9,Wind,Winter,13112,29,Wednesday,January
1/26/2024,7,8,Wind,Winter,12588,26,Friday,January
8/12/2025,23,0,Wind,Summer,1049,224,Tuesday,August
3/20/2020,14,15,Wind,Spring,7648,80,Friday,March
12/11/2022,8,9,Wind,Winter,2254,345,Sunday,December
10/13/2021,11,12,Solar,Fall,4854,286,Wednesday,October
11/5/2024,5,6,Wind,Fall,1674,310,Tuesday,November
9/18/2024,17,18,Wind,Fall,14521,262,Wednesday,September
1/10/2020,20,21,Wind,Winter,1558,10,Friday,January
6/16/2023,2,3,Wind,Summer,2330,167,Friday,June
6/15/2023,15,16,Solar,Summer,7754,166,Thursday,June
8/8/2022,3,4,Wind,Summer,6072,220,Monday,August
7/30/2022,5,6,Wind,Summer,902,211,Saturday,July
10/8/2020,19,20,Wind,Fall,7127,282,Thursday,October
9/30/2020,9,10,Wind,Fall,2517,274,Wednesday,September
11/9/2022,0,1,Wind,Fall,9942,313,Wednesday,November
5/23/2020,9,10,Wind,Spring,4797,144,Saturday,May
4/19/2023,1,2,Wind,Spring,7997,109,Wednesday,April
9/21/2020,18,19,Wind,Fall,888,265,Monday,September
4/20/2023,17,18,Wind,Spring,7921,110,Thursday,April
7/7/2021,18,19,Wind,Summer,3466,188,Wednesday,July
1/8/2023,16,17,Wind,Winter,11145,8,Sunday,January
3/3/2025,17,18,Wind,Spring,2963,62,Monday,March
6/29/2024,1,2,Wind,Summer,4092,181,Saturday,June
3/10/2021,5,6,Wind,Spring,2969,69,Wednesday,March
12/2/2020,11,12,Wind,Winter,3015,337,Wednesday,December
12/16/2022,1,2,Wind,Winter,6354,350,Friday,December
1/15/2021,19,20,Wind,Winter,2717,15,Friday,January
12/2/2022,11,12,Wind,Winter,2745,336,Friday,December
12/16/2024,19,20,Wind,Winter,3164,351,Monday,December
10/14/2020,0,1,Wind,Fall,2018,288,Wednesday,October
8/29/2021,16,17,Wind,Summer,7543,241,Sunday,August
11/22/2024,13,14,Wind,Fall,16386,327,Friday,November
3/23/2023,8,9,Wind,Spring,12237,82,Thursday,March
5/13/2023,23,0,Wind,Spring,5812,133,Saturday,May
2/25/2022,18,19,Wind,Winter,3550,56,Friday,February
10/17/2020,20,21,Wind,Fall,625,291,Saturday,October
2/4/2024,14,15,Wind,Winter,10856,35,Sunday,February
5/14/2025,13,14,Solar,Spring,4558,134,Wednesday,May
10/4/2022,12,13,Solar,Fall,5982,277,Tuesday,October
10/18/2020,14,15,Solar,Fall,3881,292,Sunday,October
5/31/2020,0,1,Wind,Spring,5688,152,Sunday,May
4/19/2021,15,16,Solar,Spring,4504,109,Monday,April
8/11/2021,0,1,Wind,Summer,647,223,Wednesday,August
2/17/2023,0,1,Wind,Winter,7540,48,Friday,February
10/6/2023,9,10,Solar,Fall,3802,279,Friday,October
4/6/2021,20,21,Wind,Spring,5819,96,Tuesday,April
5/2/2023,8,9,Solar,Spring,3648,122,Tuesday,May
9/8/2025,3,4,Wind,Fall,2384,251,Monday,September
4/4/2020,8,9,Wind,Spring,2989,95,Saturday,April
3/13/2023,14,15,Wind,Spring,18710,72,Monday,March
6/8/2020,21,22,Wind,Summer,3865,160,Monday,June
4/16/2025,1,2,Wind,Spring,5633,106,Wednesday,April
3/19/2025,15,16,Wind,Spring,11296,78,Wednesday,March
12/29/2022,12,13,Wind,Winter,13942,363,Thursday,December
3/16/2024,11,12,Solar,Spring,7993,76,Saturday,March
1/29/2023,10,11,Solar,Winter,2890,29,Sunday,January
6/30/2021,6,7,Wind,Summer,2095,181,Wednesday,June
8/6/2024,7,8,Wind,Summer,1463,219,Tuesday,August
3/8/2020,7,8,Wind,Spring,9809,68,Sunday,March
8/31/2024,12,13,Solar,Summer,8353,244,Saturday,August
4/20/2023,8,9,Wind,Spring,7599,110,Thursday,April
10/29/2020,17,18,Wind,Fall,6611,303,Thursday,October
1/21/2025,22,23,Wind,Winter,6958,21,Tuesday,January
2/17/2023,20,21,Wind,Winter,7175,48,Friday,February
10/21/2024,6,7,Wind,Fall,3853,295,Monday,October
8/24/2020,4,5,Wind,Summer,1813,237,Monday,August
5/25/2024,15,16,Solar,Spring,7169,146,Saturday,May
9/22/2020,20,21,Wind,Fall,1549,266,Tuesday,September
2/5/2023,14,15,Wind,Winter,13787,36,Sunday,February
2/17/2024,5,6,Wind,Winter,2438,48,Saturday,February
1/20/2025,10,11,Wind,Winter,2887,20,Monday,January
6/12/2021,19,20,Wind,Summer,2973,163,Saturday,June
9/9/2025,0,1,Wind,Fall,2454,252,Tuesday,September
3/25/2025,23,0,Wind,Spring,3267,84,Tuesday,March
4/17/2021,18,19,Wind,Spring,7013,107,Saturday,April
8/22/2023,21,22,Wind,Summer,2173,234,Tuesday,August
5/18/2023,22,23,Wind,Spring,6054,138,Thursday,May
4/11/2024,21,22,Wind,Spring,1174,102,Thursday,April
10/9/2023,1,2,Wind,Fall,1159,282,Monday,October
1/10/2020,6,7,Wind,Winter,7579,10,Friday,January
10/18/2022,11,12,Solar,Fall,5088,291,Tuesday,October
1/4/2022,14,15,Wind,Winter,5941,4,Tuesday,January
4/22/2021,12,13,Solar,Spring,8368,112,Thursday,April
8/4/2021,16,17,Solar,Summer,3531,216,Wednesday,August
6/16/2024,0,1,Wind,Summer,8152,168,Sunday,June
2/25/2020,13,14,Wind,Winter,12118,56,Tuesday,February
6/14/2024,5,6,Wind,Summer,7031,166,Friday,June
7/21/2020,14,15,Solar,Summer,5891,203,Tuesday,July
3/13/2025,17,18,Wind,Spring,3662,72,Thursday,March
3/11/2021,11,12,Wind,Spring,15750,70,Thursday,March
10/10/2022,13,14,Solar,Fall,5312,283,Monday,October
10/20/2022,5,6,Wind,Fall,5478,293,Thursday,October
8/5/2024,12,13,Solar,Summer,8358,218,Monday,August
7/12/2021,0,1,Wind,Summer,2435,193,Monday,July
1/12/2024,14,15,Wind,Winter,6694,12,Friday,January
3/18/2023,6,7,Wind,Spring,7054,77,Saturday,March
5/13/2020,14,15,Wind,Spring,7957,134,Wednesday,May
9/30/2023,16,17,Solar,Fall,5200,273,Saturday,September
2/5/2025,17,18,Wind,Winter,2583,36,Wednesday,February
9/19/2023,14,15,Wind,Fall,10341,262,Tuesday,September
2/2/2024,0,1,Wind,Winter,2260,33,Friday,February
11/17/2021,5,6,Wind,Fall,1957,321,Wednesday,November
10/1/2023,13,14,Solar,Fall,4581,274,Sunday,October
6/24/2021,18,19,Solar,Summer,3658,175,Thursday,June
7/27/2022,11,12,Solar,Summer,6815,208,Wednesday,July
4/12/2024,21,22,Wind,Spring,939,103,Friday,April
8/22/2020,12,13,Wind,Summer,11094,235,Saturday,August
11/12/2022,5,6,Wind,Fall,3769,316,Saturday,November
7/21/2022,20,21,Wind,Summer,1574,202,Thursday,July
9/8/2023,21,22,Wind,Fall,1554,251,Friday,September
5/31/2024,10,11,Wind,Spring,10050,152,Friday,May
1/19/2020,4,5,Wind,Winter,4998,19,Sunday,January
6/25/2021,7,8,Wind,Summer,1787,176,Friday,June
2/7/2020,3,4,Wind,Winter,5494,38,Friday,February
3/15/2021,18,19,Wind,Spring,7372,74,Monday,March
5/13/2025,15,16,Solar,Spring,3863,133,Tuesday,May
4/27/2022,9,10,Wind,Spring,5614,117,Wednesday,April
6/18/2021,11,12,Wind,Summer,6927,169,Friday,June
3/15/2024,18,19,Wind,Spring,11274,75,Friday,March
12/29/2024,19,20,Wind,Winter,541,364,Sunday,December
12/24/2023,20,21,Wind,Winter,10213,358,Sunday,December
6/28/2022,18,19,Solar,Summer,4992,179,Tuesday,June
9/5/2023,8,9,Wind,Fall,6596,248,Tuesday,September
9/1/2022,9,10,Solar,Fall,3556,244,Thursday,September
8/16/2022,22,23,Wind,Summer,1494,228,Tuesday,August
4/23/2024,6,7,Wind,Spring,4518,114,Tuesday,April
3/19/2022,9,10,Wind,Spring,10970,78,Saturday,March
4/22/2024,3,4,Wind,Spring,7378,113,Monday,April
9/30/2025,18,19,Wind,Fall,3305,273,Tuesday,September
10/4/2022,0,1,Wind,Fall,1565,277,Tuesday,October
8/28/2024,8,9,Wind,Summer,4269,241,Wednesday,August
3/11/2025,1,2,Wind,Spring,1454,70,Tuesday,March
7/19/2023,11,12,Solar,Summer,8862,200,Wednesday,July
1/28/2023,8,9,Wind,Winter,5921,28,Saturday,January
6/14/2022,2,3,Wind,Summer,4735,165,Tuesday,June
8/16/2020,3,4,Wind,Summer,1256,229,Sunday,August
4/18/2023,5,6,Wind,Spring,6470,108,Tuesday,April
8/30/2020,2,3,Wind,Summer,2802,243,Sunday,August
6/3/2025,21,22,Wind,Summer,4656,154,Tuesday,June
6/13/2024,19,20,Wind,Summer,5847,165,Thursday,June
8/26/2022,23,0,Wind,Summer,3321,238,Friday,August
5/5/2020,23,0,Wind,Spring,2773,126,Tuesday,May
4/27/2020,13,14,Solar,Spring,3089,118,Monday,April
4/28/2020,6,7,Wind,Spring,3698,119,Tuesday,April
9/13/2022,18,19,Wind,Fall,3807,256,Tuesday,September
11/20/2025,15,16,Wind,Fall,5905,324,Thursday,November
3/14/2025,8,9,Wind,Spring,3380,73,Friday,March
10/13/2021,16,17,Solar,Fall,4842,286,Wednesday,October
8/7/2024,4,5,Wind,Summer,1433,220,Wednesday,August
12/24/2021,23,0,Wind,Winter,3052,358,Friday,December
6/21/2020,5,6,Wind,Summer,2554,173,Sunday,June
7/31/2023,23,0,Wind,Summer,10874,212,Monday,July
2/7/2020,14,15,Wind,Winter,5386,38,Friday,February
2/3/2025,11,12,Solar,Winter,5983,34,Monday,February
6/24/2020,18,19,Wind,Summer,4258,176,Wednesday,June
2/2/2023,20,21,Wind,Winter,6733,33,Thursday,February
1/23/2023,16,17,Wind,Winter,8749,23,Monday,January
12/14/2023,17,18,Wind,Winter,3583,348,Thursday,December
9/21/2025,5,6,Wind,Fall,4374,264,Sunday,September
3/15/2021,11,12,Wind,Spring,10812,74,Monday,March
11/22/2020,20,21,Wind,Fall,925,327,Sunday,November
2/22/2020,19,20,Wind,Winter,8470,53,Saturday,February
6/17/2025,23,0,Wind,Summer,3347,168,Tuesday,June
8/5/2022,5,6,Wind,Summer,2607,217,Friday,August
10/14/2020,17,18,Wind,Fall,6263,288,Wednesday,October
2/26/2025,12,13,Wind,Winter,15050,57,Wednesday,February
6/21/2025,0,1,Wind,Summer,4743,172,Saturday,June
6/5/2020,13,14,Wind,Summer,14060,157,Friday,June
10/27/2020,18,19,Wind,Fall,11411,301,Tuesday,October
6/4/2020,17,18,Wind,Summer,5749,156,Thursday,June
9/4/2024,3,4,Wind,Fall,798,248,Wednesday,September
1/19/2021,10,11,Wind,Winter,12386,19,Tuesday,January
10/23/2025,4,5,Wind,Fall,11928,296,Thursday,October
3/30/2025,9,10,Wind,Spring,6357,89,Sunday,March
4/6/2020,15,16,Wind,Spring,5353,97,Monday,April
3/31/2023,14,15,Wind,Spring,21589,90,Friday,March
3/31/2020,5,6,Wind,Spring,6377,91,Tuesday,March
5/23/2020,3,4,Wind,Spring,1673,144,Saturday,May
2/11/2022,6,7,Wind,Winter,3510,42,Friday,February
1/23/2025,21,22,Wind,Winter,16773,23,Thursday,January
11/9/2021,11,12,Solar,Fall,4387,313,Tuesday,November
10/26/2025,0,1,Wind,Fall,10464,299,Sunday,October
12/9/2024,0,1,Wind,Winter,14088,344,Monday,December
6/10/2024,1,2,Wind,Summer,5131,162,Monday,June
4/10/2020,9,10,Solar,Spring,3344,101,Friday,April
10/31/2021,1,2,Wind,Fall,4378,304,Sunday,October
11/20/2020,12,13,Solar,Fall,4045,325,Friday,November
9/25/2025,11,12,Solar,Fall,6701,268,Thursday,September
12/12/2021,13,14,Wind,Winter,5288,346,Sunday,December
1/13/2022,19,20,Wind,Winter,3069,13,Thursday,January
1/12/2025,23,0,Wind,Winter,4835,12,Sunday,January
12/6/2023,22,23,Wind,Winter,2647,340,Wednesday,December
1/16/2021,2,3,Wind,Winter,1799,16,Saturday,January
1/3/2020,6,7,Wind,Winter,8817,3,Friday,January
9/1/2025,21,22,Wind,Fall,5057,244,Monday,September
10/18/2021,11,12,Solar,Fall,5076,291,Monday,October
5/7/2022,23,0,Wind,Spring,4532,127,Saturday,May
6/16/2022,14,15,Solar,Summer,6428,167,Thursday,June
10/23/2022,23,0,Wind,Fall,13466,296,Sunday,October
7/8/2024,17,18,Solar,Summer,7115,190,Monday,July
3/23/2022,7,8,Wind,Spring,3526,82,Wednesday,March
9/23/2024,14,15,Solar,Fall,9458,267,Monday,September
12/26/2020,21,22,Wind,Winter,11446,361,Saturday,December
5/12/2023,7,8,Wind,Spring,3360,132,Friday,May
9/6/2021,0,1,Wind,Fall,1817,249,Monday,September
1/19/2024,10,11,Solar,Winter,3115,19,Friday,January
4/13/2020,15,16,Wind,Spring,11013,104,Monday,April
2/10/2021,23,0,Wind,Winter,3960,41,Wednesday,February
2/4/2020,19,20,Wind,Winter,8718,35,Tuesday,February
12/11/2020,15,16,Wind,Winter,6300,346,Friday,December
12/22/2022,8,9,Wind,Winter,12425,356,Thursday,December
1/4/2020,20,21,Wind,Winter,2808,4,Saturday,January
8/2/2024,2,3,Wind,Summer,1432,215,Friday,August
5/29/2020,20,21,Wind,Spring,4294,150,Friday,May
5/4/2021,19,20,Wind,Spring,10640,124,Tuesday,May
4/14/2021,0,1,Wind,Spring,4370,104,Wednesday,April
3/15/2022,8,9,Wind,Spring,4813,74,Tuesday,March
11/7/2023,0,1,Wind,Fall,7909,311,Tuesday,November
2/28/2020,5,6,Wind,Winter,2660,59,Friday,February
7/15/2023,16,17,Wind,Summer,10085,196,Saturday,July
8/12/2025,9,10,Solar,Summer,6220,224,Tuesday,August
6/16/2022,5,6,Wind,Summer,1497,167,Thursday,June
2/3/2025,17,18,Wind,Winter,1611,34,Monday,February
11/16/2023,4,5,Wind,Fall,3875,320,Thursday,November
3/6/2025,3,4,Wind,Spring,7274,65,Thursday,March
3/26/2021,23,0,Wind,Spring,9140,85,Friday,March
11/21/2025,11,12,Wind,Fall,8584,325,Friday,November
3/27/2020,10,11,Solar,Spring,4295,87,Friday,March
10/13/2023,7,8,Wind,Fall,12357,286,Friday,October
10/14/2022,23,0,Wind,Fall,6926,287,Friday,October
11/13/2022,11,12,Solar,Fall,4217,317,Sunday,November
5/14/2020,10,11,Wind,Spring,10073,135,Thursday,May
6/19/2024,11,12,Wind,Summer,9445,171,Wednesday,June
1/5/2022,11,12,Wind,Winter,7302,5,Wednesday,January
7/28/2021,8,9,Wind,Summer,3851,209,Wednesday,July
7/15/2023,17,18,Wind,Summer,14187,196,Saturday,July
10/26/2024,10,11,Wind,Fall,2823,300,Saturday,October
3/6/2023,13,14,Solar,Spring,6220,65,Monday,March
12/4/2020,19,20,Wind,Winter,4944,339,Friday,December
8/25/2020,10,11,Wind,Summer,8081,238,Tuesday,August
9/2/2024,22,23,Wind,Fall,641,246,Monday,September
8/10/2023,4,5,Wind,Summer,2594,222,Thursday,August
8/7/2025,5,6,Wind,Summer,1015,219,Thursday,August
4/1/2021,23,0,Wind,Spring,7740,91,Thursday,April
2/20/2024,16,17,Wind,Winter,6371,51,Tuesday,February
2/22/2024,21,22,Wind,Winter,16997,53,Thursday,February
2/14/2023,10,11,Solar,Winter,5994,45,Tuesday,February
6/20/2020,19,20,Wind,Summer,2174,172,Saturday,June
5/25/2025,20,21,Wind,Spring,9778,145,Sunday,May
2/11/2024,15,16,Wind,Winter,15331,42,Sunday,February
9/9/2024,6,7,Wind,Fall,8239,253,Monday,September
8/8/2020,19,20,Solar,Summer,1256,221,Saturday,August
4/9/2025,2,3,Wind,Spring,4689,99,Wednesday,April
4/6/2021,21,22,Wind,Spring,4806,96,Tuesday,April
2/14/2025,2,3,Wind,Winter,4219,45,Friday,February
9/12/2021,11,12,Solar,Fall,4404,255,Sunday,September
4/10/2021,10,11,Wind,Spring,5953,100,Saturday,April
8/1/2025,11,12,Solar,Summer,9032,213,Friday,August
4/19/2023,16,17,Solar,Spring,10069,109,Wednesday,April
1/21/2024,8,9,Wind,Winter,12404,21,Sunday,January
4/6/2024,9,10,Wind,Spring,16321,97,Saturday,April
4/29/2021,2,3,Wind,Spring,2471,119,Thursday,April
12/2/2020,7,8,Wind,Winter,3088,337,Wednesday,December
11/28/2021,0,1,Wind,Fall,8670,332,Sunday,November
3/11/2023,18,19,Wind,Spring,3908,70,Saturday,March
6/4/2024,13,14,Solar,Summer,8950,156,Tuesday,June
4/17/2022,0,1,Wind,Spring,7886,107,Sunday,April
5/6/2025,0,1,Wind,Spring,10727,126,Tuesday,May
9/12/2024,3,4,Wind,Fall,4188,256,Thursday,September
12/26/2020,23,0,Wind,Winter,12204,361,Saturday,December
5/6/2022,15,16,Solar,Spring,6472,126,Friday,May
11/24/2023,19,20,Wind,Fall,10477,328,Friday,November
1/17/2025,17,18,Wind,Winter,861,17,Friday,January
7/28/2022,8,9,Solar,Summer,2500,209,Thursday,July
10/15/2023,8,9,Wind,Fall,3908,288,Sunday,October
3/17/2021,12,13,Wind,Spring,11247,76,Wednesday,March
10/3/2025,10,11,Wind,Fall,7978,276,Friday,October
6/4/2020,2,3,Wind,Summer,2830,156,Thursday,June
7/29/2025,3,4,Wind,Summer,2839,210,Tuesday,July
3/28/2024,20,21,Wind,Spring,15521,88,Thursday,March
4/4/2022,14,15,Wind,Spring,15076,94,Monday,April
10/15/2020,10,11,Wind,Fall,5196,289,Thursday,October
5/30/2020,15,16,Solar,Spring,6710,151,Saturday,May
4/1/2020,8,9,Wind,Spring,4222,92,Wednesday,April
10/18/2023,22,23,Wind,Fall,12351,291,Wednesday,October
6/7/2020,3,4,Wind,Summer,2766,159,Sunday,June
10/10/2025,7,8,Wind,Fall,2536,283,Friday,October
12/18/2024,3,4,Wind,Winter,13116,353,Wednesday,December
3/7/2023,8,9,Wind,Spring,7061,66,Tuesday,March
5/20/2021,22,23,Wind,Spring,9069,140,Thursday,May
4/8/2022,11,12,Wind,Spring,9083,98,Friday,April
4/6/2021,0,1,Wind,Spring,4549,96,Tuesday,April
12/6/2020,21,22,Wind,Winter,1662,341,Sunday,December
6/10/2023,20,21,Wind,Summer,1747,161,Saturday,June
5/23/2023,3,4,Wind,Spring,4394,143,Tuesday,May
4/13/2024,11,12,Solar,Spring,4281,104,Saturday,April
10/1/2023,16,17,Solar,Fall,5635,274,Sunday,October
11/29/2021,14,15,Wind,Fall,4402,333,Monday,November
5/22/2022,14,15,Solar,Spring,5753,142,Sunday,May
1/9/2023,3,4,Wind,Winter,15487,9,Monday,January
7/18/2025,19,20,Solar,Summer,3617,199,Friday,July
10/10/2022,16,17,Wind,Fall,4363,283,Monday,October
4/22/2022,10,11,Solar,Spring,5407,112,Friday,April
4/26/2025,7,8,Wind,Spring,4323,116,Saturday,April
11/18/2021,15,16,Solar,Fall,2705,322,Thursday,November
4/23/2022,12,13,Wind,Spring,7590,113,Saturday,April
5/21/2022,16,17,Solar,Spring,5160,141,Saturday,May
10/3/2025,2,3,Wind,Fall,5560,276,Friday,October
8/28/2023,13,14,Solar,Summer,7961,240,Monday,August
1/28/2020,16,17,Wind,Winter,11897,28,Tuesday,January
5/23/2020,8,9,Wind,Spring,4079,144,Saturday,May
7/29/2020,14,15,Solar,Summer,3995,211,Wednesday,July
8/4/2024,12,13,Solar,Summer,7542,217,Sunday,August
9/29/2021,18,19,Wind,Fall,6196,272,Wednesday,September
8/29/2024,9,10,Solar,Summer,4187,242,Thursday,August
7/22/2022,20,21,Wind,Summer,2407,203,Friday,July
5/10/2021,19,20,Wind,Spring,3236,130,Monday,May
5/21/2024,0,1,Wind,Spring,2868,142,Tuesday,May
9/6/2024,11,12,Solar,Fall,5349,250,Friday,September
3/16/2023,8,9,Wind,Spring,9438,75,Thursday,March
7/13/2023,10,11,Solar,Summer,6890,194,Thursday,July
11/15/2024,8,9,Wind,Fall,2684,320,Friday,November
7/12/2020,0,1,Wind,Summer,4962,194,Sunday,July
4/6/2021,2,3,Wind,Spring,5120,96,Tuesday,April
9/24/2025,12,13,Wind,Fall,10716,267,Wednesday,September
11/18/2022,21,22,Wind,Fall,3230,322,Friday,November
4/16/2020,22,23,Wind,Spring,1773,107,Thursday,April
4/5/2022,23,0,Wind,Spring,6029,95,Tuesday,April
8/22/2025,21,22,Wind,Summer,2688,234,Friday,August
2/25/2022,14,15,Wind,Winter,9622,56,Friday,February
5/19/2023,19,20,Wind,Spring,6972,139,Friday,May
9/4/2022,4,5,Wind,Fall,2059,247,Sunday,September
1/14/2025,16,17,Solar,Winter,2442,14,Tuesday,January
3/10/2020,21,22,Wind,Spring,11187,70,Tuesday,March
12/13/2021,21,22,Wind,Winter,1571,347,Monday,December
2/8/2021,19,20,Wind,Winter,2059,39,Monday,February
9/16/2020,18,19,Wind,Fall,4646,260,Wednesday,September
9/7/2020,10,11,Solar,Fall,3920,251,Monday,September
10/12/2024,20,21,Wind,Fall,7029,286,Saturday,October
9/30/2023,21,22,Wind,Fall,906,273,Saturday,September
11/8/2022,7,8,Wind,Fall,13656,312,Tuesday,November
10/16/2024,15,16,Wind,Fall,12056,290,Wednesday,October
3/21/2022,17,18,Wind,Spring,4620,80,Monday,March
9/17/2025,10,11,Solar,Fall,8661,260,Wednesday,September
9/22/2020,8,9,Wind,Fall,585,266,Tuesday,September
12/5/2023,22,23,Wind,Winter,4751,339,Tuesday,December
2/23/2023,3,4,Wind,Winter,1074,54,Thursday,February
9/18/2020,4,5,Wind,Fall,6154,262,Friday,September
8/12/2023,6,7,Wind,Summer,1480,224,Saturday,August
8/28/2024,18,19,Wind,Summer,5763,241,Wednesday,August
6/1/2022,14,15,Solar,Summer,6895,152,Wednesday,June
9/28/2024,21,22,Wind,Fall,914,272,Saturday,September
2/11/2020,1,2,Wind,Winter,12649,42,Tuesday,February
7/29/2021,7,8,Wind,Summer,3667,210,Thursday,July
12/13/2023,18,19,Wind,Winter,7837,347,Wednesday,December
5/24/2023,20,21,Wind,Spring,7497,144,Wednesday,May
2/18/2021,17,18,Wind,Winter,9311,49,Thursday,February
3/5/2025,9,10,Solar,Spring,7212,64,Wednesday,March
2/27/2025,18,19,Wind,Winter,4003,58,Thursday,February
7/28/2023,9,10,Wind,Summer,5928,209,Friday,July
6/18/2022,16,17,Solar,Summer,7668,169,Saturday,June
3/26/2022,23,0,Wind,Spring,8557,85,Saturday,March
8/12/2023,0,1,Wind,Summer,1275,224,Saturday,August
11/9/2023,22,23,Wind,Fall,12712,313,Thursday,November
3/24/2024,14,15,Wind,Spring,16599,84,Sunday,March
12/8/2021,14,15,Wind,Winter,5921,342,Wednesday,December
12/14/2024,3,4,Wind,Winter,1442,349,Saturday,December
9/19/2022,10,11,Solar,Fall,5655,262,Monday,September
8/28/2022,2,3,Wind,Summer,3812,240,Sunday,August
6/28/2024,5,6,Wind,Summer,3186,180,Friday,June
12/22/2022,7,8,Wind,Winter,12902,356,Thursday,December
6/16/2022,18,19,Solar,Summer,3081,167,Thursday,June
9/29/2022,14,15,Solar,Fall,4330,272,Thursday,September
10/19/2023,1,2,Wind,Fall,10798,292,Thursday,October
12/31/2023,11,12,Wind,Winter,18515,365,Sunday,December
9/14/2025,11,12,Wind,Fall,9392,257,Sunday,September
10/30/2021,11,12,Wind,Fall,9349,303,Saturday,October
1/1/2021,19,20,Wind,Winter,1425,1,Friday,January
5/2/2022,8,9,Wind,Spring,2702,122,Monday,May
10/28/2023,17,18,Wind,Fall,14258,301,Saturday,October
8/3/2021,17,18,Wind,Summer,3270,215,Tuesday,August
7/10/2022,3,4,Wind,Summer,4839,191,Sunday,July
4/28/2025,9,10,Solar,Spring,5404,118,Monday,April
1/5/2025,6,7,Wind,Winter,15783,5,Sunday,January
1/31/2020,18,19,Wind,Winter,7282,31,Friday,January
8/9/2023,14,15,Solar,Summer,7734,221,Wednesday,August
12/12/2022,14,15,Wind,Winter,3435,346,Monday,December
6/9/2025,4,5,Wind,Summer,1873,160,Monday,June
4/16/2020,23,0,Wind,Spring,2013,107,Thursday,April
12/7/2021,13,14,Wind,Winter,12158,341,Tuesday,December
3/8/2025,16,17,Wind,Spring,13555,67,Saturday,March
6/8/2023,17,18,Solar,Summer,6122,159,Thursday,June
5/22/2021,4,5,Wind,Spring,9312,142,Saturday,May
6/29/2025,3,4,Wind,Summer,3072,180,Sunday,June
11/29/2022,22,23,Wind,Fall,1071,333,Tuesday,November
7/23/2025,8,9,Solar,Summer,2689,204,Wednesday,July
8/26/2024,15,16,Solar,Summer,9509,239,Monday,August
8/9/2024,16,17,Solar,Summer,11780,222,Friday,August
5/16/2022,15,16,Solar,Spring,6963,136,Monday,May
3/1/2021,7,8,Wind,Spring,4589,60,Monday,March
3/10/2025,23,0,Wind,Spring,1370,69,Monday,March
10/11/2022,5,6,Wind,Fall,2707,284,Tuesday,October
9/27/2024,8,9,Wind,Fall,15369,271,Friday,September
4/2/2022,17,18,Wind,Spring,10976,92,Saturday,April
10/12/2024,23,0,Wind,Fall,8290,286,Saturday,October
11/28/2023,15,16,Wind,Fall,2821,332,Tuesday,November
6/12/2025,6,7,Wind,Summer,6947,163,Thursday,June
7/1/2020,2,3,Wind,Summer,3252,183,Wednesday,July
1/20/2022,13,14,Wind,Winter,6533,20,Thursday,January
10/5/2022,14,15,Wind,Fall,15673,278,Wednesday,October
1/21/2022,3,4,Wind,Winter,5070,21,Friday,January
8/11/2023,10,11,Solar,Summer,5430,223,Friday,August
9/4/2023,8,9,Wind,Fall,7729,247,Monday,September
5/25/2025,7,8,Wind,Spring,9310,145,Sunday,May
12/11/2020,4,5,Wind,Winter,7890,346,Friday,December
7/7/2023,2,3,Wind,Summer,3866,188,Friday,July
6/14/2023,7,8,Wind,Summer,3207,165,Wednesday,June
10/2/2020,18,19,Wind,Fall,3073,276,Friday,October
12/31/2020,9,10,Wind,Winter,4838,366,Thursday,December
8/8/2025,16,17,Solar,Summer,8376,220,Friday,August
1/2/2022,13,14,Wind,Winter,12811,2,Sunday,January
2/28/2023,3,4,Wind,Winter,8930,59,Tuesday,February
9/27/2021,10,11,Wind,Fall,8562,270,Monday,September
9/18/2023,15,16,Wind,Fall,14776,261,Monday,September
1/27/2025,0,1,Wind,Winter,18951,27,Monday,January
12/11/2021,2,3,Wind,Winter,8663,345,Saturday,December
5/3/2021,0,1,Wind,Spring,781,123,Monday,May
1/15/2023,22,23,Wind,Winter,14417,15,Sunday,January
7/20/2022,7,8,Wind,Summer,2309,201,Wednesday,July
5/1/2020,14,15,Wind,Spring,8815,122,Friday,May
9/28/2024,13,14,Solar,Fall,8736,272,Saturday,September
11/9/2025,6,7,Wind,Fall,2347,313,Sunday,November
1/18/2023,20,21,Wind,Winter,5086,18,Wednesday,January
4/16/2021,3,4,Wind,Spring,5432,106,Friday,April
7/10/2020,5,6,Wind,Summer,3206,192,Friday,July
3/7/2024,10,11,Solar,Spring,10254,67,Thursday,March
12/27/2023,19,20,Wind,Winter,16623,361,Wednesday,December
2/28/2021,16,17,Wind,Winter,7579,59,Sunday,February
3/22/2025,13,14,Wind,Spring,9746,81,Saturday,March
5/26/2020,9,10,Solar,Spring,3767,147,Tuesday,May
6/13/2023,7,8,Wind,Summer,3243,164,Tuesday,June
4/7/2020,6,7,Wind,Spring,2169,98,Tuesday,April
9/9/2025,12,13,Solar,Fall,8511,252,Tuesday,September
12/1/2024,14,15,Wind,Winter,9481,336,Sunday,December
11/21/2020,16,17,Wind,Fall,2632,326,Saturday,November
3/9/2025,23,0,Wind,Spring,2161,68,Sunday,March
2/1/2023,12,13,Wind,Winter,11188,32,Wednesday,February
3/16/2025,12,13,Wind,Spring,12574,75,Sunday,March
8/16/2022,23,0,Wind,Summer,1489,228,Tuesday,August
7/24/2024,18,19,Solar,Summer,4907,206,Wednesday,July
10/8/2021,1,2,Wind,Fall,3528,281,Friday,October
9/1/2021,22,23,Wind,Fall,6966,244,Wednesday,September
4/6/2021,19,20,Wind,Spring,7552,96,Tuesday,April
6/24/2021,9,10,Solar,Summer,3148,175,Thursday,June
9/3/2020,18,19,Wind,Fall,3529,247,Thursday,September
6/4/2023,18,19,Wind,Summer,7588,155,Sunday,June
2/6/2025,14,15,Wind,Winter,13367,37,Thursday,February
4/2/2023,14,15,Wind,Spring,12201,92,Sunday,April
1/3/2022,14,15,Wind,Winter,11791,3,Monday,January
9/20/2023,18,19,Wind,Fall,10294,263,Wednesday,September
7/30/2025,7,8,Wind,Summer,1698,211,Wednesday,July
11/3/2025,0,1,Wind,Fall,7546,307,Monday,November
4/6/2024,21,22,Wind,Spring,9351,97,Saturday,April
7/10/2021,2,3,Wind,Summer,345,191,Saturday,July
7/1/2023,0,1,Wind,Summer,7413,182,Saturday,July
8/27/2023,12,13,Wind,Summer,8873,239,Sunday,August
7/18/2022,7,8,Wind,Summer,3978,199,Monday,July
6/7/2021,11,12,Solar,Summer,4355,158,Monday,June
3/11/2020,20,21,Wind,Spring,10029,71,Wednesday,March
5/12/2024,16,17,Solar,Spring,3703,133,Sunday,May
1/10/2020,9,10,Wind,Winter,6776,10,Friday,January
12/21/2021,11,12,Solar,Winter,3572,355,Tuesday,December
4/23/2022,5,6,Wind,Spring,6090,113,Saturday,April
10/3/2020,7,8,Wind,Fall,3331,277,Saturday,October
2/2/2020,4,5,Wind,Winter,7968,33,Sunday,February
4/13/2020,18,19,Wind,Spring,11443,104,Monday,April
2/18/2022,2,3,Wind,Winter,8034,49,Friday,February
7/23/2021,0,1,Wind,Summer,4087,204,Friday,July
11/26/2021,20,21,Wind,Fall,10635,330,Friday,November
10/23/2023,21,22,Wind,Fall,4301,296,Monday,October
8/9/2023,2,3,Wind,Summer,3277,221,Wednesday,August
2/15/2024,23,0,Wind,Winter,10820,46,Thursday,February
6/7/2025,7,8,Wind,Summer,7646,158,Saturday,June
3/4/2024,15,16,Wind,Spring,7130,64,Monday,March
5/15/2025,11,12,Solar,Spring,6848,135,Thursday,May
2/13/2022,20,21,Wind,Winter,15083,44,Sunday,February
6/21/2025,11,12,Solar,Summer,9347,172,Saturday,June
3/9/2022,9,10,Wind,Spring,6074,68,Wednesday,March
12/13/2023,12,13,Wind,Winter,7647,347,Wednesday,December
9/12/2021,8,9,Wind,Fall,1451,255,Sunday,September
8/15/2022,8,9,Wind,Summer,3458,227,Monday,August
11/29/2025,3,4,Wind,Fall,6318,333,Saturday,November
6/24/2022,10,11,Wind,Summer,5472,175,Friday,June
1/10/2020,23,0,Wind,Winter,1537,10,Friday,January
11/23/2021,3,4,Wind,Fall,8484,327,Tuesday,November
4/5/2020,12,13,Wind,Spring,8392,96,Sunday,April
2/3/2021,18,19,Wind,Winter,10639,34,Wednesday,February
10/29/2020,7,8,Wind,Fall,7293,303,Thursday,October
11/11/2020,19,20,Wind,Fall,5774,316,Wednesday,November
2/13/2022,6,7,Wind,Winter,9347,44,Sunday,February
11/15/2023,18,19,Wind,Fall,4867,319,Wednesday,November
1/14/2021,12,13,Wind,Winter,10297,14,Thursday,January
7/20/2021,18,19,Solar,Summer,4128,201,Tuesday,July
5/22/2021,8,9,Wind,Spring,11778,142,Saturday,May
9/9/2023,18,19,Solar,Fall,2748,252,Saturday,September
11/19/2023,17,18,Wind,Fall,12597,323,Sunday,November
8/19/2024,22,23,Wind,Summer,2712,232,Monday,August
4/1/2025,18,19,Wind,Spring,19436,91,Tuesday,April
3/2/2025,23,0,Wind,Spring,4887,61,Sunday,March
1/17/2022,7,8,Wind,Winter,1452,17,Monday,January
10/18/2021,9,10,Wind,Fall,3701,291,Monday,October
8/12/2021,13,14,Solar,Summer,4221,224,Thursday,August
3/27/2022,23,0,Wind,Spring,2329,86,Sunday,March
11/17/2025,7,8,Wind,Fall,8218,321,Monday,November
10/31/2025,11,12,Wind,Fall,13615,304,Friday,October
8/4/2021,18,19,Wind,Summer,2904,216,Wednesday,August
10/30/2022,21,22,Wind,Fall,2253,303,Sunday,October
7/30/2024,8,9,Solar,Summer,2686,212,Tuesday,July
11/26/2023,5,6,Wind,Fall,2384,330,Sunday,November
10/17/2023,0,1,Wind,Fall,8478,290,Tuesday,October
9/15/2025,4,5,Wind,Fall,9643,258,Monday,September
8/18/2024,17,18,Wind,Summer,8367,231,Sunday,August
8/23/2025,1,2,Wind,Summer,2481,235,Saturday,August
9/5/2020,17,18,Wind,Fall,4696,249,Saturday,September
4/17/2023,3,4,Wind,Spring,3385,107,Monday,April
11/5/2022,3,4,Wind,Fall,2791,309,Saturday,November
5/29/2022,20,21,Wind,Spring,4128,149,Sunday,May
1/12/2021,12,13,Wind,Winter,12490,12,Tuesday,January
2/13/2021,8,9,Wind,Winter,7990,44,Saturday,February
6/25/2024,0,1,Wind,Summer,5463,177,Tuesday,June
9/11/2021,13,14,Solar,Fall,5588,254,Saturday,September
8/15/2022,19,20,Wind,Summer,3225,227,Monday,August
2/10/2023,8,9,Wind,Winter,1541,41,Friday,February
3/8/2020,3,4,Wind,Spring,8612,68,Sunday,March
5/10/2025,23,0,Wind,Spring,8375,130,Saturday,May
5/16/2022,4,5,Wind,Spring,4773,136,Monday,May
10/29/2020,1,2,Wind,Fall,10215,303,Thursday,October
11/12/2022,1,2,Wind,Fall,4317,316,Saturday,November
7/2/2024,19,20,Wind,Summer,5455,184,Tuesday,July
3/21/2022,0,1,Wind,Spring,3992,80,Monday,March
9/23/2024,18,19,Wind,Fall,6406,267,Monday,September
9/9/2021,7,8,Wind,Fall,1856,252,Thursday,September
6/13/2021,6,7,Wind,Summer,2413,164,Sunday,June
12/11/2020,14,15,Wind,Winter,6645,346,Friday,December
5/18/2022,10,11,Solar,Spring,4887,138,Wednesday,May
11/28/2021,16,17,Wind,Fall,7293,332,Sunday,November
11/18/2023,13,14,Wind,Fall,15251,322,Saturday,November
8/7/2022,13,14,Solar,Summer,10953,219,Sunday,August
10/31/2025,10,11,Wind,Fall,13356,304,Friday,October
8/20/2022,3,4,Wind,Summer,2442,232,Saturday,August
7/28/2025,23,0,Wind,Summer,2989,209,Monday,July
11/25/2020,8,9,Wind,Fall,6232,330,Wednesday,November
3/2/2020,16,17,Wind,Spring,9004,62,Monday,March
6/19/2025,17,18,Solar,Summer,9997,170,Thursday,June
6/16/2020,10,11,Solar,Summer,2847,168,Tuesday,June
5/5/2022,18,19,Wind,Spring,4773,125,Thursday,May
1/24/2022,5,6,Wind,Winter,3152,24,Monday,January
4/10/2022,4,5,Wind,Spring,1159,100,Sunday,April
6/25/2022,9,10,Solar,Summer,3517,176,Saturday,June
1/4/2024,3,4,Wind,Winter,14378,4,Thursday,January
11/4/2022,18,19,Wind,Fall,6204,308,Friday,November
9/11/2022,9,10,Solar,Fall,3065,254,Sunday,September
2/3/2025,15,16,Solar,Winter,5030,34,Monday,February
12/23/2020,4,5,Wind,Winter,6510,358,Wednesday,December
11/16/2025,9,10,Wind,Fall,3904,320,Sunday,November
1/27/2024,7,8,Wind,Winter,3182,27,Saturday,January
7/25/2022,20,21,Wind,Summer,8397,206,Monday,July
6/20/2020,23,0,Wind,Summer,1426,172,Saturday,June
1/16/2024,14,15,Solar,Winter,2836,16,Tuesday,January
3/18/2020,5,6,Wind,Spring,912,78,Wednesday,March
3/10/2020,6,7,Wind,Spring,11868,70,Tuesday,March
6/10/2020,3,4,Wind,Summer,1641,162,Wednesday,June
2/2/2020,22,23,Wind,Winter,7810,33,Sunday,February
12/16/2022,20,21,Wind,Winter,3067,350,Friday,December
4/29/2024,2,3,Wind,Spring,1955,120,Monday,April
3/31/2020,3,4,Wind,Spring,6413,91,Tuesday,March
2/14/2024,5,6,Wind,Winter,8443,45,Wednesday,February
5/30/2024,13,14,Wind,Spring,11121,151,Thursday,May
10/29/2022,2,3,Wind,Fall,4725,302,Saturday,October
10/1/2025,8,9,Wind,Fall,2697,274,Wednesday,October
9/17/2022,22,23,Wind,Fall,3752,260,Saturday,September
6/20/2022,19,20,Wind,Summer,5153,171,Monday,June
10/17/2020,0,1,Wind,Fall,1180,291,Saturday,October
1/23/2025,7,8,Wind,Winter,5575,23,Thursday,January
5/26/2022,22,23,Wind,Spring,4395,146,Thursday,May
6/7/2020,7,8,Wind,Summer,1900,159,Sunday,June
3/16/2025,20,21,Wind,Spring,5953,75,Sunday,March
9/28/2020,14,15,Wind,Fall,6422,272,Monday,September
5/13/2025,14,15,Solar,Spring,3975,133,Tuesday,May
10/6/2024,15,16,Wind,Fall,10529,280,Sunday,October
5/26/2021,16,17,Wind,Spring,9676,146,Wednesday,May
5/6/2023,20,21,Wind,Spring,1401,126,Saturday,May
10/10/2020,18,19,Wind,Fall,4564,284,Saturday,October
6/18/2022,12,13,Solar,Summer,7191,169,Saturday,June
7/18/2023,0,1,Wind,Summer,1191,199,Tuesday,July
3/15/2021,21,22,Wind,Spring,5328,74,Monday,March
11/15/2024,18,19,Wind,Fall,1582,320,Friday,November
2/23/2020,6,7,Wind,Winter,10947,54,Sunday,February
10/14/2024,21,22,Wind,Fall,731,288,Monday,October
1/19/2024,14,15,Solar,Winter,4288,19,Friday,January
12/3/2021,1,2,Wind,Winter,2552,337,Friday,December
2/20/2020,6,7,Wind,Winter,6755,51,Thursday,February
9/24/2020,12,13,Wind,Fall,9152,268,Thursday,September
1/8/2022,16,17,Wind,Winter,15253,8,Saturday,January
7/19/2021,5,6,Wind,Summer,4541,200,Monday,July
6/1/2021,15,16,Solar,Summer,6304,152,Tuesday,June
4/10/2021,5,6,Wind,Spring,3562,100,Saturday,April
1/12/2021,9,10,Wind,Winter,13078,12,Tuesday,January
6/17/2023,4,5,Wind,Summer,893,168,Saturday,June
3/14/2024,12,13,Solar,Spring,9953,74,Thursday,March
7/30/2020,18,19,Solar,Summer,2588,212,Thursday,July
12/7/2023,19,20,Wind,Winter,11616,341,Thursday,December
12/5/2020,14,15,Wind,Winter,6382,340,Saturday,December
6/16/2022,12,13,Solar,Summer,6807,167,Thursday,June
9/6/2020,19,20,Wind,Fall,2002,250,Sunday,September
1/17/2025,1,2,Wind,Winter,2337,17,Friday,January
7/27/2024,4,5,Wind,Summer,484,209,Saturday,July
4/23/2025,7,8,Wind,Spring,9282,113,Wednesday,April
7/2/2021,21,22,Wind,Summer,761,183,Friday,July
5/30/2022,0,1,Wind,Spring,4567,150,Monday,May
9/19/2020,10,11,Wind,Fall,3546,263,Saturday,September
4/12/2022,5,6,Wind,Spring,7992,102,Tuesday,April
3/10/2025,18,19,Wind,Spring,749,69,Monday,March
10/10/2020,14,15,Wind,Fall,7237,284,Saturday,October
11/13/2024,5,6,Wind,Fall,6598,318,Wednesday,November
2/27/2020,22,23,Wind,Winter,6021,58,Thursday,February
1/21/2025,21,22,Wind,Winter,7036,21,Tuesday,January
3/8/2025,15,16,Wind,Spring,14806,67,Saturday,March
10/15/2023,21,22,Wind,Fall,5164,288,Sunday,October
8/8/2021,7,8,Wind,Summer,4708,220,Sunday,August
4/3/2020,9,10,Solar,Spring,2778,94,Friday,April
4/11/2021,10,11,Wind,Spring,7157,101,Sunday,April
7/5/2020,13,14,Wind,Summer,11252,187,Sunday,July
10/27/2025,22,23,Wind,Fall,8513,300,Monday,October
12/1/2023,22,23,Wind,Winter,4845,335,Friday,December
11/9/2021,13,14,Solar,Fall,4642,313,Tuesday,November
1/25/2020,18,19,Wind,Winter,1541,25,Saturday,January
7/1/2022,17,18,Solar,Summer,5623,182,Friday,July
4/1/2023,12,13,Wind,Spring,17592,91,Saturday,April
2/17/2024,8,9,Wind,Winter,2567,48,Saturday,February
3/18/2021,0,1,Wind,Spring,4446,77,Thursday,March
11/26/2020,0,1,Wind,Fall,3078,331,Thursday,November
3/16/2025,2,3,Wind,Spring,9153,75,Sunday,March
12/29/2020,10,11,Wind,Winter,4715,364,Tuesday,December
2/14/2022,15,16,Wind,Winter,8457,45,Monday,February
10/10/2021,10,11,Solar,Fall,3224,283,Sunday,October
12/28/2022,22,23,Wind,Winter,16048,362,Wednesday,December
2/1/2025,17,18,Wind,Winter,2067,32,Saturday,February
5/15/2024,23,0,Wind,Spring,1891,136,Wednesday,May
4/25/2021,12,13,Wind,Spring,10647,115,Sunday,April
9/11/2021,9,10,Solar,Fall,2694,254,Saturday,September
6/8/2021,13,14,Solar,Summer,4944,159,Tuesday,June
5/10/2024,13,14,Solar,Spring,11358,131,Friday,May
3/17/2023,3,4,Wind,Spring,6971,76,Friday,March
4/30/2020,12,13,Wind,Spring,10827,121,Thursday,April
7/2/2022,7,8,Wind,Summer,1821,183,Saturday,July
7/19/2022,12,13,Solar,Summer,10151,200,Tuesday,July
5/16/2022,10,11,Solar,Spring,7588,136,Monday,May
1/31/2023,21,22,Wind,Winter,6119,31,Tuesday,January
4/5/2021,18,19,Wind,Spring,9721,95,Monday,April
6/15/2021,14,15,Solar,Summer,4881,166,Tuesday,June
10/13/2022,19,20,Wind,Fall,3752,286,Thursday,October
8/9/2024,17,18,Wind,Summer,11115,222,Friday,August
12/14/2020,23,0,Wind,Winter,6175,349,Monday,December
7/17/2020,8,9,Wind,Summer,2074,199,Friday,July
5/17/2022,14,15,Solar,Spring,7524,137,Tuesday,May
3/16/2024,5,6,Wind,Spring,6169,76,Saturday,March
9/1/2023,11,12,Solar,Fall,10057,244,Friday,September
5/6/2021,9,10,Wind,Spring,4709,126,Thursday,May
4/3/2020,15,16,Solar,Spring,4672,94,Friday,April
3/22/2025,2,3,Wind,Spring,9814,81,Saturday,March
5/19/2024,8,9,Solar,Spring,2111,140,Sunday,May
4/5/2024,22,23,Wind,Spring,8341,96,Friday,April
6/17/2024,18,19,Solar,Summer,4536,169,Monday,June
1/13/2020,23,0,Wind,Winter,12067,13,Monday,January
4/9/2023,4,5,Wind,Spring,3277,99,Sunday,April
7/13/2025,11,12,Solar,Summer,8642,194,Sunday,July
10/21/2020,1,2,Wind,Fall,8525,295,Wednesday,October
9/2/2021,21,22,Wind,Fall,5182,245,Thursday,September
8/9/2024,14,15,Solar,Summer,7776,222,Friday,August
11/4/2023,21,22,Wind,Fall,15364,308,Saturday,November
12/10/2020,23,0,Wind,Winter,7155,345,Thursday,December
3/26/2021,4,5,Wind,Spring,3310,85,Friday,March
5/5/2023,8,9,Wind,Spring,3564,125,Friday,May
7/29/2022,22,23,Wind,Summer,2221,210,Friday,July
11/7/2022,9,10,Wind,Fall,13020,311,Monday,November
2/24/2024,5,6,Wind,Winter,7647,55,Saturday,February
8/11/2022,18,19,Wind,Summer,5645,223,Thursday,August
7/6/2023,2,3,Wind,Summer,1216,187,Thursday,July
2/10/2021,0,1,Wind,Winter,8028,41,Wednesday,February
12/16/2023,0,1,Wind,Winter,2079,350,Saturday,December
12/25/2024,7,8,Wind,Winter,1456,360,Wednesday,December
9/14/2024,18,19,Wind,Fall,5204,258,Saturday,September
4/10/2025,15,16,Solar,Spring,7062,100,Thursday,April
11/4/2021,10,11,Wind,Fall,4756,308,Thursday,November
1/22/2023,18,19,Wind,Winter,3778,22,Sunday,January
3/2/2025,4,5,Wind,Spring,9188,61,Sunday,March
1/25/2023,14,15,Solar,Winter,2569,25,Wednesday,January
9/10/2020,20,21,Wind,Fall,1520,254,Thursday,September
7/27/2025,10,11,Solar,Summer,6833,208,Sunday,July
1/10/2025,22,23,Wind,Winter,2750,10,Friday,January
11/24/2023,0,1,Wind,Fall,8408,328,Friday,November
4/6/2020,22,23,Wind,Spring,966,97,Monday,April
7/22/2024,9,10,Solar,Summer,6427,204,Monday,July
3/12/2021,10,11,Wind,Spring,13843,71,Friday,March
10/7/2020,11,12,Wind,Fall,7758,281,Wednesday,October
1/6/2022,22,23,Wind,Winter,8061,6,Thursday,January
10/8/2024,21,22,Wind,Fall,13480,282,Tuesday,October
3/21/2022,1,2,Wind,Spring,3843,80,Monday,March
11/11/2022,20,21,Wind,Fall,4636,315,Friday,November
9/6/2022,9,10,Solar,Fall,3950,249,Tuesday,September
8/17/2024,17,18,Solar,Summer,4697,230,Saturday,August
9/18/2022,4,5,Wind,Fall,2468,261,Sunday,September
11/7/2024,23,0,Wind,Fall,3132,312,Thursday,November
3/18/2020,9,10,Solar,Spring,2451,78,Wednesday,March
3/22/2021,17,18,Wind,Spring,4096,81,Monday,March
10/11/2020,9,10,Wind,Fall,3648,285,Sunday,October
7/12/2022,8,9,Solar,Summer,2983,193,Tuesday,July
11/20/2021,19,20,Wind,Fall,236,324,Saturday,November
10/21/2024,17,18,Wind,Fall,5157,295,Monday,October
7/20/2025,10,11,Wind,Summer,8828,201,Sunday,July
8/26/2021,1,2,Wind,Summer,3657,238,Thursday,August
8/19/2023,14,15,Solar,Summer,8401,231,Saturday,August
4/6/2020,19,20,Wind,Spring,1385,97,Monday,April
12/16/2021,10,11,Wind,Winter,4476,350,Thursday,December
2/16/2023,17,18,Wind,Winter,7058,47,Thursday,February
8/24/2022,1,2,Wind,Summer,761,236,Wednesday,August
12/24/2022,12,13,Wind,Winter,6293,358,Saturday,December
11/17/2020,3,4,Wind,Fall,4521,322,Tuesday,November
5/7/2025,11,12,Solar,Spring,11797,127,Wednesday,May
5/7/2020,5,6,Wind,Spring,2084,128,Thursday,May
11/14/2023,7,8,Wind,Fall,11741,318,Tuesday,November
11/5/2022,14,15,Wind,Fall,7136,309,Saturday,November
2/22/2023,7,8,Wind,Winter,3325,53,Wednesday,February
7/26/2020,8,9,Wind,Summer,3846,208,Sunday,July
4/1/2025,4,5,Wind,Spring,10679,91,Tuesday,April
9/2/2020,12,13,Solar,Fall,4398,246,Wednesday,September
5/6/2021,16,17,Wind,Spring,8681,126,Thursday,May
12/29/2023,14,15,Wind,Winter,15215,363,Friday,December
4/15/2024,18,19,Wind,Spring,17967,106,Monday,April
2/18/2023,20,21,Wind,Winter,7421,49,Saturday,February
11/13/2020,11,12,Wind,Fall,7388,318,Friday,November
1/19/2021,20,21,Wind,Winter,11476,19,Tuesday,January
8/11/2023,9,10,Solar,Summer,4059,223,Friday,August
9/13/2020,16,17,Solar,Fall,3213,257,Sunday,September
11/27/2024,17,18,Wind,Fall,12902,332,Wednesday,November
10/23/2020,13,14,Wind,Fall,4235,297,Friday,October
6/15/2023,4,5,Wind,Summer,2308,166,Thursday,June
8/27/2025,21,22,Wind,Summer,1556,239,Wednesday,August
6/24/2025,3,4,Wind,Summer,2498,175,Tuesday,June
12/25/2021,23,0,Wind,Winter,1551,359,Saturday,December
11/30/2024,14,15,Solar,Fall,4004,335,Saturday,November
2/20/2025,18,19,Wind,Winter,8106,51,Thursday,February
7/18/2024,18,19,Solar,Summer,4225,200,Thursday,July
8/25/2024,6,7,Wind,Summer,3859,238,Sunday,August
7/9/2023,17,18,Solar,Summer,5804,190,Sunday,July
1/20/2023,0,1,Wind,Winter,1856,20,Friday,January
4/21/2022,8,9,Wind,Spring,3414,111,Thursday,April
7/10/2025,2,3,Wind,Summer,2497,191,Thursday,July
8/1/2020,4,5,Wind,Summer,1790,214,Saturday,August
7/25/2025,16,17,Solar,Summer,9149,206,Friday,July
10/15/2025,14,15,Solar,Fall,10830,288,Wednesday,October
1/27/2023,16,17,Wind,Winter,8128,27,Friday,January
4/6/2021,16,17,Wind,Spring,11811,96,Tuesday,April
12/18/2021,19,20,Wind,Winter,6176,352,Saturday,December
12/30/2024,7,8,Wind,Winter,737,365,Monday,December
4/11/2025,5,6,Wind,Spring,3498,101,Friday,April
10/27/2024,21,22,Wind,Fall,354,301,Sunday,October
9/7/2020,5,6,Wind,Fall,1634,251,Monday,September
3/18/2025,9,10,Wind,Spring,15078,77,Tuesday,March
1/30/2024,23,0,Wind,Winter,872,30,Tuesday,January
9/2/2025,6,7,Wind,Fall,6994,245,Tuesday,September
5/25/2021,16,17,Wind,Spring,14361,145,Tuesday,May
6/9/2021,12,13,Solar,Summer,5010,160,Wednesday,June
9/2/2022,15,16,Solar,Fall,4587,245,Friday,September
3/11/2022,15,16,Wind,Spring,13916,70,Friday,March
11/11/2021,6,7,Wind,Fall,959,315,Thursday,November
5/19/2020,2,3,Wind,Spring,4172,140,Tuesday,May
8/16/2021,3,4,Wind,Summer,3477,228,Monday,August
9/5/2022,17,18,Wind,Fall,6757,248,Monday,September
6/27/2022,14,15,Solar,Summer,7149,178,Monday,June
12/27/2022,16,17,Wind,Winter,5819,361,Tuesday,December
9/9/2023,7,8,Wind,Fall,2366,252,Saturday,September
12/9/2021,2,3,Wind,Winter,5973,343,Thursday,December
6/20/2020,7,8,Wind,Summer,878,172,Saturday,June
4/6/2020,4,5,Wind,Spring,7748,97,Monday,April
10/18/2024,2,3,Wind,Fall,5599,292,Friday,October
8/11/2022,7,8,Wind,Summer,4509,223,Thursday,August
3/23/2025,7,8,Wind,Spring,5083,82,Sunday,March
9/1/2020,23,0,Wind,Fall,2409,245,Tuesday,September
3/8/2023,23,0,Wind,Spring,15283,67,Wednesday,March
2/6/2021,1,2,Wind,Winter,2397,37,Saturday,February
3/22/2021,21,22,Wind,Spring,2801,81,Monday,March
10/19/2020,7,8,Wind,Fall,2726,293,Monday,October
7/9/2020,14,15,Solar,Summer,7338,191,Thursday,July
4/1/2024,11,12,Wind,Spring,13534,92,Monday,April
4/19/2024,22,23,Wind,Spring,8252,110,Friday,April
12/7/2023,20,21,Wind,Winter,11086,341,Thursday,December
4/29/2025,11,12,Solar,Spring,10040,119,Tuesday,April
1/15/2021,7,8,Wind,Winter,6251,15,Friday,January
9/22/2025,1,2,Wind,Fall,7693,265,Monday,September
8/17/2023,2,3,Wind,Summer,2308,229,Thursday,August
6/11/2025,3,4,Wind,Summer,2243,162,Wednesday,June
7/12/2023,1,2,Wind,Summer,3524,193,Wednesday,July
1/28/2025,18,19,Wind,Winter,18923,28,Tuesday,January
8/14/2020,7,8,Wind,Summer,2012,227,Friday,August
5/18/2025,4,5,Wind,Spring,2653,138,Sunday,May
8/15/2025,19,20,Wind,Summer,5806,227,Friday,August
2/19/2025,15,16,Solar,Winter,6522,50,Wednesday,February
11/22/2023,11,12,Wind,Fall,7927,326,Wednesday,November
1/19/2025,7,8,Wind,Winter,769,19,Sunday,January
12/8/2024,10,11,Wind,Winter,17862,343,Sunday,December
2/7/2022,7,8,Wind,Winter,5299,38,Monday,February
3/31/2020,20,21,Wind,Spring,7584,91,Tuesday,March
2/20/2023,12,13,Solar,Winter,7440,51,Monday,February
5/9/2024,12,13,Solar,Spring,5656,130,Thursday,May
8/22/2020,22,23,Wind,Summer,3876,235,Saturday,August
4/5/2023,9,10,Solar,Spring,4064,95,Wednesday,April
8/14/2020,10,11,Solar,Summer,3767,227,Friday,August
8/12/2023,19,20,Wind,Summer,4643,224,Saturday,August
9/20/2020,0,1,Wind,Fall,1794,264,Sunday,September
12/9/2023,19,20,Wind,Winter,17844,343,Saturday,December
8/7/2022,23,0,Wind,Summer,7226,219,Sunday,August
10/5/2020,17,18,Wind,Fall,10309,279,Monday,October
10/18/2022,18,19,Wind,Fall,2808,291,Tuesday,October
6/13/2020,12,13,Wind,Summer,5469,165,Saturday,June
10/3/2024,20,21,Wind,Fall,5982,277,Thursday,October
6/5/2025,16,17,Wind,Summer,9695,156,Thursday,June
11/16/2021,1,2,Wind,Fall,869,320,Tuesday,November
2/16/2025,4,5,Wind,Winter,3812,47,Sunday,February
5/1/2025,1,2,Wind,Spring,6010,121,Thursday,May
3/25/2025,22,23,Wind,Spring,3477,84,Tuesday,March
10/13/2023,18,19,Wind,Fall,14936,286,Friday,October
11/2/2024,1,2,Wind,Fall,1474,307,Saturday,November
8/5/2025,19,20,Wind,Summer,8978,217,Tuesday,August
1/3/2025,19,20,Wind,Winter,3424,3,Friday,January
10/18/2025,7,8,Wind,Fall,5680,291,Saturday,October
11/21/2025,10,11,Wind,Fall,7895,325,Friday,November
3/14/2021,11,12,Wind,Spring,13005,73,Sunday,March
1/18/2021,11,12,Wind,Winter,5336,18,Monday,January
4/27/2022,17,18,Wind,Spring,8140,117,Wednesday,April
2/7/2020,13,14,Wind,Winter,5641,38,Friday,February
8/30/2021,5,6,Wind,Summer,2958,242,Monday,August
6/13/2023,4,5,Wind,Summer,2835,164,Tuesday,June
7/21/2022,18,19,Solar,Summer,3527,202,Thursday,July
11/6/2025,9,10,Wind,Fall,6706,310,Thursday,November
10/7/2025,8,9,Wind,Fall,2045,280,Tuesday,October
7/14/2023,21,22,Wind,Summer,7604,195,Friday,July
8/2/2021,16,17,Solar,Summer,5176,214,Monday,August
5/3/2022,7,8,Wind,Spring,3380,123,Tuesday,May
1/14/2021,0,1,Wind,Winter,8733,14,Thursday,January
10/6/2025,4,5,Wind,Fall,3869,279,Monday,October
4/4/2024,7,8,Wind,Spring,15683,95,Thursday,April
2/17/2022,0,1,Wind,Winter,15660,48,Thursday,February
1/14/2021,18,19,Wind,Winter,10513,14,Thursday,January
1/23/2024,17,18,Wind,Winter,16343,23,Tuesday,January
11/8/2023,23,0,Wind,Fall,13683,312,Wednesday,November
10/30/2025,19,20,Wind,Fall,6800,303,Thursday,October
6/9/2021,6,7,Wind,Summer,828,160,Wednesday,June
3/2/2024,23,0,Wind,Spring,3355,62,Saturday,March
10/14/2020,7,8,Wind,Fall,2812,288,Wednesday,October
8/22/2024,9,10,Solar,Summer,7785,235,Thursday,August
11/4/2025,17,18,Wind,Fall,12970,308,Tuesday,November
8/28/2023,17,18,Wind,Summer,7680,240,Monday,August
2/21/2023,22,23,Wind,Winter,2757,52,Tuesday,February
5/4/2025,21,22,Wind,Spring,11154,124,Sunday,May
9/19/2023,18,19,Wind,Fall,8549,262,Tuesday,September
3/14/2020,5,6,Wind,Spring,2707,74,Saturday,March
1/27/2024,5,6,Wind,Winter,2417,27,Saturday,January
2/19/2024,1,2,Wind,Winter,5181,50,Monday,February
1/10/2021,19,20,Wind,Winter,4067,10,Sunday,January
12/14/2024,14,15,Wind,Winter,4718,349,Saturday,December
1/18/2024,10,11,Wind,Winter,7575,18,Thursday,January
6/16/2022,7,8,Wind,Summer,2343,167,Thursday,June
1/23/2024,22,23,Wind,Winter,16853,23,Tuesday,January
8/6/2023,14,15,Wind,Summer,17628,218,Sunday,August
3/10/2025,17,18,Solar,Spring,1879,69,Monday,March
9/1/2024,6,7,Wind,Fall,3394,245,Sunday,September
2/26/2022,23,0,Wind,Winter,9911,57,Saturday,February
10/28/2025,20,21,Wind,Fall,6432,301,Tuesday,October
7/9/2020,4,5,Wind,Summer,1360,191,Thursday,July
12/24/2022,10,11,Wind,Winter,6036,358,Saturday,December
1/2/2024,17,18,Wind,Winter,17429,2,Tuesday,January
4/16/2022,15,16,Solar,Spring,11298,106,Saturday,April
2/15/2023,4,5,Wind,Winter,4483,46,Wednesday,February
2/17/2024,13,14,Solar,Winter,7320,48,Saturday,February
2/7/2024,3,4,Wind,Winter,16373,38,Wednesday,February
5/10/2020,6,7,Wind,Spring,2043,131,Sunday,May
2/4/2025,23,0,Wind,Winter,3060,35,Tuesday,February
4/18/2024,19,20,Wind,Spring,3812,109,Thursday,April
6/13/2020,14,15,Wind,Summer,5712,165,Saturday,June
7/15/2022,23,0,Wind,Summer,3960,196,Friday,July
2/8/2022,17,18,Wind,Winter,2555,39,Tuesday,February
10/28/2020,0,1,Wind,Fall,8025,302,Wednesday,October
7/3/2021,12,13,Solar,Summer,4146,184,Saturday,July
7/15/2021,13,14,Wind,Summer,9480,196,Thursday,July
6/3/2022,9,10,Solar,Summer,3007,154,Friday,June
4/19/2023,20,21,Wind,Spring,5832,109,Wednesday,April
4/20/2025,14,15,Wind,Spring,4724,110,Sunday,April
8/13/2025,16,17,Solar,Summer,6254,225,Wednesday,August
11/4/2024,8,9,Wind,Fall,3123,309,Monday,November
7/27/2022,17,18,Solar,Summer,5742,208,Wednesday,July
6/2/2023,1,2,Wind,Summer,7448,153,Friday,June
9/24/2025,21,22,Wind,Fall,4188,267,Wednesday,September
4/7/2025,5,6,Wind,Spring,5623,97,Monday,April
4/30/2020,6,7,Wind,Spring,7964,121,Thursday,April
2/20/2020,17,18,Wind,Winter,11692,51,Thursday,February
4/13/2025,0,1,Wind,Spring,8982,103,Sunday,April
3/9/2022,8,9,Wind,Spring,4907,68,Wednesday,March
10/16/2024,23,0,Wind,Fall,9305,290,Wednesday,October
2/17/2021,23,0,Wind,Winter,8384,48,Wednesday,February
2/12/2025,4,5,Wind,Winter,2424,43,Wednesday,February
6/17/2024,14,15,Solar,Summer,8345,169,Monday,June
3/16/2022,6,7,Wind,Spring,4232,75,Wednesday,March
9/21/2020,5,6,Wind,Fall,748,265,Monday,September
2/2/2023,0,1,Wind,Winter,7717,33,Thursday,February
9/1/2021,0,1,Wind,Fall,6336,244,Wednesday,September
7/3/2022,9,10,Solar,Summer,4056,184,Sunday,July
11/24/2024,16,17,Wind,Fall,19997,329,Sunday,November
2/27/2020,7,8,Wind,Winter,10405,58,Thursday,February
10/14/2023,3,4,Wind,Fall,11104,287,Saturday,October
8/8/2022,13,14,Solar,Summer,10618,220,Monday,August
1/15/2025,10,11,Solar,Winter,5527,15,Wednesday,January
6/8/2025,18,19,Wind,Summer,9165,159,Sunday,June
6/1/2021,16,17,Wind,Summer,5624,152,Tuesday,June
8/7/2024,13,14,Solar,Summer,8258,220,Wednesday,August
4/13/2020,1,2,Wind,Spring,2806,104,Monday,April
5/17/2022,18,19,Solar,Spring,4803,137,Tuesday,May
10/17/2025,15,16,Solar,Fall,10238,290,Friday,October
9/13/2024,5,6,Wind,Fall,5468,257,Friday,September
10/7/2022,15,16,Solar,Fall,5162,280,Friday,October
6/30/2020,5,6,Wind,Summer,3408,182,Tuesday,June
3/2/2021,1,2,Wind,Spring,4406,61,Tuesday,March
6/14/2020,5,6,Wind,Summer,3033,166,Sunday,June
11/25/2022,13,14,Wind,Fall,5906,329,Friday,November
12/12/2024,11,12,Solar,Winter,5532,347,Thursday,December
9/14/2020,10,11,Solar,Fall,3928,258,Monday,September
1/5/2021,14,15,Wind,Winter,2553,5,Tuesday,January
11/10/2022,2,3,Wind,Fall,3569,314,Thursday,November
6/23/2020,17,18,Solar,Summer,5022,175,Tuesday,June
12/14/2021,1,2,Wind,Winter,697,348,Tuesday,December
3/15/2021,1,2,Wind,Spring,10033,74,Monday,March
12/23/2020,21,22,Wind,Winter,12383,358,Wednesday,December
7/21/2024,23,0,Wind,Summer,5492,203,Sunday,July
1/3/2023,20,21,Wind,Winter,12367,3,Tuesday,January
2/7/2023,17,18,Wind,Winter,4857,38,Tuesday,February
6/2/2024,2,3,Wind,Summer,6195,154,Sunday,June
2/3/2023,6,7,Wind,Winter,6280,34,Friday,February
11/22/2025,18,19,Wind,Fall,10609,326,Saturday,November
2/8/2023,9,10,Wind,Winter,6001,39,Wednesday,February
12/28/2023,22,23,Wind,Winter,13567,362,Thursday,December
8/19/2022,23,0,Wind,Summer,2636,231,Friday,August
9/2/2020,17,18,Solar,Fall,3171,246,Wednesday,September
8/6/2023,9,10,Wind,Summer,14227,218,Sunday,August
6/9/2020,19,20,Wind,Summer,3066,161,Tuesday,June
8/25/2021,10,11,Solar,Summer,6184,237,Wednesday,August
12/5/2022,5,6,Wind,Winter,745,339,Monday,December
6/11/2024,21,22,Wind,Summer,2556,163,Tuesday,June
11/2/2020,18,19,Wind,Fall,7368,307,Monday,November
7/28/2025,4,5,Wind,Summer,4142,209,Monday,July
6/12/2025,7,8,Wind,Summer,7051,163,Thursday,June
1/20/2024,13,14,Solar,Winter,6955,20,Saturday,January
12/2/2020,0,1,Wind,Winter,6005,337,Wednesday,December
1/12/2023,13,14,Wind,Winter,18143,12,Thursday,January
12/7/2023,2,3,Wind,Winter,3871,341,Thursday,December
10/24/2020,4,5,Wind,Fall,6496,298,Saturday,October
5/26/2021,14,15,Wind,Spring,10741,146,Wednesday,May
4/16/2020,9,10,Wind,Spring,4412,107,Thursday,April
2/23/2022,0,1,Wind,Winter,4731,54,Wednesday,February
7/4/2021,1,2,Wind,Summer,945,185,Sunday,July
7/11/2020,22,23,Wind,Summer,3841,193,Saturday,July
9/6/2022,10,11,Solar,Fall,5098,249,Tuesday,September
4/8/2021,9,10,Solar,Spring,2512,98,Thursday,April
11/7/2020,19,20,Wind,Fall,4651,312,Saturday,November
9/6/2024,23,0,Wind,Fall,3317,250,Friday,September
5/9/2022,15,16,Solar,Spring,5817,129,Monday,May
10/12/2023,21,22,Wind,Fall,3414,285,Thursday,October
12/21/2023,10,11,Wind,Winter,18315,355,Thursday,December
4/15/2020,11,12,Wind,Spring,7334,106,Wednesday,April
7/3/2021,19,20,Wind,Summer,2491,184,Saturday,July
5/13/2022,8,9,Solar,Spring,2490,133,Friday,May
4/13/2025,4,5,Wind,Spring,9216,103,Sunday,April
7/30/2020,7,8,Wind,Summer,2458,212,Thursday,July
4/3/2020,3,4,Wind,Spring,2210,94,Friday,April
12/22/2021,12,13,Solar,Winter,4599,356,Wednesday,December
1/4/2021,6,7,Wind,Winter,1576,4,Monday,January
11/16/2023,19,20,Wind,Fall,10803,320,Thursday,November
3/14/2024,11,12,Solar,Spring,9275,74,Thursday,March
3/25/2021,0,1,Wind,Spring,2018,84,Thursday,March
5/25/2024,4,5,Wind,Spring,559,146,Saturday,May
12/18/2023,19,20,Wind,Winter,3919,352,Monday,December
6/6/2022,2,3,Wind,Summer,2342,157,Monday,June
7/20/2024,22,23,Wind,Summer,3228,202,Saturday,July
2/12/2024,14,15,Solar,Winter,4159,43,Monday,February
8/19/2023,12,13,Solar,Summer,7735,231,Saturday,August
7/27/2025,15,16,Solar,Summer,11229,208,Sunday,July
7/19/2021,22,23,Wind,Summer,4238,200,Monday,July
12/3/2021,10,11,Wind,Winter,10812,337,Friday,December
3/2/2021,12,13,Solar,Spring,4176,61,Tuesday,March
11/22/2024,12,13,Wind,Fall,16368,327,Friday,November
11/26/2025,3,4,Wind,Fall,6726,330,Wednesday,November
9/9/2024,1,2,Wind,Fall,9715,253,Monday,September
3/8/2020,2,3,Wind,Spring,8287,68,Sunday,March
7/11/2023,8,9,Solar,Summer,3309,192,Tuesday,July
8/19/2022,22,23,Wind,Summer,2631,231,Friday,August
9/5/2020,11,12,Solar,Fall,4275,249,Saturday,September
6/25/2025,17,18,Solar,Summer,6948,176,Wednesday,June
5/21/2025,23,0,Wind,Spring,5000,141,Wednesday,May
12/3/2024,14,15,Solar,Winter,2679,338,Tuesday,December
4/17/2022,7,8,Wind,Spring,5772,107,Sunday,April
9/10/2020,18,19,Wind,Fall,1696,254,Thursday,September
6/9/2024,11,12,Solar,Summer,3803,161,Sunday,June
5/18/2024,12,13,Solar,Spring,3094,139,Saturday,May
11/10/2022,22,23,Wind,Fall,4139,314,Thursday,November
9/27/2022,5,6,Wind,Fall,6708,270,Tuesday,September
5/16/2024,22,23,Wind,Spring,847,137,Thursday,May
10/13/2021,19,20,Wind,Fall,1863,286,Wednesday,October
10/19/2022,16,17,Wind,Fall,8533,292,Wednesday,October
1/15/2020,18,19,Wind,Winter,5712,15,Wednesday,January
3/15/2024,13,14,Wind,Spring,18195,75,Friday,March
10/6/2020,2,3,Wind,Fall,10584,280,Tuesday,October
7/27/2021,20,21,Wind,Summer,3440,208,Tuesday,July
2/19/2025,21,22,Wind,Winter,7729,50,Wednesday,February
10/29/2020,14,15,Wind,Fall,8306,303,Thursday,October
4/13/2025,9,10,Wind,Spring,8594,103,Sunday,April
1/22/2022,15,16,Solar,Winter,4368,22,Saturday,January
10/3/2022,9,10,Solar,Fall,2282,276,Monday,October
10/19/2023,3,4,Wind,Fall,9890,292,Thursday,October
9/2/2020,8,9,Wind,Fall,1441,246,Wednesday,September
2/1/2022,18,19,Wind,Winter,12318,32,Tuesday,February
7/26/2024,5,6,Wind,Summer,1499,208,Friday,July
2/27/2023,21,22,Wind,Winter,11222,58,Monday,February
2/9/2020,18,19,Wind,Winter,12401,40,Sunday,February
7/16/2024,5,6,Wind,Summer,7839,198,Tuesday,July
6/6/2021,4,5,Wind,Summer,1717,157,Sunday,June
5/5/2021,23,0,Wind,Spring,3697,125,Wednesday,May
2/17/2020,12,13,Wind,Winter,11711,48,Monday,February
6/20/2021,3,4,Wind,Summer,4138,171,Sunday,June
12/20/2023,10,11,Wind,Winter,9444,354,Wednesday,December
8/30/2020,20,21,Wind,Summer,4156,243,Sunday,August
7/26/2021,16,17,Solar,Summer,7000,207,Monday,July
9/9/2022,16,17,Wind,Fall,14314,252,Friday,September
7/28/2023,1,2,Wind,Summer,4052,209,Friday,July
11/27/2025,14,15,Wind,Fall,11395,331,Thursday,November
3/10/2021,15,16,Wind,Spring,12784,69,Wednesday,March
8/16/2022,15,16,Solar,Summer,5725,228,Tuesday,August
5/25/2021,0,1,Wind,Spring,9649,145,Tuesday,May
2/9/2023,9,10,Solar,Winter,2688,40,Thursday,February
3/19/2020,15,16,Solar,Spring,3544,79,Thursday,March
10/15/2025,3,4,Wind,Fall,5298,288,Wednesday,October
8/25/2021,12,13,Wind,Summer,9861,237,Wednesday,August
11/8/2024,11,12,Solar,Fall,5752,313,Friday,November
6/3/2021,4,5,Wind,Summer,1688,154,Thursday,June
2/16/2020,10,11,Wind,Winter,14158,47,Sunday,February
3/29/2025,7,8,Wind,Spring,9375,88,Saturday,March
11/24/2021,14,15,Wind,Fall,2394,328,Wednesday,November
11/2/2025,3,4,Wind,Fall,8264,306,Sunday,November
10/5/2023,5,6,Wind,Fall,1071,278,Thursday,October
9/9/2021,19,20,Wind,Fall,2632,252,Thursday,September
12/11/2023,10,11,Wind,Winter,10839,345,Monday,December
8/19/2022,8,9,Wind,Summer,3436,231,Friday,August
8/28/2024,4,5,Wind,Summer,2065,241,Wednesday,August
4/27/2020,2,3,Wind,Spring,417,118,Monday,April
3/25/2022,7,8,Wind,Spring,4540,84,Friday,March
4/24/2024,7,8,Wind,Spring,4826,115,Wednesday,April
8/1/2021,9,10,Solar,Summer,3739,213,Sunday,August
8/28/2021,1,2,Wind,Summer,4566,240,Saturday,August
12/13/2024,20,21,Wind,Winter,686,348,Friday,December
12/7/2020,19,20,Wind,Winter,3185,342,Monday,December
5/26/2024,14,15,Wind,Spring,7115,147,Sunday,May
6/16/2022,11,12,Solar,Summer,5985,167,Thursday,June
3/17/2023,4,5,Wind,Spring,6670,76,Friday,March
3/26/2025,18,19,Wind,Spring,3645,85,Wednesday,March
1/17/2021,9,10,Wind,Winter,6245,17,Sunday,January
3/18/2022,0,1,Wind,Spring,6619,77,Friday,March
11/22/2025,0,1,Wind,Fall,3067,326,Saturday,November
8/6/2020,19,20,Solar,Summer,1132,219,Thursday,August
3/10/2021,4,5,Wind,Spring,2462,69,Wednesday,March
11/28/2022,2,3,Wind,Fall,4487,332,Monday,November
6/23/2024,2,3,Wind,Summer,2516,175,Sunday,June
3/29/2020,12,13,Wind,Spring,15545,89,Sunday,March
8/5/2025,23,0,Wind,Summer,4981,217,Tuesday,August
12/16/2020,13,14,Wind,Winter,7740,351,Wednesday,December
12/31/2023,20,21,Wind,Winter,17068,365,Sunday,December
8/12/2025,3,4,Wind,Summer,4431,224,Tuesday,August
9/13/2023,1,2,Wind,Fall,1285,256,Wednesday,September
2/8/2023,4,5,Wind,Winter,3397,39,Wednesday,February
5/23/2021,21,22,Wind,Spring,7273,143,Sunday,May
7/31/2025,21,22,Wind,Summer,3693,212,Thursday,July
3/19/2023,7,8,Wind,Spring,3112,78,Sunday,March
2/7/2023,8,9,Wind,Winter,8064,38,Tuesday,February
8/8/2021,9,10,Wind,Summer,6573,220,Sunday,August
9/12/2020,18,19,Solar,Fall,1746,256,Saturday,September
12/17/2023,5,6,Wind,Winter,2111,351,Sunday,December
5/9/2021,13,14,Wind,Spring,10937,129,Sunday,May
3/24/2021,22,23,Wind,Spring,2221,83,Wednesday,March
5/28/2024,19,20,Wind,Spring,7603,149,Tuesday,May
1/6/2025,1,2,Wind,Winter,18790,6,Monday,January
11/16/2024,4,5,Wind,Fall,1285,321,Saturday,November
10/21/2021,9,10,Wind,Fall,11993,294,Thursday,October
5/9/2021,22,23,Wind,Spring,6320,129,Sunday,May
5/8/2023,7,8,Wind,Spring,1709,128,Monday,May
5/5/2021,13,14,Wind,Spring,12083,125,Wednesday,May
1/12/2023,15,16,Wind,Winter,16900,12,Thursday,January
8/8/2023,15,16,Solar,Summer,9831,220,Tuesday,August
12/9/2024,15,16,Wind,Winter,13808,344,Monday,December
4/25/2021,3,4,Wind,Spring,8232,115,Sunday,April
3/29/2021,2,3,Wind,Spring,4546,88,Monday,March
2/18/2025,14,15,Solar,Winter,9825,49,Tuesday,February
4/15/2025,23,0,Wind,Spring,7561,105,Tuesday,April
3/26/2022,18,19,Wind,Spring,8372,85,Saturday,March
9/10/2024,13,14,Wind,Fall,16867,254,Tuesday,September
1/6/2022,2,3,Wind,Winter,3292,6,Thursday,January
11/5/2024,12,13,Solar,Fall,3849,310,Tuesday,November
4/17/2022,10,11,Solar,Spring,7118,107,Sunday,April
8/16/2022,2,3,Wind,Summer,788,228,Tuesday,August
2/12/2021,16,17,Wind,Winter,9076,43,Friday,February
3/16/2023,14,15,Wind,Spring,12106,75,Thursday,March
7/13/2021,18,19,Wind,Summer,7587,194,Tuesday,July
6/19/2022,9,10,Wind,Summer,8414,170,Sunday,June
2/8/2022,7,8,Wind,Winter,4617,39,Tuesday,February
1/8/2024,7,8,Wind,Winter,12237,8,Monday,January
1/19/2023,21,22,Wind,Winter,1493,19,Thursday,January
9/24/2025,6,7,Wind,Fall,6194,267,Wednesday,September
7/26/2023,9,10,Solar,Summer,4441,207,Wednesday,July
8/9/2022,10,11,Solar,Summer,7230,221,Tuesday,August
12/9/2023,13,14,Wind,Winter,18217,343,Saturday,December
12/15/2023,1,2,Wind,Winter,2695,349,Friday,December
8/18/2025,15,16,Solar,Summer,8406,230,Monday,August
10/27/2025,1,2,Wind,Fall,17402,300,Monday,October
10/24/2020,14,15,Wind,Fall,13049,298,Saturday,October
5/31/2024,7,8,Wind,Spring,6019,152,Friday,May
1/27/2023,8,9,Wind,Winter,8809,27,Friday,January
4/5/2023,14,15,Solar,Spring,8048,95,Wednesday,April
9/17/2022,5,6,Wind,Fall,5089,260,Saturday,September
9/13/2022,16,17,Wind,Fall,5218,256,Tuesday,September
11/23/2022,1,2,Wind,Fall,8016,327,Wednesday,November
7/19/2023,6,7,Wind,Summer,3665,200,Wednesday,July
2/12/2020,0,1,Wind,Winter,9249,43,Wednesday,February
9/16/2023,17,18,Solar,Fall,4287,259,Saturday,September
7/22/2025,9,10,Wind,Summer,11218,203,Tuesday,July
1/10/2024,5,6,Wind,Winter,2519,10,Wednesday,January
11/30/2021,22,23,Wind,Fall,12595,334,Tuesday,November
4/1/2021,14,15,Solar,Spring,6136,91,Thursday,April
11/14/2023,20,21,Wind,Fall,14411,318,Tuesday,November
5/13/2024,10,11,Solar,Spring,8299,134,Monday,May
4/4/2020,5,6,Wind,Spring,1507,95,Saturday,April
12/13/2023,23,0,Wind,Winter,8250,347,Wednesday,December
2/14/2020,18,19,Wind,Winter,3877,45,Friday,February
4/18/2023,9,10,Wind,Spring,7969,108,Tuesday,April
6/3/2024,6,7,Wind,Summer,2313,155,Monday,June
2/6/2021,14,15,Wind,Winter,3721,37,Saturday,February
12/5/2023,8,9,Wind,Winter,11763,339,Tuesday,December
11/17/2021,1,2,Wind,Fall,1735,321,Wednesday,November
4/1/2025,21,22,Wind,Spring,16314,91,Tuesday,April
11/12/2020,23,0,Wind,Fall,3830,317,Thursday,November
3/29/2023,20,21,Wind,Spring,10029,88,Wednesday,March
8/18/2025,1,2,Wind,Summer,6436,230,Monday,August
1/16/2023,18,19,Wind,Winter,10560,16,Monday,January
6/25/2023,12,13,Solar,Summer,7617,176,Sunday,June
7/10/2020,14,15,Wind,Summer,6004,192,Friday,July
5/3/2020,18,19,Solar,Spring,2715,124,Sunday,May
7/11/2023,2,3,Wind,Summer,1440,192,Tuesday,July
1/19/2025,23,0,Wind,Winter,1247,19,Sunday,January
9/15/2025,13,14,Wind,Fall,11829,258,Monday,September
2/21/2020,4,5,Wind,Winter,4526,52,Friday,February
4/3/2020,4,5,Wind,Spring,2045,94,Friday,April
11/16/2020,9,10,Wind,Fall,8791,321,Monday,November
1/8/2024,0,1,Wind,Winter,11527,8,Monday,January
1/5/2023,17,18,Wind,Winter,5141,5,Thursday,January
2/13/2022,3,4,Wind,Winter,7754,44,Sunday,February
6/24/2022,17,18,Wind,Summer,10605,175,Friday,June
6/6/2022,14,15,Solar,Summer,8772,157,Monday,June
11/25/2025,20,21,Wind,Fall,10545,329,Tuesday,November
12/21/2024,10,11,Wind,Winter,11019,356,Saturday,December
7/4/2025,14,15,Solar,Summer,10382,185,Friday,July
4/3/2025,22,23,Wind,Spring,6607,93,Thursday,April
5/27/2020,7,8,Wind,Spring,3233,148,Wednesday,May
7/20/2025,19,20,Wind,Summer,9310,201,Sunday,July
8/3/2025,2,3,Wind,Summer,1880,215,Sunday,August
1/19/2021,5,6,Wind,Winter,10754,19,Tuesday,January
7/22/2021,19,20,Wind,Summer,3126,203,Thursday,July
11/12/2022,11,12,Solar,Fall,5451,316,Saturday,November
11/16/2023,3,4,Wind,Fall,3165,320,Thursday,November
11/25/2020,17,18,Wind,Fall,2800,330,Wednesday,November
3/23/2020,19,20,Wind,Spring,6877,83,Monday,March
7/21/2025,3,4,Wind,Summer,9816,202,Monday,July
9/19/2025,1,2,Wind,Fall,2045,262,Friday,September
6/5/2022,17,18,Wind,Summer,8606,156,Sunday,June
10/13/2024,23,0,Wind,Fall,3303,287,Sunday,October
4/8/2023,10,11,Solar,Spring,6560,98,Saturday,April
7/27/2020,12,13,Wind,Summer,10256,209,Monday,July
10/13/2020,17,18,Wind,Fall,4407,287,Tuesday,October
8/16/2021,0,1,Wind,Summer,5226,228,Monday,August
2/23/2022,20,21,Wind,Winter,2068,54,Wednesday,February
6/14/2020,1,2,Wind,Summer,4021,166,Sunday,June
2/24/2022,6,7,Wind,Winter,5440,55,Thursday,February
2/18/2022,1,2,Wind,Winter,6858,49,Friday,February
12/2/2022,13,14,Wind,Winter,3589,336,Friday,December
5/22/2020,16,17,Wind,Spring,7240,143,Friday,May
10/9/2021,8,9,Wind,Fall,2847,282,Saturday,October
10/13/2021,0,1,Wind,Fall,3296,286,Wednesday,October
4/9/2022,22,23,Wind,Spring,1982,99,Saturday,April
3/14/2020,9,10,Wind,Spring,5211,74,Saturday,March
9/11/2025,17,18,Wind,Fall,14879,254,Thursday,September
7/12/2020,18,19,Wind,Summer,4023,194,Sunday,July
10/15/2025,10,11,Solar,Fall,6940,288,Wednesday,October
3/17/2025,16,17,Wind,Spring,14877,76,Monday,March
8/7/2020,21,22,Wind,Summer,1119,220,Friday,August
4/13/2020,5,6,Wind,Spring,4328,104,Monday,April
5/31/2020,23,0,Wind,Spring,6056,152,Sunday,May
5/28/2023,17,18,Wind,Spring,6428,148,Sunday,May
8/23/2022,4,5,Wind,Summer,1005,235,Tuesday,August
7/30/2020,17,18,Solar,Summer,3388,212,Thursday,July
12/25/2021,7,8,Wind,Winter,1572,359,Saturday,December
11/16/2024,6,7,Wind,Fall,1374,321,Saturday,November
5/6/2022,1,2,Wind,Spring,3436,126,Friday,May
7/25/2023,7,8,Wind,Summer,5855,206,Tuesday,July
6/30/2023,0,1,Wind,Summer,2447,181,Friday,June
6/21/2020,1,2,Wind,Summer,1887,173,Sunday,June
3/30/2020,23,0,Wind,Spring,7156,90,Monday,March
11/7/2022,5,6,Wind,Fall,11253,311,Monday,November
8/2/2025,3,4,Wind,Summer,3930,214,Saturday,August
12/14/2020,9,10,Wind,Winter,8267,349,Monday,December
5/12/2024,7,8,Wind,Spring,4275,133,Sunday,May
1/12/2020,22,23,Wind,Winter,3733,12,Sunday,January
8/8/2021,1,2,Wind,Summer,7331,220,Sunday,August
5/11/2022,5,6,Wind,Spring,3101,131,Wednesday,May
10/1/2023,21,22,Wind,Fall,2395,274,Sunday,October
2/23/2022,12,13,Solar,Winter,5805,54,Wednesday,February
10/22/2023,23,0,Wind,Fall,3732,295,Sunday,October
6/14/2024,12,13,Wind,Summer,12826,166,Friday,June
3/4/2025,15,16,Solar,Spring,6290,63,Tuesday,March
6/23/2024,13,14,Solar,Summer,4302,175,Sunday,June
10/22/2021,19,20,Wind,Fall,2834,295,Friday,October
7/10/2024,0,1,Wind,Summer,2264,192,Wednesday,July
11/4/2020,13,14,Solar,Fall,4014,309,Wednesday,November
11/15/2022,9,10,Wind,Fall,10782,319,Tuesday,November
1/28/2023,23,0,Wind,Winter,2268,28,Saturday,January
4/19/2024,11,12,Wind,Spring,16276,110,Friday,April
7/23/2024,13,14,Wind,Summer,14087,205,Tuesday,July
10/6/2023,20,21,Wind,Fall,1085,279,Friday,October
7/7/2022,15,16,Wind,Summer,10600,188,Thursday,July
6/30/2024,6,7,Wind,Summer,3753,182,Sunday,June
5/5/2021,12,13,Wind,Spring,11434,125,Wednesday,May
10/9/2022,13,14,Solar,Fall,6807,282,Sunday,October
1/9/2024,16,17,Wind,Winter,4360,9,Tuesday,January
6/19/2023,18,19,Wind,Summer,4195,170,Monday,June
1/24/2025,22,23,Wind,Winter,11288,24,Friday,January
6/21/2022,21,22,Wind,Summer,1796,172,Tuesday,June
9/7/2023,7,8,Wind,Fall,2686,250,Thursday,September
6/24/2023,11,12,Solar,Summer,8244,175,Saturday,June
4/28/2025,2,3,Wind,Spring,3071,118,Monday,April
5/15/2021,5,6,Wind,Spring,4264,135,Saturday,May
5/25/2023,2,3,Wind,Spring,6906,145,Thursday,May
9/14/2020,13,14,Solar,Fall,5071,258,Monday,September
4/7/2024,22,23,Wind,Spring,5202,98,Sunday,April
6/21/2022,4,5,Wind,Summer,3804,172,Tuesday,June
7/4/2025,3,4,Wind,Summer,5286,185,Friday,July
9/21/2021,19,20,Wind,Fall,2280,264,Tuesday,September
3/4/2024,9,10,Wind,Spring,6988,64,Monday,March
7/27/2021,22,23,Wind,Summer,3166,208,Tuesday,July
4/9/2025,1,2,Wind,Spring,5058,99,Wednesday,April
7/4/2021,13,14,Wind,Summer,6911,185,Sunday,July
10/20/2021,20,21,Wind,Fall,13048,293,Wednesday,October
11/27/2022,20,21,Wind,Fall,7343,331,Sunday,November
3/17/2025,14,15,Wind,Spring,15549,76,Monday,March
3/14/2024,7,8,Wind,Spring,6363,74,Thursday,March
5/10/2020,18,19,Wind,Spring,4802,131,Sunday,May
12/27/2020,6,7,Wind,Winter,11736,362,Sunday,December
11/21/2021,9,10,Wind,Fall,1770,325,Sunday,November
11/28/2025,15,16,Wind,Fall,7931,332,Friday,November
12/9/2021,11,12,Wind,Winter,7038,343,Thursday,December
3/16/2024,22,23,Wind,Spring,2197,76,Saturday,March
8/5/2020,16,17,Solar,Summer,4806,218,Wednesday,August
4/6/2025,19,20,Wind,Spring,8524,96,Sunday,April
2/23/2022,7,8,Wind,Winter,888,54,Wednesday,February
12/22/2020,7,8,Wind,Winter,10664,357,Tuesday,December
6/10/2023,8,9,Solar,Summer,3002,161,Saturday,June
11/13/2025,6,7,Wind,Fall,10431,317,Thursday,November
3/16/2022,2,3,Wind,Spring,4258,75,Wednesday,March
9/16/2025,2,3,Wind,Fall,11697,259,Tuesday,September
11/21/2020,23,0,Wind,Fall,2372,326,Saturday,November
12/12/2024,5,6,Wind,Winter,3271,347,Thursday,December
6/15/2023,10,11,Solar,Summer,5298,166,Thursday,June
2/24/2023,0,1,Wind,Winter,6635,55,Friday,February
4/1/2022,13,14,Wind,Spring,14543,91,Friday,April
4/20/2021,6,7,Wind,Spring,577,110,Tuesday,April
6/17/2024,21,22,Wind,Summer,1375,169,Monday,June
6/29/2021,8,9,Solar,Summer,2049,180,Tuesday,June
5/7/2023,5,6,Wind,Spring,1473,127,Sunday,May
8/9/2020,4,5,Wind,Summer,1263,222,Sunday,August
11/9/2024,6,7,Wind,Fall,884,314,Saturday,November
7/3/2024,15,16,Wind,Summer,12305,185,Wednesday,July
2/26/2020,19,20,Wind,Winter,6383,57,Wednesday,February
7/8/2025,10,11,Solar,Summer,10854,189,Tuesday,July
12/27/2023,16,17,Wind,Winter,13272,361,Wednesday,December
2/8/2025,22,23,Wind,Winter,4543,39,Saturday,February
10/25/2024,10,11,Wind,Fall,6611,299,Friday,October
12/2/2021,7,8,Wind,Winter,7999,336,Thursday,December
5/10/2024,3,4,Wind,Spring,5301,131,Friday,May
1/31/2023,10,11,Wind,Winter,6313,31,Tuesday,January
2/28/2024,9,10,Wind,Winter,4006,59,Wednesday,February
10/27/2022,17,18,Wind,Fall,5638,300,Thursday,October
11/9/2024,21,22,Wind,Fall,622,314,Saturday,November
11/26/2020,7,8,Wind,Fall,2650,331,Thursday,November
12/12/2022,16,17,Wind,Winter,3694,346,Monday,December
1/8/2022,3,4,Wind,Winter,6540,8,Saturday,January
7/22/2023,5,6,Wind,Summer,1465,203,Saturday,July
12/21/2020,13,14,Wind,Winter,12706,356,Monday,December
2/16/2021,20,21,Wind,Winter,9859,47,Tuesday,February
8/18/2020,22,23,Wind,Summer,728,231,Tuesday,August
2/2/2020,16,17,Wind,Winter,11800,33,Sunday,February
4/22/2020,20,21,Wind,Spring,2587,113,Wednesday,April
6/5/2020,7,8,Wind,Summer,5969,157,Friday,June
5/23/2024,11,12,Solar,Spring,6613,144,Thursday,May
3/20/2022,1,2,Wind,Spring,6580,79,Sunday,March
5/19/2024,11,12,Solar,Spring,2794,140,Sunday,May
9/6/2023,17,18,Solar,Fall,4611,249,Wednesday,September
4/22/2021,16,17,Wind,Spring,8227,112,Thursday,April
7/21/2025,19,20,Wind,Summer,13652,202,Monday,July
10/26/2020,9,10,Wind,Fall,7859,300,Monday,October
9/26/2025,15,16,Solar,Fall,4353,269,Friday,September
7/28/2020,6,7,Wind,Summer,3610,210,Tuesday,July
1/16/2024,4,5,Wind,Winter,1715,16,Tuesday,January
10/26/2020,20,21,Wind,Fall,7818,300,Monday,October
3/26/2024,0,1,Wind,Spring,8416,86,Tuesday,March
11/28/2023,8,9,Wind,Fall,7464,332,Tuesday,November
11/14/2024,14,15,Solar,Fall,5909,319,Thursday,November
12/17/2024,11,12,Wind,Winter,6713,352,Tuesday,December
3/20/2020,11,12,Wind,Spring,6937,80,Friday,March
3/28/2025,8,9,Wind,Spring,5489,87,Friday,March
1/16/2022,1,2,Wind,Winter,1349,16,Sunday,January
8/17/2021,8,9,Wind,Summer,2250,229,Tuesday,August
10/22/2025,12,13,Solar,Fall,6865,295,Wednesday,October
1/25/2020,8,9,Wind,Winter,1579,25,Saturday,January
2/22/2025,0,1,Wind,Winter,11725,53,Saturday,February
4/10/2023,10,11,Wind,Spring,7919,100,Monday,April
10/20/2021,14,15,Wind,Fall,14657,293,Wednesday,October
1/30/2020,9,10,Wind,Winter,8402,30,Thursday,January
9/29/2024,13,14,Wind,Fall,6168,273,Sunday,September
11/15/2020,12,13,Wind,Fall,14508,320,Sunday,November
6/8/2021,3,4,Wind,Summer,916,159,Tuesday,June
12/12/2020,21,22,Wind,Winter,5943,347,Saturday,December
12/11/2020,3,4,Wind,Winter,7153,346,Friday,December
2/8/2023,3,4,Wind,Winter,3513,39,Wednesday,February
5/21/2020,20,21,Wind,Spring,600,142,Thursday,May
7/9/2025,14,15,Solar,Summer,10461,190,Wednesday,July
2/10/2024,7,8,Wind,Winter,4227,41,Saturday,February
7/7/2023,16,17,Solar,Summer,8765,188,Friday,July
1/3/2020,13,14,Wind,Winter,9695,3,Friday,January
12/6/2020,22,23,Wind,Winter,1374,341,Sunday,December
10/6/2021,8,9,Wind,Fall,8548,279,Wednesday,October
6/9/2023,16,17,Solar,Summer,5753,160,Friday,June
7/4/2021,12,13,Wind,Summer,6187,185,Sunday,July
2/19/2021,5,6,Wind,Winter,4799,50,Friday,February
11/24/2021,5,6,Wind,Fall,4927,328,Wednesday,November
12/15/2021,4,5,Wind,Winter,1396,349,Wednesday,December
1/25/2025,16,17,Wind,Winter,5724,25,Saturday,January
7/14/2020,15,16,Solar,Summer,5718,196,Tuesday,July
10/18/2023,6,7,Wind,Fall,11303,291,Wednesday,October
6/27/2024,18,19,Wind,Summer,7928,179,Thursday,June
4/24/2021,18,19,Wind,Spring,6916,114,Saturday,April
10/16/2023,21,22,Wind,Fall,9973,289,Monday,October
2/18/2024,22,23,Wind,Winter,6925,49,Sunday,February
5/8/2020,8,9,Wind,Spring,3039,129,Friday,May
3/12/2024,7,8,Wind,Spring,5075,72,Tuesday,March
3/14/2020,20,21,Wind,Spring,3300,74,Saturday,March
1/17/2021,7,8,Wind,Winter,5676,17,Sunday,January
1/3/2022,13,14,Wind,Winter,12240,3,Monday,January
8/7/2020,5,6,Wind,Summer,2101,220,Friday,August
9/26/2023,11,12,Solar,Fall,6439,269,Tuesday,September
7/28/2025,19,20,Wind,Summer,6132,209,Monday,July
7/19/2025,23,0,Wind,Summer,3954,200,Saturday,July
3/20/2021,18,19,Wind,Spring,4921,79,Saturday,March
8/25/2021,5,6,Wind,Summer,4981,237,Wednesday,August
5/16/2021,9,10,Wind,Spring,4884,136,Sunday,May
11/24/2025,6,7,Wind,Fall,7424,328,Monday,November
1/6/2023,14,15,Wind,Winter,7958,6,Friday,January
8/25/2023,9,10,Wind,Summer,5505,237,Friday,August
8/21/2020,10,11,Wind,Summer,7837,234,Friday,August
12/10/2020,15,16,Wind,Winter,2800,345,Thursday,December
12/24/2022,22,23,Wind,Winter,3971,358,Saturday,December
2/26/2025,8,9,Wind,Winter,8242,57,Wednesday,February
3/1/2022,11,12,Solar,Spring,4988,60,Tuesday,March
9/25/2022,21,22,Wind,Fall,1684,268,Sunday,September
11/26/2022,0,1,Wind,Fall,2624,330,Saturday,November
3/25/2021,9,10,Solar,Spring,3091,84,Thursday,March
1/18/2025,7,8,Wind,Winter,1399,18,Saturday,January
10/6/2022,7,8,Wind,Fall,1712,279,Thursday,October
5/20/2025,0,1,Wind,Spring,6826,140,Tuesday,May
10/5/2020,16,17,Wind,Fall,10905,279,Monday,October
1/31/2020,21,22,Wind,Winter,8388,31,Friday,January
1/10/2021,15,16,Wind,Winter,4559,10,Sunday,January
6/14/2023,3,4,Wind,Summer,3197,165,Wednesday,June
3/15/2021,15,16,Wind,Spring,10846,74,Monday,March
11/29/2024,3,4,Wind,Fall,6487,334,Friday,November
12/22/2020,4,5,Wind,Winter,10281,357,Tuesday,December
10/5/2020,3,4,Wind,Fall,11256,279,Monday,October
4/20/2021,5,6,Wind,Spring,637,110,Tuesday,April
8/25/2020,21,22,Wind,Summer,9550,238,Tuesday,August
11/24/2023,18,19,Wind,Fall,10539,328,Friday,November
6/20/2025,5,6,Wind,Summer,5645,171,Friday,June
8/31/2024,15,16,Solar,Summer,8116,244,Saturday,August
7/23/2024,9,10,Wind,Summer,9773,205,Tuesday,July
7/16/2025,15,16,Solar,Summer,16069,197,Wednesday,July
5/6/2021,15,16,Wind,Spring,8791,126,Thursday,May
10/10/2020,7,8,Wind,Fall,2346,284,Saturday,October
2/13/2025,14,15,Solar,Winter,4494,44,Thursday,February
9/29/2025,23,0,Wind,Fall,2697,272,Monday,September
10/27/2021,3,4,Wind,Fall,2392,300,Wednesday,October
6/1/2022,5,6,Wind,Summer,1109,152,Wednesday,June
7/24/2020,4,5,Wind,Summer,1771,206,Friday,July
4/29/2020,22,23,Wind,Spring,5811,120,Wednesday,April
3/30/2023,17,18,Wind,Spring,15694,89,Thursday,March
7/24/2023,6,7,Wind,Summer,3944,205,Monday,July
4/23/2023,23,0,Wind,Spring,9704,113,Sunday,April
10/12/2022,1,2,Wind,Fall,1054,285,Wednesday,October
3/12/2021,3,4,Wind,Spring,10222,71,Friday,March
7/12/2022,2,3,Wind,Summer,3789,193,Tuesday,July
12/22/2020,23,0,Wind,Winter,7182,357,Tuesday,December
2/13/2024,8,9,Wind,Winter,5445,44,Tuesday,February
5/3/2024,20,21,Wind,Spring,2251,124,Friday,May
12/5/2022,11,12,Solar,Winter,3554,339,Monday,December
12/18/2023,12,13,Solar,Winter,5551,352,Monday,December
6/10/2021,6,7,Wind,Summer,1116,161,Thursday,June
8/5/2024,21,22,Wind,Summer,751,218,Monday,August
11/24/2021,1,2,Wind,Fall,6358,328,Wednesday,November
8/31/2025,4,5,Wind,Summer,5964,243,Sunday,August
6/24/2020,14,15,Solar,Summer,6958,176,Wednesday,June
8/11/2023,17,18,Solar,Summer,6263,223,Friday,August
4/21/2021,13,14,Solar,Spring,5395,111,Wednesday,April
2/25/2024,2,3,Wind,Winter,8187,56,Sunday,February
7/22/2024,2,3,Wind,Summer,4013,204,Monday,July
8/6/2022,9,10,Wind,Summer,7062,218,Saturday,August
7/7/2023,6,7,Wind,Summer,4525,188,Friday,July
3/22/2021,3,4,Wind,Spring,4256,81,Monday,March
11/19/2025,1,2,Wind,Fall,9964,323,Wednesday,November
7/16/2022,10,11,Solar,Summer,6731,197,Saturday,July
8/3/2022,22,23,Wind,Summer,1474,215,Wednesday,August
5/3/2025,18,19,Wind,Spring,7626,123,Saturday,May
9/29/2023,19,20,Wind,Fall,2198,272,Friday,September
1/15/2022,19,20,Wind,Winter,651,15,Saturday,January
4/9/2022,4,5,Wind,Spring,4701,99,Saturday,April
10/9/2022,22,23,Wind,Fall,5394,282,Sunday,October
8/12/2023,15,16,Solar,Summer,9789,224,Saturday,August
7/2/2025,22,23,Wind,Summer,5548,183,Wednesday,July
5/16/2023,23,0,Wind,Spring,7799,136,Tuesday,May
7/31/2020,18,19,Wind,Summer,4080,213,Friday,July
4/23/2020,1,2,Wind,Spring,2669,114,Thursday,April
12/14/2021,0,1,Wind,Winter,810,348,Tuesday,December
3/11/2020,12,13,Wind,Spring,12163,71,Wednesday,March
7/26/2024,21,22,Wind,Summer,506,208,Friday,July
8/4/2021,17,18,Solar,Summer,3345,216,Wednesday,August
7/18/2023,8,9,Wind,Summer,3434,199,Tuesday,July
8/28/2020,17,18,Wind,Summer,8079,241,Friday,August
8/27/2024,17,18,Solar,Summer,6209,240,Tuesday,August
3/28/2021,9,10,Wind,Spring,5097,87,Sunday,March
12/16/2023,21,22,Wind,Winter,2504,350,Saturday,December
6/3/2021,16,17,Solar,Summer,3738,154,Thursday,June
10/15/2021,8,9,Wind,Fall,1488,288,Friday,October
10/5/2024,19,20,Wind,Fall,5905,279,Saturday,October
4/7/2020,18,19,Wind,Spring,2681,98,Tuesday,April
11/26/2021,12,13,Wind,Fall,10802,330,Friday,November
6/26/2022,8,9,Solar,Summer,1719,177,Sunday,June
3/19/2020,14,15,Solar,Spring,3939,79,Thursday,March
6/15/2025,14,15,Solar,Summer,4719,166,Sunday,June
11/17/2022,17,18,Wind,Fall,8379,321,Thursday,November
12/2/2024,22,23,Wind,Winter,7331,337,Monday,December
9/11/2024,3,4,Wind,Fall,11638,255,Wednesday,September
5/22/2025,21,22,Wind,Spring,4939,142,Thursday,May
10/16/2024,3,4,Wind,Fall,11452,290,Wednesday,October
12/2/2020,12,13,Wind,Winter,2987,337,Wednesday,December
11/6/2025,19,20,Wind,Fall,2440,310,Thursday,November
8/29/2025,15,16,Wind,Summer,15987,241,Friday,August
3/5/2024,22,23,Wind,Spring,3012,65,Tuesday,March
6/26/2025,23,0,Wind,Summer,3959,177,Thursday,June
10/20/2023,8,9,Wind,Fall,4473,293,Friday,October
9/21/2025,17,18,Wind,Fall,4316,264,Sunday,September
8/7/2020,16,17,Solar,Summer,3640,220,Friday,August
12/3/2021,3,4,Wind,Winter,3110,337,Friday,December
10/16/2021,10,11,Solar,Fall,3384,289,Saturday,October
8/30/2025,7,8,Wind,Summer,4396,242,Saturday,August
2/23/2025,22,23,Wind,Winter,11952,54,Sunday,February
10/20/2020,16,17,Wind,Fall,9534,294,Tuesday,October
12/26/2024,20,21,Wind,Winter,3449,361,Thursday,December
12/13/2024,22,23,Wind,Winter,785,348,Friday,December
7/16/2022,0,1,Wind,Summer,3960,197,Saturday,July
10/11/2020,3,4,Wind,Fall,3670,285,Sunday,October
7/26/2024,15,16,Solar,Summer,7022,208,Friday,July
9/29/2023,6,7,Wind,Fall,8290,272,Friday,September
12/20/2023,13,14,Wind,Winter,11237,354,Wednesday,December
7/11/2020,19,20,Wind,Summer,4072,193,Saturday,July
1/31/2025,1,2,Wind,Winter,2272,31,Friday,January
3/10/2020,8,9,Wind,Spring,11993,70,Tuesday,March
3/3/2022,4,5,Wind,Spring,1517,62,Thursday,March
3/7/2024,17,18,Wind,Spring,11067,67,Thursday,March
10/19/2024,22,23,Wind,Fall,3297,293,Saturday,October
5/21/2020,13,14,Solar,Spring,4337,142,Thursday,May
10/11/2023,13,14,Solar,Fall,8576,284,Wednesday,October
7/2/2022,0,1,Wind,Summer,754,183,Saturday,July
1/15/2023,21,22,Wind,Winter,14992,15,Sunday,January
7/19/2022,3,4,Wind,Summer,5671,200,Tuesday,July
10/22/2022,3,4,Wind,Fall,6189,295,Saturday,October
12/31/2023,5,6,Wind,Winter,17336,365,Sunday,December
4/4/2022,3,4,Wind,Spring,2150,94,Monday,April
3/2/2022,1,2,Wind,Spring,2780,61,Wednesday,March
9/24/2021,4,5,Wind,Fall,475,267,Friday,September
5/23/2021,23,0,Wind,Spring,9144,143,Sunday,May
9/29/2020,5,6,Wind,Fall,1805,273,Tuesday,September
3/9/2024,7,8,Wind,Spring,12796,69,Saturday,March
4/16/2024,10,11,Wind,Spring,10158,107,Tuesday,April
6/11/2020,12,13,Wind,Summer,4847,163,Thursday,June
2/1/2022,0,1,Wind,Winter,6934,32,Tuesday,February
8/30/2024,3,4,Wind,Summer,2706,243,Friday,August
6/27/2021,3,4,Wind,Summer,3872,178,Sunday,June
11/17/2020,19,20,Wind,Fall,2225,322,Tuesday,November
7/23/2024,1,2,Wind,Summer,4890,205,Tuesday,July
7/16/2022,2,3,Wind,Summer,3533,197,Saturday,July
7/8/2025,20,21,Wind,Summer,3770,189,Tuesday,July
10/19/2022,17,18,Wind,Fall,7629,292,Wednesday,October
6/16/2020,20,21,Wind,Summer,1666,168,Tuesday,June
1/10/2025,15,16,Wind,Winter,3319,10,Friday,January
9/10/2020,11,12,Solar,Fall,3052,254,Thursday,September
11/13/2021,8,9,Wind,Fall,5126,317,Saturday,November
4/22/2025,13,14,Solar,Spring,7792,112,Tuesday,April
5/15/2020,5,6,Wind,Spring,6575,136,Friday,May
3/25/2024,15,16,Wind,Spring,10580,85,Monday,March
1/26/2023,23,0,Wind,Winter,6312,26,Thursday,January
7/19/2024,5,6,Wind,Summer,1335,201,Friday,July
6/30/2025,21,22,Wind,Summer,1192,181,Monday,June
2/12/2023,0,1,Wind,Winter,3402,43,Sunday,February
9/27/2022,6,7,Wind,Fall,6509,270,Tuesday,September
7/27/2020,15,16,Wind,Summer,11749,209,Monday,July
7/10/2023,13,14,Solar,Summer,8700,191,Monday,July
1/20/2025,2,3,Wind,Winter,1542,20,Monday,January
3/28/2023,16,17,Wind,Spring,9979,87,Tuesday,March
10/4/2021,8,9,Wind,Fall,5584,277,Monday,October
6/9/2024,1,2,Wind,Summer,3464,161,Sunday,June
8/17/2021,12,13,Solar,Summer,6878,229,Tuesday,August
1/27/2023,7,8,Wind,Winter,8252,27,Friday,January
8/5/2021,14,15,Wind,Summer,8681,217,Thursday,August
7/21/2025,23,0,Wind,Summer,7848,202,Monday,July
5/27/2025,17,18,Wind,Spring,15563,147,Tuesday,May
2/22/2024,0,1,Wind,Winter,14343,53,Thursday,February
12/10/2023,0,1,Wind,Winter,16050,344,Sunday,December
6/18/2021,1,2,Wind,Summer,3603,169,Friday,June
4/25/2025,10,11,Solar,Spring,7896,115,Friday,April
7/5/2021,0,1,Wind,Summer,2602,186,Monday,July
7/7/2021,23,0,Wind,Summer,1703,188,Wednesday,July
12/12/2020,11,12,Wind,Winter,6348,347,Saturday,December
11/1/2025,16,17,Wind,Fall,9647,305,Saturday,November
1/22/2024,20,21,Wind,Winter,14875,22,Monday,January
8/28/2025,16,17,Wind,Summer,11353,240,Thursday,August
4/29/2022,10,11,Solar,Spring,4724,119,Friday,April
1/20/2021,18,19,Wind,Winter,15051,20,Wednesday,January
6/19/2024,22,23,Wind,Summer,6935,171,Wednesday,June
4/2/2022,16,17,Wind,Spring,12110,92,Saturday,April
8/8/2024,5,6,Wind,Summer,1189,221,Thursday,August
11/2/2024,18,19,Wind,Fall,3994,307,Saturday,November
9/6/2021,15,16,Solar,Fall,5313,249,Monday,September
3/28/2020,19,20,Wind,Spring,9382,88,Saturday,March
2/14/2022,21,22,Wind,Winter,6029,45,Monday,February
10/13/2022,17,18,Wind,Fall,4003,286,Thursday,October
7/15/2024,16,17,Wind,Summer,10450,197,Monday,July
4/22/2023,0,1,Wind,Spring,3755,112,Saturday,April
10/26/2024,16,17,Solar,Fall,2125,300,Saturday,October
1/25/2025,11,12,Wind,Winter,7875,25,Saturday,January
2/6/2024,14,15,Wind,Winter,15869,37,Tuesday,February
11/24/2024,18,19,Wind,Fall,19758,329,Sunday,November
12/4/2022,2,3,Wind,Winter,3252,338,Sunday,December
2/12/2023,14,15,Solar,Winter,6688,43,Sunday,February
1/31/2020,4,5,Wind,Winter,7716,31,Friday,January
11/29/2020,10,11,Wind,Fall,4788,334,Sunday,November
4/29/2022,18,19,Wind,Spring,4816,119,Friday,April
8/1/2021,16,17,Solar,Summer,6683,213,Sunday,August
3/15/2020,0,1,Wind,Spring,3612,75,Sunday,March
7/1/2023,21,22,Wind,Summer,7075,182,Saturday,July
3/2/2023,21,22,Wind,Spring,4877,61,Thursday,March
8/3/2024,7,8,Wind,Summer,3218,216,Saturday,August
11/19/2024,20,21,Wind,Fall,12210,324,Tuesday,November
1/8/2024,6,7,Wind,Winter,12121,8,Monday,January
12/21/2024,21,22,Wind,Winter,18922,356,Saturday,December
10/25/2022,17,18,Wind,Fall,4158,298,Tuesday,October
4/15/2022,1,2,Wind,Spring,1942,105,Friday,April
12/7/2021,6,7,Wind,Winter,5150,341,Tuesday,December
1/17/2022,23,0,Wind,Winter,2215,17,Monday,January
2/24/2025,9,10,Wind,Winter,15311,55,Monday,February
7/14/2021,20,21,Wind,Summer,6824,195,Wednesday,July
1/11/2023,4,5,Wind,Winter,13408,11,Wednesday,January
10/15/2024,11,12,Wind,Fall,7313,289,Tuesday,October
9/14/2023,20,21,Wind,Fall,983,257,Thursday,September
12/4/2021,13,14,Wind,Winter,14167,338,Saturday,December
5/10/2021,21,22,Wind,Spring,1928,130,Monday,May
7/31/2021,13,14,Wind,Summer,6027,212,Saturday,July
11/26/2025,9,10,Wind,Fall,5852,330,Wednesday,November
6/20/2022,20,21,Wind,Summer,4764,171,Monday,June
8/1/2020,13,14,Solar,Summer,4517,214,Saturday,August
9/30/2022,17,18,Wind,Fall,8433,273,Friday,September
6/10/2024,13,14,Wind,Summer,16343,162,Monday,June
9/8/2024,5,6,Wind,Fall,5635,252,Sunday,September
8/20/2021,10,11,Solar,Summer,3653,232,Friday,August
10/21/2020,17,18,Wind,Fall,11801,295,Wednesday,October
11/8/2023,22,23,Wind,Fall,14010,312,Wednesday,November
10/11/2020,7,8,Wind,Fall,3222,285,Sunday,October
8/4/2023,11,12,Solar,Summer,7826,216,Friday,August
5/15/2021,16,17,Wind,Spring,11074,135,Saturday,May
11/1/2021,18,19,Wind,Fall,5774,305,Monday,November
2/13/2025,4,5,Wind,Winter,1341,44,Thursday,February
2/20/2022,20,21,Wind,Winter,16004,51,Sunday,February
1/2/2025,6,7,Wind,Winter,7704,2,Thursday,January
1/23/2023,4,5,Wind,Winter,4026,23,Monday,January
3/15/2022,0,1,Wind,Spring,5845,74,Tuesday,March
12/1/2022,15,16,Wind,Winter,4324,335,Thursday,December
5/10/2024,21,22,Wind,Spring,5155,131,Friday,May
8/15/2025,16,17,Solar,Summer,9881,227,Friday,August
2/9/2020,11,12,Wind,Winter,15238,40,Sunday,February
5/21/2024,21,22,Wind,Spring,3665,142,Tuesday,May
5/11/2024,6,7,Wind,Spring,4326,132,Saturday,May
9/23/2020,18,19,Wind,Fall,5813,267,Wednesday,September
11/17/2025,15,16,Wind,Fall,10323,321,Monday,November
1/2/2021,0,1,Wind,Winter,1169,2,Saturday,January
8/8/2023,23,0,Wind,Summer,2853,220,Tuesday,August
5/18/2023,19,20,Wind,Spring,6720,138,Thursday,May
10/24/2022,22,23,Wind,Fall,7627,297,Monday,October
9/3/2022,20,21,Wind,Fall,1066,246,Saturday,September
11/29/2024,14,15,Solar,Fall,7650,334,Friday,November
4/4/2020,10,11,Solar,Spring,4136,95,Saturday,April
3/18/2020,11,12,Solar,Spring,3727,78,Wednesday,March
4/29/2020,13,14,Wind,Spring,10092,120,Wednesday,April
10/16/2021,16,17,Solar,Fall,3207,289,Saturday,October
10/6/2021,17,18,Wind,Fall,8756,279,Wednesday,October
2/26/2025,11,12,Wind,Winter,13305,57,Wednesday,February
3/1/2021,13,14,Solar,Spring,5810,60,Monday,March
11/24/2022,3,4,Wind,Fall,11415,328,Thursday,November
9/1/2025,20,21,Wind,Fall,5387,244,Monday,September
11/14/2024,21,22,Wind,Fall,3630,319,Thursday,November
3/20/2021,6,7,Wind,Spring,4488,79,Saturday,March
12/17/2021,5,6,Wind,Winter,6817,351,Friday,December
2/7/2025,3,4,Wind,Winter,9958,38,Friday,February
1/5/2024,0,1,Wind,Winter,12301,5,Friday,January
9/8/2024,12,13,Wind,Fall,11440,252,Sunday,September
7/27/2020,8,9,Wind,Summer,3719,209,Monday,July
2/17/2023,13,14,Wind,Winter,13006,48,Friday,February
7/22/2024,5,6,Wind,Summer,3267,204,Monday,July
9/7/2024,12,13,Solar,Fall,6652,251,Saturday,September
8/2/2021,8,9,Solar,Summer,1835,214,Monday,August
7/24/2021,18,19,Wind,Summer,5008,205,Saturday,July
6/26/2022,21,22,Wind,Summer,1353,177,Sunday,June
5/25/2021,9,10,Wind,Spring,10972,145,Tuesday,May
1/3/2024,5,6,Wind,Winter,16091,3,Wednesday,January
4/28/2024,18,19,Wind,Spring,4975,119,Sunday,April
2/10/2022,3,4,Wind,Winter,4390,41,Thursday,February
9/1/2023,2,3,Wind,Fall,4835,244,Friday,September
1/23/2025,8,9,Wind,Winter,6187,23,Thursday,January
8/12/2022,9,10,Solar,Summer,4233,224,Friday,August
6/6/2022,0,1,Wind,Summer,3154,157,Monday,June
4/26/2021,23,0,Wind,Spring,6682,116,Monday,April
8/21/2022,4,5,Wind,Summer,492,233,Sunday,August
7/29/2025,17,18,Solar,Summer,9703,210,Tuesday,July
1/14/2020,1,2,Wind,Winter,12193,14,Tuesday,January
11/23/2020,6,7,Wind,Fall,197,328,Monday,November
3/3/2020,16,17,Wind,Spring,2913,63,Tuesday,March
4/30/2022,23,0,Wind,Spring,4152,120,Saturday,April
8/28/2025,3,4,Wind,Summer,2154,240,Thursday,August
9/28/2025,17,18,Solar,Fall,3101,271,Sunday,September
4/26/2020,19,20,Solar,Spring,826,117,Sunday,April
4/26/2020,7,8,Wind,Spring,1234,117,Sunday,April
1/13/2020,0,1,Wind,Winter,3124,13,Monday,January
7/4/2021,8,9,Wind,Summer,1516,185,Sunday,July
8/20/2022,16,17,Solar,Summer,6307,232,Saturday,August
10/15/2022,21,22,Wind,Fall,4985,288,Saturday,October
11/4/2024,20,21,Wind,Fall,2945,309,Monday,November
5/27/2024,1,2,Wind,Spring,2781,148,Monday,May
5/3/2021,7,8,Wind,Spring,1219,123,Monday,May
6/25/2023,21,22,Wind,Summer,4990,176,Sunday,June
1/24/2023,17,18,Wind,Winter,3120,24,Tuesday,January
2/11/2022,8,9,Wind,Winter,2704,42,Friday,February
6/17/2023,22,23,Wind,Summer,1596,168,Saturday,June
9/25/2021,10,11,Solar,Fall,3100,268,Saturday,September
9/9/2024,8,9,Wind,Fall,8509,253,Monday,September
4/25/2023,23,0,Wind,Spring,2732,115,Tuesday,April
4/17/2021,20,21,Wind,Spring,5570,107,Saturday,April
8/1/2022,23,0,Wind,Summer,1415,213,Monday,August
7/14/2021,18,19,Wind,Summer,7691,195,Wednesday,July
10/14/2025,10,11,Wind,Fall,8624,287,Tuesday,October
2/21/2020,14,15,Wind,Winter,8633,52,Friday,February
10/24/2024,11,12,Solar,Fall,7285,298,Thursday,October
7/17/2022,2,3,Wind,Summer,6218,198,Sunday,July
8/15/2022,12,13,Solar,Summer,7754,227,Monday,August
8/23/2020,7,8,Wind,Summer,4453,236,Sunday,August
8/1/2020,6,7,Wind,Summer,1772,214,Saturday,August
7/3/2025,3,4,Wind,Summer,5681,184,Thursday,July
5/2/2022,0,1,Wind,Spring,3281,122,Monday,May
10/11/2020,0,1,Wind,Fall,4013,285,Sunday,October
5/15/2021,10,11,Wind,Spring,7542,135,Saturday,May
8/19/2024,10,11,Solar,Summer,6872,232,Monday,August
10/21/2025,5,6,Wind,Fall,12221,294,Tuesday,October
6/25/2023,11,12,Solar,Summer,7269,176,Sunday,June
9/15/2024,17,18,Solar,Fall,7756,259,Sunday,September
7/19/2024,6,7,Wind,Summer,1367,201,Friday,July
6/20/2022,11,12,Solar,Summer,6635,171,Monday,June
11/24/2020,2,3,Wind,Fall,1825,329,Tuesday,November
3/20/2022,4,5,Wind,Spring,4944,79,Sunday,March
5/26/2020,15,16,Solar,Spring,7491,147,Tuesday,May
9/9/2025,20,21,Wind,Fall,2139,252,Tuesday,September
1/23/2020,4,5,Wind,Winter,5821,23,Thursday,January
7/22/2022,4,5,Wind,Summer,3155,203,Friday,July
2/22/2023,6,7,Wind,Winter,2969,53,Wednesday,February
5/4/2023,18,19,Wind,Spring,7974,124,Thursday,May
3/29/2022,15,16,Solar,Spring,3886,88,Tuesday,March
1/24/2025,13,14,Wind,Winter,19431,24,Friday,January
3/17/2025,21,22,Wind,Spring,11797,76,Monday,March
11/4/2024,4,5,Wind,Fall,2853,309,Monday,November
1/11/2023,10,11,Wind,Winter,10073,11,Wednesday,January
6/21/2022,15,16,Solar,Summer,4791,172,Tuesday,June
7/2/2020,18,19,Wind,Summer,6452,184,Thursday,July
5/12/2024,14,15,Solar,Spring,4059,133,Sunday,May
3/11/2021,6,7,Wind,Spring,14266,70,Thursday,March
9/23/2020,13,14,Wind,Fall,8641,267,Wednesday,September
4/30/2024,21,22,Wind,Spring,3124,121,Tuesday,April
9/16/2023,22,23,Wind,Fall,2367,259,Saturday,September
5/4/2025,19,20,Wind,Spring,11985,124,Sunday,May
4/8/2022,18,19,Wind,Spring,10607,98,Friday,April
12/23/2023,16,17,Wind,Winter,14470,357,Saturday,December
8/11/2025,22,23,Wind,Summer,5924,223,Monday,August
7/16/2021,17,18,Wind,Summer,7525,197,Friday,July
2/11/2020,7,8,Wind,Winter,11753,42,Tuesday,February
11/9/2024,1,2,Wind,Fall,1782,314,Saturday,November
9/27/2022,18,19,Wind,Fall,9228,270,Tuesday,September
9/1/2024,8,9,Wind,Fall,4830,245,Sunday,September
11/1/2020,7,8,Wind,Fall,9246,306,Sunday,November
1/9/2025,7,8,Wind,Winter,14188,9,Thursday,January
12/31/2024,1,2,Wind,Winter,2303,366,Tuesday,December
1/6/2025,0,1,Wind,Winter,18763,6,Monday,January
1/30/2024,14,15,Solar,Winter,7283,30,Tuesday,January
4/18/2021,20,21,Wind,Spring,2015,108,Sunday,April
4/24/2021,15,16,Solar,Spring,8651,114,Saturday,April
10/27/2021,19,20,Wind,Fall,2324,300,Wednesday,October
7/2/2020,0,1,Wind,Summer,2474,184,Thursday,July
1/7/2024,4,5,Wind,Winter,7340,7,Sunday,January
1/18/2024,14,15,Wind,Winter,6969,18,Thursday,January
9/9/2023,1,2,Wind,Fall,1650,252,Saturday,September
3/17/2025,10,11,Solar,Spring,11786,76,Monday,March
10/20/2024,7,8,Wind,Fall,6846,294,Sunday,October
9/11/2021,16,17,Solar,Fall,4615,254,Saturday,September
3/12/2024,15,16,Wind,Spring,12222,72,Tuesday,March
8/6/2020,16,17,Solar,Summer,3605,219,Thursday,August
1/15/2022,1,2,Wind,Winter,847,15,Saturday,January
4/18/2022,17,18,Solar,Spring,4269,108,Monday,April
1/13/2020,6,7,Wind,Winter,2987,13,Monday,January
3/16/2021,11,12,Solar,Spring,5314,75,Tuesday,March
6/15/2022,6,7,Wind,Summer,2328,166,Wednesday,June
9/30/2023,12,13,Solar,Fall,6508,273,Saturday,September
10/29/2024,21,22,Wind,Fall,685,303,Tuesday,October
9/4/2025,20,21,Wind,Fall,6150,247,Thursday,September
8/21/2023,15,16,Solar,Summer,6576,233,Monday,August
4/19/2020,14,15,Wind,Spring,2914,110,Sunday,April
7/12/2021,9,10,Wind,Summer,2663,193,Monday,July
1/3/2022,7,8,Wind,Winter,9393,3,Monday,January
11/10/2020,6,7,Wind,Fall,486,315,Tuesday,November
2/3/2025,23,0,Wind,Winter,1883,34,Monday,February
3/31/2025,0,1,Wind,Spring,4280,90,Monday,March
7/12/2024,17,18,Wind,Summer,8243,194,Friday,July
6/14/2024,17,18,Wind,Summer,12714,166,Friday,June
9/21/2025,11,12,Solar,Fall,3451,264,Sunday,September
5/16/2021,23,0,Wind,Spring,9508,136,Sunday,May
3/7/2022,5,6,Wind,Spring,6815,66,Monday,March
8/10/2022,10,11,Solar,Summer,6251,222,Wednesday,August
3/7/2023,5,6,Wind,Spring,5865,66,Tuesday,March
3/14/2025,15,16,Wind,Spring,7686,73,Friday,March
10/4/2024,7,8,Wind,Fall,4180,278,Friday,October
12/15/2022,22,23,Wind,Winter,7205,349,Thursday,December
9/3/2020,0,1,Wind,Fall,931,247,Thursday,September
6/17/2022,21,22,Wind,Summer,1078,168,Friday,June
12/21/2023,18,19,Wind,Winter,17520,355,Thursday,December
3/2/2023,14,15,Solar,Spring,6558,61,Thursday,March
8/4/2024,20,21,Wind,Summer,1620,217,Sunday,August
12/29/2024,21,22,Wind,Winter,548,364,Sunday,December
11/14/2024,1,2,Wind,Fall,3831,319,Thursday,November
8/4/2022,9,10,Solar,Summer,3343,216,Thursday,August
4/26/2022,0,1,Wind,Spring,2101,116,Tuesday,April
5/16/2022,5,6,Wind,Spring,5648,136,Monday,May
1/9/2020,16,17,Wind,Winter,10435,9,Thursday,January
11/24/2022,14,15,Wind,Fall,9150,328,Thursday,November
1/20/2024,23,0,Wind,Winter,10670,20,Saturday,January
3/14/2020,22,23,Wind,Spring,3349,74,Saturday,March
3/10/2020,22,23,Wind,Spring,11030,70,Tuesday,March
5/26/2024,2,3,Wind,Spring,4508,147,Sunday,May
8/13/2023,1,2,Wind,Summer,1162,225,Sunday,August
3/28/2022,6,7,Wind,Spring,1606,87,Monday,March
10/12/2020,14,15,Solar,Fall,4590,286,Monday,October
10/22/2024,10,11,Solar,Fall,3182,296,Tuesday,October
10/19/2020,11,12,Solar,Fall,5009,293,Monday,October
9/12/2021,21,22,Wind,Fall,1376,255,Sunday,September
7/17/2024,3,4,Wind,Summer,2046,199,Wednesday,July
8/17/2024,1,2,Wind,Summer,1571,230,Saturday,August
8/13/2023,16,17,Solar,Summer,7801,225,Sunday,August
6/28/2024,2,3,Wind,Summer,3695,180,Friday,June
2/6/2022,4,5,Wind,Winter,13477,37,Sunday,February
3/31/2021,10,11,Solar,Spring,4010,90,Wednesday,March
10/25/2023,11,12,Wind,Fall,11630,298,Wednesday,October
7/23/2024,23,0,Wind,Summer,2067,205,Tuesday,July
3/18/2023,3,4,Wind,Spring,7204,77,Saturday,March
12/5/2024,23,0,Wind,Winter,18205,340,Thursday,December
1/8/2024,2,3,Wind,Winter,11508,8,Monday,January
6/11/2020,8,9,Wind,Summer,2692,163,Thursday,June
6/6/2025,22,23,Wind,Summer,4429,157,Friday,June
6/2/2021,23,0,Wind,Summer,2032,153,Wednesday,June
9/21/2020,21,22,Wind,Fall,1334,265,Monday,September
9/2/2025,23,0,Wind,Fall,11315,245,Tuesday,September
9/21/2025,20,21,Wind,Fall,4453,264,Sunday,September
8/9/2021,10,11,Wind,Summer,6015,221,Monday,August
3/16/2021,2,3,Wind,Spring,3997,75,Tuesday,March
10/18/2022,13,14,Solar,Fall,5899,291,Tuesday,October
12/26/2021,12,13,Wind,Winter,4600,360,Sunday,December
7/27/2024,2,3,Wind,Summer,455,209,Saturday,July
9/11/2020,9,10,Solar,Fall,1917,255,Friday,September
9/13/2020,19,20,Wind,Fall,705,257,Sunday,September
8/15/2023,17,18,Solar,Summer,4625,227,Tuesday,August
7/29/2021,5,6,Wind,Summer,4205,210,Thursday,July
5/19/2024,2,3,Wind,Spring,552,140,Sunday,May
3/30/2023,7,8,Wind,Spring,11130,89,Thursday,March
7/10/2025,16,17,Solar,Summer,11067,191,Thursday,July
8/9/2025,4,5,Wind,Summer,1139,221,Saturday,August
11/1/2023,18,19,Wind,Fall,12788,305,Wednesday,November
6/12/2024,20,21,Wind,Summer,2252,164,Wednesday,June
9/20/2025,5,6,Wind,Fall,6560,263,Saturday,September
5/1/2020,0,1,Wind,Spring,7535,122,Friday,May
1/21/2020,11,12,Wind,Winter,2976,21,Tuesday,January
6/29/2025,6,7,Wind,Summer,2536,180,Sunday,June
10/12/2020,6,7,Wind,Fall,2120,286,Monday,October
7/25/2024,12,13,Solar,Summer,9805,207,Thursday,July
6/5/2023,13,14,Solar,Summer,9739,156,Monday,June
6/9/2023,7,8,Wind,Summer,4688,160,Friday,June
9/4/2025,21,22,Wind,Fall,6077,247,Thursday,September
5/11/2024,23,0,Wind,Spring,4091,132,Saturday,May
3/24/2025,10,11,Solar,Spring,5051,83,Monday,March
7/26/2023,7,8,Wind,Summer,2889,207,Wednesday,July
8/6/2024,20,21,Wind,Summer,2592,219,Tuesday,August
4/22/2025,5,6,Wind,Spring,1421,112,Tuesday,April
8/27/2024,11,12,Solar,Summer,8753,240,Tuesday,August
7/11/2021,15,16,Solar,Summer,4877,192,Sunday,July
11/11/2021,7,8,Wind,Fall,1001,315,Thursday,November
2/25/2025,0,1,Wind,Winter,4530,56,Tuesday,February
4/2/2025,11,12,Wind,Spring,18987,92,Wednesday,April
7/22/2020,6,7,Wind,Summer,3797,204,Wednesday,July
2/5/2020,16,17,Wind,Winter,2504,36,Wednesday,February
3/30/2020,20,21,Wind,Spring,8073,90,Monday,March
5/11/2020,4,5,Wind,Spring,9699,132,Monday,May
11/5/2021,2,3,Wind,Fall,3405,309,Friday,November
8/30/2020,3,4,Wind,Summer,3012,243,Sunday,August
9/8/2025,21,22,Wind,Fall,2307,251,Monday,September
3/4/2022,8,9,Wind,Spring,3630,63,Friday,March
8/6/2022,2,3,Wind,Summer,5462,218,Saturday,August
12/13/2024,19,20,Wind,Winter,698,348,Friday,December
12/31/2023,17,18,Wind,Winter,17198,365,Sunday,December
9/4/2025,9,10,Wind,Fall,9465,247,Thursday,September
2/25/2025,9,10,Wind,Winter,8542,56,Tuesday,February
3/18/2022,11,12,Wind,Spring,12613,77,Friday,March
3/19/2025,14,15,Solar,Spring,12452,78,Wednesday,March
8/7/2022,0,1,Wind,Summer,7995,219,Sunday,August
3/24/2025,4,5,Wind,Spring,747,83,Monday,March
12/22/2020,11,12,Wind,Winter,9500,357,Tuesday,December
5/5/2020,22,23,Wind,Spring,2517,126,Tuesday,May
12/14/2024,7,8,Wind,Winter,2252,349,Saturday,December
2/3/2023,21,22,Wind,Winter,4534,34,Friday,February
11/12/2022,8,9,Wind,Fall,4144,316,Saturday,November
7/18/2024,11,12,Solar,Summer,7522,200,Thursday,July
3/9/2020,6,7,Wind,Spring,6476,69,Monday,March
6/28/2021,12,13,Solar,Summer,4142,179,Monday,June
3/24/2022,11,12,Solar,Spring,6783,83,Thursday,March
1/3/2020,8,9,Wind,Winter,9177,3,Friday,January
5/2/2025,20,21,Wind,Spring,3054,122,Friday,May
11/23/2022,10,11,Wind,Fall,12239,327,Wednesday,November
11/3/2023,4,5,Wind,Fall,9640,307,Friday,November
4/9/2024,23,0,Wind,Spring,8241,100,Tuesday,April
5/16/2021,19,20,Wind,Spring,9726,136,Sunday,May
2/14/2025,5,6,Wind,Winter,5166,45,Friday,February
10/23/2022,14,15,Wind,Fall,13158,296,Sunday,October
12/14/2022,17,18,Wind,Winter,2357,348,Wednesday,December
7/31/2024,16,17,Solar,Summer,6848,213,Wednesday,July
1/15/2025,0,1,Wind,Winter,2675,15,Wednesday,January
11/21/2021,21,22,Wind,Fall,5308,325,Sunday,November
11/12/2023,5,6,Wind,Fall,7747,316,Sunday,November
11/10/2021,19,20,Wind,Fall,1095,314,Wednesday,November
10/30/2022,15,16,Wind,Fall,4128,303,Sunday,October
1/12/2021,13,14,Wind,Winter,11705,12,Tuesday,January
11/17/2023,5,6,Wind,Fall,4471,321,Friday,November
7/3/2022,8,9,Solar,Summer,2588,184,Sunday,July
3/9/2021,17,18,Wind,Spring,3112,68,Tuesday,March
3/17/2023,10,11,Wind,Spring,9438,76,Friday,March
4/1/2025,5,6,Wind,Spring,10726,91,Tuesday,April
3/28/2020,2,3,Wind,Spring,2228,88,Saturday,March
1/29/2022,4,5,Wind,Winter,5616,29,Saturday,January
2/11/2023,1,2,Wind,Winter,2311,42,Saturday,February
5/19/2020,22,23,Wind,Spring,3873,140,Tuesday,May
5/8/2023,20,21,Wind,Spring,1613,128,Monday,May
4/23/2021,9,10,Solar,Spring,4703,113,Friday,April
10/13/2025,19,20,Wind,Fall,6779,286,Monday,October
1/8/2020,12,13,Wind,Winter,5049,8,Wednesday,January
11/13/2023,4,5,Wind,Fall,10748,317,Monday,November
6/30/2021,5,6,Wind,Summer,2072,181,Wednesday,June
8/28/2023,3,4,Wind,Summer,3728,240,Monday,August
9/2/2021,16,17,Wind,Fall,6041,245,Thursday,September
3/31/2022,7,8,Wind,Spring,5596,90,Thursday,March
1/14/2023,14,15,Wind,Winter,18425,14,Saturday,January
12/10/2020,17,18,Wind,Winter,3945,345,Thursday,December
1/6/2025,8,9,Wind,Winter,18841,6,Monday,January
2/5/2024,14,15,Wind,Winter,9758,36,Monday,February
11/4/2024,14,15,Solar,Fall,4760,309,Monday,November
11/10/2022,4,5,Wind,Fall,3540,314,Thursday,November
7/14/2020,9,10,Solar,Summer,2423,196,Tuesday,July
9/17/2020,0,1,Wind,Fall,4803,261,Thursday,September
7/12/2021,15,16,Solar,Summer,4724,193,Monday,July
5/22/2020,10,11,Solar,Spring,5050,143,Friday,May
1/18/2021,14,15,Wind,Winter,5818,18,Monday,January
9/22/2022,22,23,Wind,Fall,613,265,Thursday,September
2/22/2021,7,8,Wind,Winter,6262,53,Monday,February
3/22/2020,8,9,Wind,Spring,8856,82,Sunday,March
10/12/2020,9,10,Wind,Fall,2453,286,Monday,October
4/19/2025,15,16,Wind,Spring,4612,109,Saturday,April
8/25/2025,22,23,Wind,Summer,1411,237,Monday,August
4/20/2022,4,5,Wind,Spring,4490,110,Wednesday,April
12/9/2020,14,15,Wind,Winter,2985,344,Wednesday,December
7/22/2020,14,15,Solar,Summer,4307,204,Wednesday,July
5/21/2023,5,6,Wind,Spring,5032,141,Sunday,May
1/22/2022,6,7,Wind,Winter,2925,22,Saturday,January
12/1/2021,11,12,Wind,Winter,12759,335,Wednesday,December
1/11/2021,2,3,Wind,Winter,1886,11,Monday,January
3/9/2020,5,6,Wind,Spring,7030,69,Monday,March
2/26/2024,16,17,Wind,Winter,13709,57,Monday,February
3/7/2022,18,19,Wind,Spring,5870,66,Monday,March
10/11/2021,10,11,Solar,Fall,4324,284,Monday,October
9/1/2025,13,14,Wind,Fall,12704,244,Monday,September
10/2/2020,22,23,Wind,Fall,3285,276,Friday,October
12/20/2024,11,12,Wind,Winter,8847,355,Friday,December
8/7/2022,15,16,Solar,Summer,10239,219,Sunday,August
2/7/2024,13,14,Wind,Winter,17700,38,Wednesday,February
6/4/2020,16,17,Wind,Summer,6146,156,Thursday,June
10/13/2021,7,8,Wind,Fall,2432,286,Wednesday,October
2/9/2020,1,2,Wind,Winter,8445,40,Sunday,February
2/21/2022,22,23,Wind,Winter,10192,52,Monday,February
3/3/2024,5,6,Wind,Spring,3260,63,Sunday,March
7/17/2025,4,5,Wind,Summer,1257,198,Thursday,July
2/23/2024,16,17,Wind,Winter,12084,54,Friday,February
3/7/2025,23,0,Wind,Spring,10966,66,Friday,March
12/15/2023,20,21,Wind,Winter,1834,349,Friday,December
9/24/2025,1,2,Wind,Fall,7488,267,Wednesday,September
8/3/2025,8,9,Solar,Summer,4235,215,Sunday,August
11/20/2025,17,18,Wind,Fall,3840,324,Thursday,November
9/11/2020,8,9,Wind,Fall,1169,255,Friday,September
11/2/2025,6,7,Wind,Fall,8973,306,Sunday,November
9/22/2022,15,16,Solar,Fall,5500,265,Thursday,September
5/23/2020,15,16,Wind,Spring,8605,144,Saturday,May
12/20/2022,0,1,Wind,Winter,13706,354,Tuesday,December
11/22/2024,0,1,Wind,Fall,5864,327,Friday,November
11/13/2022,3,4,Wind,Fall,2267,317,Sunday,November
4/19/2021,10,11,Solar,Spring,3728,109,Monday,April
7/4/2024,6,7,Wind,Summer,7129,186,Thursday,July
6/26/2023,21,22,Wind,Summer,3874,177,Monday,June
10/22/2023,21,22,Wind,Fall,2996,295,Sunday,October
1/16/2022,13,14,Solar,Winter,5824,16,Sunday,January
9/7/2020,23,0,Wind,Fall,1722,251,Monday,September
5/23/2022,7,8,Wind,Spring,3621,143,Monday,May
10/4/2025,1,2,Wind,Fall,16699,277,Saturday,October
12/10/2020,20,21,Wind,Winter,6025,345,Thursday,December
5/1/2021,6,7,Wind,Spring,1335,121,Saturday,May
6/11/2021,19,20,Wind,Summer,2701,162,Friday,June
1/1/2024,10,11,Wind,Winter,12702,1,Monday,January
5/9/2023,10,11,Wind,Spring,5818,129,Tuesday,May
1/12/2022,15,16,Solar,Winter,3844,12,Wednesday,January
11/12/2023,3,4,Wind,Fall,7217,316,Sunday,November
11/2/2022,1,2,Wind,Fall,10172,306,Wednesday,November
9/8/2020,13,14,Solar,Fall,4412,252,Tuesday,September
4/16/2021,0,1,Wind,Spring,6013,106,Friday,April
11/15/2022,2,3,Wind,Fall,6725,319,Tuesday,November
12/23/2022,19,20,Wind,Winter,13142,357,Friday,December
4/13/2022,9,10,Solar,Spring,2030,103,Wednesday,April
4/21/2023,15,16,Solar,Spring,7766,111,Friday,April
3/3/2025,20,21,Wind,Spring,3662,62,Monday,March
11/11/2022,11,12,Solar,Fall,6178,315,Friday,November
6/10/2023,19,20,Wind,Summer,2892,161,Saturday,June
8/25/2021,1,2,Wind,Summer,6301,237,Wednesday,August
2/4/2022,22,23,Wind,Winter,5142,35,Friday,February
2/3/2020,3,4,Wind,Winter,8082,34,Monday,February
3/24/2021,9,10,Solar,Spring,3598,83,Wednesday,March
4/25/2021,1,2,Wind,Spring,8643,115,Sunday,April
6/15/2024,17,18,Wind,Summer,9554,167,Saturday,June
1/7/2020,15,16,Wind,Winter,4202,7,Tuesday,January
3/25/2021,5,6,Wind,Spring,1803,84,Thursday,March
4/11/2021,4,5,Wind,Spring,4909,101,Sunday,April
12/25/2022,14,15,Wind,Winter,9014,359,Sunday,December
9/9/2025,19,20,Wind,Fall,2515,252,Tuesday,September
6/28/2020,2,3,Wind,Summer,5007,180,Sunday,June
4/29/2022,3,4,Wind,Spring,3276,119,Friday,April
4/8/2023,7,8,Wind,Spring,3945,98,Saturday,April
3/19/2023,6,7,Wind,Spring,2707,78,Sunday,March
3/23/2020,8,9,Wind,Spring,8097,83,Monday,March
7/4/2023,21,22,Wind,Summer,7479,185,Tuesday,July
9/2/2021,6,7,Wind,Fall,5757,245,Thursday,September
5/1/2024,4,5,Wind,Spring,1919,122,Wednesday,May
8/10/2024,8,9,Solar,Summer,2611,223,Saturday,August
4/6/2024,4,5,Wind,Spring,13920,97,Saturday,April
7/28/2020,15,16,Wind,Summer,7320,210,Tuesday,July
9/12/2023,14,15,Solar,Fall,4847,255,Tuesday,September
6/20/2022,7,8,Wind,Summer,3854,171,Monday,June
4/30/2024,4,5,Wind,Spring,3211,121,Tuesday,April
7/19/2021,8,9,Wind,Summer,3621,200,Monday,July
11/2/2024,5,6,Wind,Fall,2593,307,Saturday,November
10/23/2023,1,2,Wind,Fall,4629,296,Monday,October
11/8/2025,22,23,Wind,Fall,2972,312,Saturday,November
7/17/2022,7,8,Wind,Summer,4452,198,Sunday,July
8/21/2023,18,19,Solar,Summer,2986,233,Monday,August
4/14/2022,19,20,Wind,Spring,1781,104,Thursday,April
11/2/2023,14,15,Wind,Fall,16663,306,Thursday,November
3/11/2024,1,2,Wind,Spring,3569,71,Monday,March
5/19/2025,4,5,Wind,Spring,5554,139,Monday,May
8/18/2023,8,9,Wind,Summer,2753,230,Friday,August
1/24/2021,15,16,Wind,Winter,9368,24,Sunday,January
11/4/2025,19,20,Wind,Fall,14722,308,Tuesday,November
1/2/2025,17,18,Wind,Winter,2940,2,Thursday,January
11/7/2022,13,14,Wind,Fall,14582,311,Monday,November
6/21/2022,17,18,Solar,Summer,4256,172,Tuesday,June
10/23/2025,10,11,Wind,Fall,21130,296,Thursday,October
12/4/2021,5,6,Wind,Winter,8479,338,Saturday,December
6/30/2025,3,4,Wind,Summer,4201,181,Monday,June
11/6/2022,20,21,Wind,Fall,11082,310,Sunday,November
10/22/2021,15,16,Wind,Fall,7563,295,Friday,October
9/26/2024,17,18,Wind,Fall,18099,270,Thursday,September
11/10/2025,7,8,Wind,Fall,7424,314,Monday,November
12/14/2023,3,4,Wind,Winter,7386,348,Thursday,December
1/30/2025,15,16,Wind,Winter,7524,30,Thursday,January
12/26/2020,6,7,Wind,Winter,2946,361,Saturday,December
9/22/2025,17,18,Wind,Fall,8345,265,Monday,September
12/10/2024,1,2,Wind,Winter,10950,345,Tuesday,December
12/1/2020,4,5,Wind,Winter,7384,336,Tuesday,December
9/23/2021,2,3,Wind,Fall,1187,266,Thursday,September
7/17/2022,14,15,Solar,Summer,8450,198,Sunday,July
7/20/2020,17,18,Solar,Summer,4972,202,Monday,July
9/10/2023,8,9,Wind,Fall,3618,253,Sunday,September
7/10/2023,12,13,Solar,Summer,8155,191,Monday,July
2/10/2021,10,11,Wind,Winter,8366,41,Wednesday,February
1/29/2020,16,17,Wind,Winter,5091,29,Wednesday,January
9/16/2025,1,2,Wind,Fall,12139,259,Tuesday,September
11/29/2020,23,0,Wind,Fall,1854,334,Sunday,November
9/20/2022,10,11,Solar,Fall,4950,263,Tuesday,September
8/22/2020,8,9,Wind,Summer,5453,235,Saturday,August
1/9/2022,2,3,Wind,Winter,13974,9,Sunday,January
6/4/2020,1,2,Wind,Summer,2997,156,Thursday,June
11/4/2021,18,19,Wind,Fall,3557,308,Thursday,November
1/14/2023,17,18,Wind,Winter,15699,14,Saturday,January
2/21/2021,18,19,Wind,Winter,6413,52,Sunday,February
5/2/2021,21,22,Wind,Spring,919,122,Sunday,May
5/30/2025,4,5,Wind,Spring,790,150,Friday,May
2/8/2024,15,16,Wind,Winter,17063,39,Thursday,February
3/22/2023,7,8,Wind,Spring,10725,81,Wednesday,March
4/22/2023,3,4,Wind,Spring,4253,112,Saturday,April
3/27/2024,14,15,Wind,Spring,15606,87,Wednesday,March
12/25/2020,10,11,Wind,Winter,6831,360,Friday,December
12/24/2023,4,5,Wind,Winter,10062,358,Sunday,December
5/24/2024,13,14,Solar,Spring,5499,145,Friday,May
4/28/2020,18,19,Wind,Spring,7447,119,Tuesday,April
8/20/2025,22,23,Wind,Summer,3508,232,Wednesday,August
1/24/2022,1,2,Wind,Winter,3310,24,Monday,January
4/20/2023,16,17,Wind,Spring,9461,110,Thursday,April
9/2/2020,22,23,Wind,Fall,1225,246,Wednesday,September
9/2/2023,20,21,Wind,Fall,2344,245,Saturday,September
9/10/2020,10,11,Solar,Fall,2771,254,Thursday,September
8/22/2025,18,19,Solar,Summer,5766,234,Friday,August
5/24/2023,9,10,Solar,Spring,6816,144,Wednesday,May
1/11/2025,9,10,Wind,Winter,2854,11,Saturday,January
2/28/2024,0,1,Wind,Winter,4724,59,Wednesday,February
3/6/2020,14,15,Wind,Spring,8581,66,Friday,March
8/18/2020,18,19,Wind,Summer,3539,231,Tuesday,August
2/18/2022,3,4,Wind,Winter,9335,49,Friday,February
9/3/2021,14,15,Solar,Fall,3775,246,Friday,September
3/24/2020,23,0,Wind,Spring,7447,84,Tuesday,March
8/25/2024,20,21,Wind,Summer,2137,238,Sunday,August
10/22/2021,0,1,Wind,Fall,2121,295,Friday,October
7/17/2021,19,20,Wind,Summer,5398,198,Saturday,July
10/30/2022,8,9,Wind,Fall,5100,303,Sunday,October
3/9/2021,15,16,Solar,Spring,5136,68,Tuesday,March
6/23/2020,1,2,Wind,Summer,2034,175,Tuesday,June
4/22/2023,1,2,Wind,Spring,4008,112,Saturday,April
7/12/2024,12,13,Solar,Summer,7573,194,Friday,July
9/5/2024,22,23,Wind,Fall,700,249,Thursday,September
4/16/2021,1,2,Wind,Spring,5880,106,Friday,April
5/17/2022,2,3,Wind,Spring,2321,137,Tuesday,May
10/1/2024,23,0,Wind,Fall,4747,275,Tuesday,October
9/27/2021,8,9,Wind,Fall,6867,270,Monday,September
4/3/2020,8,9,Wind,Spring,2170,94,Friday,April
1/17/2023,23,0,Wind,Winter,4827,17,Tuesday,January
11/7/2024,13,14,Solar,Fall,5149,312,Thursday,November
3/31/2020,1,2,Wind,Spring,6769,91,Tuesday,March
3/28/2020,22,23,Wind,Spring,11081,88,Saturday,March
9/14/2024,12,13,Solar,Fall,10121,258,Saturday,September
10/18/2025,16,17,Solar,Fall,7924,291,Saturday,October
10/31/2021,17,18,Wind,Fall,10469,304,Sunday,October
4/28/2022,15,16,Solar,Spring,7312,118,Thursday,April
1/24/2024,19,20,Wind,Winter,6892,24,Wednesday,January
6/24/2021,22,23,Wind,Summer,1974,175,Thursday,June
12/11/2023,16,17,Wind,Winter,6768,345,Monday,December
1/27/2024,11,12,Solar,Winter,5814,27,Saturday,January
8/15/2022,14,15,Solar,Summer,8036,227,Monday,August
1/29/2021,3,4,Wind,Winter,13907,29,Friday,January
9/5/2020,1,2,Wind,Fall,2121,249,Saturday,September
8/12/2024,16,17,Solar,Summer,8871,225,Monday,August
1/26/2021,13,14,Wind,Winter,5482,26,Tuesday,January
4/11/2025,20,21,Wind,Spring,4837,101,Friday,April
7/11/2025,11,12,Solar,Summer,11758,192,Friday,July
5/16/2025,13,14,Solar,Spring,7092,136,Friday,May
10/25/2025,16,17,Wind,Fall,9821,298,Saturday,October
1/31/2021,22,23,Wind,Winter,5906,31,Sunday,January
5/25/2025,13,14,Wind,Spring,9581,145,Sunday,May
7/5/2022,9,10,Solar,Summer,4126,186,Tuesday,July
11/19/2020,9,10,Wind,Fall,9061,324,Thursday,November
10/18/2022,22,23,Wind,Fall,5538,291,Tuesday,October
1/15/2023,3,4,Wind,Winter,10240,15,Sunday,January
5/2/2022,20,21,Wind,Spring,3792,122,Monday,May
10/8/2020,3,4,Wind,Fall,6421,282,Thursday,October
11/24/2023,1,2,Wind,Fall,8505,328,Friday,November
5/17/2020,10,11,Solar,Spring,4507,138,Sunday,May
3/18/2022,3,4,Wind,Spring,6998,77,Friday,March
10/28/2023,22,23,Wind,Fall,16635,301,Saturday,October
5/19/2021,2,3,Wind,Spring,3258,139,Wednesday,May
7/17/2022,20,21,Wind,Summer,2312,198,Sunday,July
7/22/2023,11,12,Solar,Summer,10194,203,Saturday,July
11/12/2024,13,14,Wind,Fall,13235,317,Tuesday,November
3/27/2022,9,10,Wind,Spring,4841,86,Sunday,March
4/5/2022,17,18,Wind,Spring,9675,95,Tuesday,April
8/29/2023,20,21,Wind,Summer,1992,241,Tuesday,August
6/23/2025,22,23,Wind,Summer,3779,174,Monday,June
2/9/2020,20,21,Wind,Winter,11896,40,Sunday,February
1/5/2023,6,7,Wind,Winter,7965,5,Thursday,January
9/15/2023,20,21,Wind,Fall,3195,258,Friday,September
9/15/2023,23,0,Wind,Fall,4953,258,Friday,September
11/14/2020,15,16,Wind,Fall,8436,319,Saturday,November
2/11/2022,17,18,Wind,Winter,2107,42,Friday,February
2/20/2025,4,5,Wind,Winter,7070,51,Thursday,February
6/28/2025,8,9,Solar,Summer,3941,179,Saturday,June
8/6/2022,4,5,Wind,Summer,5611,218,Saturday,August
5/24/2020,23,0,Wind,Spring,2435,145,Sunday,May
6/13/2025,23,0,Wind,Summer,5332,164,Friday,June
5/3/2025,16,17,Solar,Spring,10481,123,Saturday,May
11/22/2024,7,8,Wind,Fall,9522,327,Friday,November
8/22/2021,9,10,Wind,Summer,4991,234,Sunday,August
1/10/2023,12,13,Wind,Winter,15075,10,Tuesday,January
6/21/2021,4,5,Wind,Summer,2933,172,Monday,June
9/20/2022,17,18,Solar,Fall,5469,263,Tuesday,September
1/27/2021,17,18,Wind,Winter,3743,27,Wednesday,January
9/23/2020,9,10,Wind,Fall,4073,267,Wednesday,September
4/8/2020,18,19,Solar,Spring,1595,99,Wednesday,April
10/9/2024,7,8,Wind,Fall,8883,283,Wednesday,October
5/7/2025,0,1,Wind,Spring,9348,127,Wednesday,May
9/14/2023,21,22,Wind,Fall,1857,257,Thursday,September
2/11/2020,5,6,Wind,Winter,11769,42,Tuesday,February
1/17/2020,12,13,Wind,Winter,8804,17,Friday,January
3/24/2025,14,15,Solar,Spring,6048,83,Monday,March
8/7/2024,10,11,Solar,Summer,5496,220,Wednesday,August
5/15/2025,1,2,Wind,Spring,6358,135,Thursday,May
3/22/2023,6,7,Wind,Spring,9994,81,Wednesday,March
11/26/2020,16,17,Wind,Fall,1476,331,Thursday,November
5/13/2020,20,21,Wind,Spring,7492,134,Wednesday,May
3/18/2025,1,2,Wind,Spring,12131,77,Tuesday,March
11/6/2025,10,11,Wind,Fall,6247,310,Thursday,November
8/19/2021,3,4,Wind,Summer,1695,231,Thursday,August
2/23/2020,4,5,Wind,Winter,9644,54,Sunday,February
4/23/2025,3,4,Wind,Spring,6268,113,Wednesday,April
5/10/2022,2,3,Wind,Spring,1193,130,Tuesday,May
12/1/2023,20,21,Wind,Winter,5060,335,Friday,December
7/21/2021,2,3,Wind,Summer,2864,202,Wednesday,July
9/23/2022,5,6,Wind,Fall,546,266,Friday,September
1/3/2023,10,11,Wind,Winter,6763,3,Tuesday,January
12/7/2024,22,23,Wind,Winter,17557,342,Saturday,December
3/28/2022,3,4,Wind,Spring,1693,87,Monday,March
10/7/2020,10,11,Wind,Fall,6946,281,Wednesday,October
8/23/2022,21,22,Wind,Summer,736,235,Tuesday,August
5/27/2023,20,21,Wind,Spring,3594,147,Saturday,May
10/10/2023,20,21,Wind,Fall,2170,283,Tuesday,October
5/17/2025,4,5,Wind,Spring,4673,137,Saturday,May
5/21/2020,21,22,Wind,Spring,660,142,Thursday,May
3/15/2023,7,8,Wind,Spring,2413,74,Wednesday,March
12/14/2024,10,11,Wind,Winter,3475,349,Saturday,December
1/19/2025,14,15,Solar,Winter,3805,19,Sunday,January
12/29/2021,1,2,Wind,Winter,9126,363,Wednesday,December
1/29/2025,1,2,Wind,Winter,17602,29,Wednesday,January
1/22/2024,2,3,Wind,Winter,16724,22,Monday,January
8/21/2023,8,9,Solar,Summer,2472,233,Monday,August
9/16/2022,21,22,Wind,Fall,5135,259,Friday,September
4/21/2023,7,8,Wind,Spring,3141,111,Friday,April
4/22/2023,15,16,Wind,Spring,9856,112,Saturday,April
11/5/2021,22,23,Wind,Fall,2244,309,Friday,November
12/23/2024,6,7,Wind,Winter,16444,358,Monday,December
3/9/2022,17,18,Wind,Spring,5318,68,Wednesday,March
8/10/2025,23,0,Wind,Summer,7903,222,Sunday,August
2/17/2023,1,2,Wind,Winter,7099,48,Friday,February
8/29/2020,18,19,Wind,Summer,4957,242,Saturday,August
8/29/2025,9,10,Wind,Summer,13975,241,Friday,August
2/5/2021,7,8,Wind,Winter,1837,36,Friday,February
5/13/2020,10,11,Wind,Spring,5295,134,Wednesday,May
1/27/2024,1,2,Wind,Winter,1993,27,Saturday,January
2/13/2025,8,9,Wind,Winter,1808,44,Thursday,February
3/10/2022,20,21,Wind,Spring,6268,69,Thursday,March
7/2/2022,4,5,Wind,Summer,780,183,Saturday,July
2/11/2022,21,22,Wind,Winter,2877,42,Friday,February
12/18/2022,16,17,Wind,Winter,9972,352,Sunday,December
4/7/2023,14,15,Solar,Spring,8432,97,Friday,April
1/9/2025,12,13,Wind,Winter,13546,9,Thursday,January
12/19/2020,23,0,Wind,Winter,5475,354,Saturday,December
2/18/2022,12,13,Wind,Winter,18336,49,Friday,February
10/16/2025,7,8,Wind,Fall,5067,289,Thursday,October
9/29/2020,23,0,Wind,Fall,648,273,Tuesday,September
8/17/2025,3,4,Wind,Summer,5689,229,Sunday,August
9/29/2022,10,11,Solar,Fall,3096,272,Thursday,September
4/22/2024,22,23,Wind,Spring,4627,113,Monday,April
7/3/2025,23,0,Wind,Summer,6293,184,Thursday,July
10/1/2020,10,11,Wind,Fall,6509,275,Thursday,October
2/24/2024,2,3,Wind,Winter,7042,55,Saturday,February
6/26/2024,23,0,Wind,Summer,1220,178,Wednesday,June
11/17/2022,11,12,Wind,Fall,15564,321,Thursday,November
8/23/2022,1,2,Wind,Summer,1180,235,Tuesday,August
3/8/2025,12,13,Wind,Spring,14394,67,Saturday,March
4/25/2020,6,7,Wind,Spring,1918,116,Saturday,April
3/29/2025,13,14,Wind,Spring,14163,88,Saturday,March
3/20/2021,1,2,Wind,Spring,6045,79,Saturday,March
3/26/2021,14,15,Wind,Spring,11408,85,Friday,March
4/25/2023,0,1,Wind,Spring,2929,115,Tuesday,April
10/16/2020,7,8,Wind,Fall,2998,290,Friday,October
7/15/2022,15,16,Solar,Summer,7499,196,Friday,July
8/28/2023,4,5,Wind,Summer,3258,240,Monday,August
1/9/2024,0,1,Wind,Winter,4857,9,Tuesday,January
11/5/2025,15,16,Wind,Fall,12356,309,Wednesday,November
12/14/2020,22,23,Wind,Winter,6487,349,Monday,December
7/31/2022,23,0,Wind,Summer,3161,212,Sunday,July
1/14/2023,20,21,Wind,Winter,13584,14,Saturday,January
4/13/2020,16,17,Wind,Spring,11122,104,Monday,April
2/26/2024,13,14,Wind,Winter,14168,57,Monday,February
9/3/2020,6,7,Wind,Fall,1674,247,Thursday,September
12/21/2020,16,17,Wind,Winter,11318,356,Monday,December
4/24/2023,0,1,Wind,Spring,9557,114,Monday,April
4/30/2023,20,21,Wind,Spring,1754,120,Sunday,April
8/27/2021,10,11,Solar,Summer,5627,239,Friday,August
9/16/2022,11,12,Solar,Fall,6902,259,Friday,September
11/21/2025,1,2,Wind,Fall,4563,325,Friday,November
9/22/2022,13,14,Solar,Fall,6248,265,Thursday,September
6/26/2021,18,19,Solar,Summer,2918,177,Saturday,June
5/24/2023,21,22,Wind,Spring,6974,144,Wednesday,May
7/21/2020,19,20,Wind,Summer,3934,203,Tuesday,July
8/8/2021,12,13,Wind,Summer,9302,220,Sunday,August
3/5/2021,12,13,Wind,Spring,9127,64,Friday,March
7/28/2022,23,0,Wind,Summer,1995,209,Thursday,July
8/6/2023,1,2,Wind,Summer,13743,218,Sunday,August
12/2/2022,15,16,Wind,Winter,3878,336,Friday,December
10/11/2023,17,18,Wind,Fall,6965,284,Wednesday,October
11/20/2022,1,2,Wind,Fall,4543,324,Sunday,November
7/15/2023,10,11,Wind,Summer,11920,196,Saturday,July
2/9/2023,10,11,Solar,Winter,4291,40,Thursday,February
3/11/2024,14,15,Wind,Spring,10464,71,Monday,March
2/28/2023,17,18,Wind,Winter,7747,59,Tuesday,February
7/19/2022,0,1,Wind,Summer,5843,200,Tuesday,July
3/24/2022,23,0,Wind,Spring,5843,83,Thursday,March
7/31/2021,2,3,Wind,Summer,5229,212,Saturday,July
2/1/2025,5,6,Wind,Winter,3211,32,Saturday,February
8/29/2020,10,11,Wind,Summer,3727,242,Saturday,August
1/21/2021,3,4,Wind,Winter,12756,21,Thursday,January
7/3/2022,3,4,Wind,Summer,1428,184,Sunday,July
9/14/2025,0,1,Wind,Fall,5040,257,Sunday,September
12/22/2021,8,9,Wind,Winter,3172,356,Wednesday,December
2/6/2021,18,19,Wind,Winter,4300,37,Saturday,February
3/9/2020,16,17,Wind,Spring,8263,69,Monday,March
2/5/2022,7,8,Wind,Winter,3579,36,Saturday,February
10/31/2025,20,21,Wind,Fall,14868,304,Friday,October
4/7/2025,18,19,Solar,Spring,5498,97,Monday,April
8/2/2021,2,3,Wind,Summer,1200,214,Monday,August
6/11/2025,17,18,Solar,Summer,8263,162,Wednesday,June
10/25/2022,13,14,Solar,Fall,5679,298,Tuesday,October
10/21/2022,5,6,Wind,Fall,9051,294,Friday,October
10/20/2025,13,14,Wind,Fall,19753,293,Monday,October
8/14/2025,19,20,Wind,Summer,3576,226,Thursday,August
1/30/2024,8,9,Wind,Winter,6919,30,Tuesday,January
7/6/2023,9,10,Solar,Summer,3928,187,Thursday,July
6/8/2020,14,15,Solar,Summer,5620,160,Monday,June
10/7/2021,7,8,Wind,Fall,1491,280,Thursday,October
4/4/2021,4,5,Wind,Spring,5664,94,Sunday,April
11/26/2020,14,15,Solar,Fall,2923,331,Thursday,November
12/30/2024,10,11,Solar,Winter,2306,365,Monday,December
8/30/2022,14,15,Solar,Summer,5938,242,Tuesday,August
7/19/2021,10,11,Solar,Summer,5500,200,Monday,July
7/24/2021,8,9,Wind,Summer,4225,205,Saturday,July
2/21/2021,5,6,Wind,Winter,8883,52,Sunday,February
4/27/2022,2,3,Wind,Spring,5575,117,Wednesday,April
1/4/2023,12,13,Wind,Winter,17318,4,Wednesday,January
7/11/2021,0,1,Wind,Summer,1348,192,Sunday,July
11/4/2025,20,21,Wind,Fall,14429,308,Tuesday,November
9/12/2022,8,9,Wind,Fall,3604,255,Monday,September
9/2/2022,6,7,Wind,Fall,1890,245,Friday,September
5/5/2021,9,10,Wind,Spring,9071,125,Wednesday,May
1/29/2021,19,20,Wind,Winter,11119,29,Friday,January
11/26/2023,22,23,Wind,Fall,5154,330,Sunday,November
11/7/2024,20,21,Wind,Fall,3375,312,Thursday,November
8/3/2021,19,20,Wind,Summer,1828,215,Tuesday,August
4/19/2022,8,9,Wind,Spring,2444,109,Tuesday,April
8/8/2021,14,15,Wind,Summer,9714,220,Sunday,August
1/2/2022,6,7,Wind,Winter,8787,2,Sunday,January
2/5/2024,21,22,Wind,Winter,8276,36,Monday,February
7/11/2021,2,3,Wind,Summer,1192,192,Sunday,July
9/20/2020,21,22,Wind,Fall,2433,264,Sunday,September
11/11/2024,11,12,Wind,Fall,6891,316,Monday,November
7/31/2024,4,5,Wind,Summer,2129,213,Wednesday,July
3/21/2020,0,1,Wind,Spring,7735,81,Saturday,March
10/14/2021,14,15,Solar,Fall,5650,287,Thursday,October
1/19/2025,22,23,Wind,Winter,1188,19,Sunday,January
10/7/2024,13,14,Wind,Fall,6044,281,Monday,October
2/13/2025,2,3,Wind,Winter,1090,44,Thursday,February
6/11/2022,8,9,Solar,Summer,2423,162,Saturday,June
10/25/2023,9,10,Wind,Fall,10380,298,Wednesday,October
3/18/2024,10,11,Solar,Spring,5581,78,Monday,March
9/21/2020,4,5,Wind,Fall,817,265,Monday,September
11/28/2025,7,8,Wind,Fall,7806,332,Friday,November
4/7/2020,4,5,Wind,Spring,1718,98,Tuesday,April
3/2/2020,10,11,Wind,Spring,5353,62,Monday,March
7/23/2020,10,11,Solar,Summer,2720,205,Thursday,July
3/22/2022,23,0,Wind,Spring,4199,81,Tuesday,March
2/22/2023,22,23,Wind,Winter,1437,53,Wednesday,February
10/4/2023,0,1,Wind,Fall,3511,277,Wednesday,October
10/26/2023,17,18,Wind,Fall,4734,299,Thursday,October
2/25/2023,19,20,Wind,Winter,8542,56,Saturday,February
8/28/2024,21,22,Wind,Summer,2163,241,Wednesday,August
11/13/2020,15,16,Wind,Fall,4593,318,Friday,November
4/29/2021,16,17,Solar,Spring,3421,119,Thursday,April
4/15/2024,21,22,Wind,Spring,14523,106,Monday,April
2/17/2024,9,10,Wind,Winter,4037,48,Saturday,February
10/18/2020,22,23,Wind,Fall,912,292,Sunday,October
10/7/2023,10,11,Solar,Fall,6141,280,Saturday,October
7/17/2021,23,0,Wind,Summer,5090,198,Saturday,July
10/30/2022,20,21,Wind,Fall,2069,303,Sunday,October
2/2/2021,10,11,Wind,Winter,11997,33,Tuesday,February
6/25/2020,5,6,Wind,Summer,3558,177,Thursday,June
5/3/2025,17,18,Solar,Spring,9346,123,Saturday,May
11/12/2021,0,1,Wind,Fall,934,316,Friday,November
8/2/2024,11,12,Solar,Summer,6672,215,Friday,August
9/26/2020,20,21,Wind,Fall,8134,270,Saturday,September
9/21/2023,3,4,Wind,Fall,9550,264,Thursday,September
4/23/2022,9,10,Wind,Spring,6361,113,Saturday,April
1/2/2021,18,19,Wind,Winter,1837,2,Saturday,January
12/17/2021,18,19,Wind,Winter,8144,351,Friday,December
11/23/2021,12,13,Wind,Fall,9900,327,Tuesday,November
12/13/2023,1,2,Wind,Winter,9953,347,Wednesday,December
10/27/2024,9,10,Solar,Fall,3309,301,Sunday,October
9/7/2025,1,2,Wind,Fall,6555,250,Sunday,September
8/22/2020,2,3,Wind,Summer,5104,235,Saturday,August
7/30/2022,21,22,Wind,Summer,1951,211,Saturday,July
8/26/2025,8,9,Wind,Summer,5983,238,Tuesday,August
11/1/2020,11,12,Wind,Fall,13574,306,Sunday,November
6/20/2025,10,11,Solar,Summer,8561,171,Friday,June
9/22/2023,12,13,Wind,Fall,11770,265,Friday,September
1/20/2025,5,6,Wind,Winter,1668,20,Monday,January
10/20/2021,5,6,Wind,Fall,10713,293,Wednesday,October
12/20/2020,15,16,Wind,Winter,4461,355,Sunday,December
8/9/2025,19,20,Wind,Summer,5496,221,Saturday,August
11/20/2024,3,4,Wind,Fall,8076,325,Wednesday,November
7/2/2025,17,18,Wind,Summer,11247,183,Wednesday,July
1/23/2020,21,22,Wind,Winter,2993,23,Thursday,January
8/11/2021,3,4,Wind,Summer,704,223,Wednesday,August
6/10/2020,16,17,Solar,Summer,3105,162,Wednesday,June
8/9/2021,6,7,Wind,Summer,2967,221,Monday,August
11/5/2020,20,21,Wind,Fall,8082,310,Thursday,November
4/23/2024,1,2,Wind,Spring,4273,114,Tuesday,April
7/30/2024,23,0,Wind,Summer,2765,212,Tuesday,July
7/23/2022,15,16,Solar,Summer,6571,204,Saturday,July
12/25/2020,1,2,Wind,Winter,6863,360,Friday,December
8/8/2024,1,2,Wind,Summer,1289,221,Thursday,August
12/30/2022,17,18,Wind,Winter,15843,364,Friday,December
2/25/2022,10,11,Wind,Winter,7997,56,Friday,February
10/21/2023,12,13,Wind,Fall,20931,294,Saturday,October
7/21/2021,5,6,Wind,Summer,1927,202,Wednesday,July
11/15/2023,10,11,Wind,Fall,10577,319,Wednesday,November
1/9/2023,17,18,Wind,Winter,13412,9,Monday,January
11/8/2021,7,8,Wind,Fall,1922,312,Monday,November
4/14/2021,22,23,Wind,Spring,5346,104,Wednesday,April
6/27/2021,20,21,Wind,Summer,1366,178,Sunday,June
2/5/2020,17,18,Wind,Winter,1746,36,Wednesday,February
9/17/2021,2,3,Wind,Fall,711,260,Friday,September
12/29/2023,6,7,Wind,Winter,12493,363,Friday,December
12/2/2022,1,2,Wind,Winter,2232,336,Friday,December
7/23/2021,13,14,Solar,Summer,7412,204,Friday,July
1/26/2025,4,5,Wind,Winter,10046,26,Sunday,January
6/3/2022,21,22,Wind,Summer,2859,154,Friday,June
6/23/2022,0,1,Wind,Summer,1625,174,Thursday,June
4/23/2021,17,18,Wind,Spring,7944,113,Friday,April
3/23/2022,16,17,Solar,Spring,5220,82,Wednesday,March
4/3/2023,1,2,Wind,Spring,5706,93,Monday,April
6/16/2023,8,9,Solar,Summer,2630,167,Friday,June
11/16/2024,19,20,Wind,Fall,2040,321,Saturday,November
6/22/2025,13,14,Solar,Summer,5526,173,Sunday,June
2/24/2023,11,12,Wind,Winter,6498,55,Friday,February
10/17/2020,17,18,Solar,Fall,1367,291,Saturday,October
5/11/2022,10,11,Solar,Spring,7976,131,Wednesday,May
6/20/2023,19,20,Wind,Summer,3357,171,Tuesday,June
5/22/2022,23,0,Wind,Spring,3313,142,Sunday,May
10/30/2024,6,7,Wind,Fall,1827,304,Wednesday,October
2/20/2020,19,20,Wind,Winter,10617,51,Thursday,February
6/22/2022,9,10,Solar,Summer,3779,173,Wednesday,June
3/31/2021,19,20,Wind,Spring,1121,90,Wednesday,March
12/30/2024,0,1,Wind,Winter,709,365,Monday,December
3/20/2020,10,11,Wind,Spring,6229,80,Friday,March
12/25/2021,6,7,Wind,Winter,1843,359,Saturday,December
3/28/2023,1,2,Wind,Spring,2283,87,Tuesday,March
6/30/2022,15,16,Solar,Summer,5921,181,Thursday,June
7/24/2025,23,0,Wind,Summer,2166,205,Thursday,July
2/27/2022,20,21,Wind,Winter,6011,58,Sunday,February
3/16/2025,17,18,Wind,Spring,7970,75,Sunday,March
6/15/2024,11,12,Wind,Summer,10538,167,Saturday,June
1/13/2023,19,20,Wind,Winter,10798,13,Friday,January
2/10/2020,16,17,Wind,Winter,13770,41,Monday,February
11/8/2021,17,18,Wind,Fall,1805,312,Monday,November
1/10/2025,16,17,Wind,Winter,2433,10,Friday,January
6/2/2020,23,0,Wind,Summer,1765,154,Tuesday,June
12/18/2022,4,5,Wind,Winter,5927,352,Sunday,December
11/19/2023,11,12,Wind,Fall,16559,323,Sunday,November
4/14/2020,4,5,Wind,Spring,7144,105,Tuesday,April
6/21/2024,10,11,Solar,Summer,5580,173,Friday,June
5/21/2021,6,7,Wind,Spring,8861,141,Friday,May
6/25/2021,1,2,Wind,Summer,2038,176,Friday,June
10/9/2023,11,12,Solar,Fall,5494,282,Monday,October
4/11/2024,5,6,Wind,Spring,3540,102,Thursday,April
1/12/2025,6,7,Wind,Winter,3081,12,Sunday,January
12/28/2024,17,18,Wind,Winter,354,363,Saturday,December
7/20/2020,4,5,Wind,Summer,2939,202,Monday,July
5/18/2020,5,6,Wind,Spring,1868,139,Monday,May
2/6/2022,19,20,Wind,Winter,16044,37,Sunday,February
4/30/2023,5,6,Wind,Spring,3818,120,Sunday,April
2/29/2024,13,14,Wind,Winter,12775,60,Thursday,February
8/17/2022,20,21,Wind,Summer,1406,229,Wednesday,August
3/12/2022,2,3,Wind,Spring,9389,71,Saturday,March
3/21/2020,15,16,Wind,Spring,11152,81,Saturday,March
2/2/2025,9,10,Wind,Winter,3472,33,Sunday,February
2/14/2022,5,6,Wind,Winter,11744,45,Monday,February
8/9/2023,20,21,Wind,Summer,1211,221,Wednesday,August
2/23/2024,8,9,Wind,Winter,14058,54,Friday,February
6/30/2020,0,1,Wind,Summer,3738,182,Tuesday,June
8/14/2023,17,18,Solar,Summer,7241,226,Monday,August
4/10/2022,15,16,Solar,Spring,7678,100,Sunday,April
6/9/2025,10,11,Solar,Summer,3733,160,Monday,June
5/7/2024,12,13,Solar,Spring,7214,128,Tuesday,May
5/31/2022,10,11,Solar,Spring,4174,151,Tuesday,May
7/24/2025,0,1,Wind,Summer,2396,205,Thursday,July
3/14/2024,16,17,Wind,Spring,9218,74,Thursday,March
5/30/2025,17,18,Solar,Spring,6501,150,Friday,May
9/27/2020,22,23,Wind,Fall,5190,271,Sunday,September
9/27/2022,14,15,Wind,Fall,13231,270,Tuesday,September
1/27/2020,2,3,Wind,Winter,8486,27,Monday,January
6/28/2021,17,18,Solar,Summer,3945,179,Monday,June
10/3/2020,0,1,Wind,Fall,3195,277,Saturday,October
6/12/2025,11,12,Solar,Summer,5733,163,Thursday,June
9/2/2025,17,18,Wind,Fall,15009,245,Tuesday,September
6/4/2023,17,18,Wind,Summer,7894,155,Sunday,June
12/2/2024,8,9,Wind,Winter,8193,337,Monday,December
6/4/2023,20,21,Wind,Summer,5847,155,Sunday,June
3/25/2023,5,6,Wind,Spring,14863,84,Saturday,March
5/2/2024,12,13,Wind,Spring,12077,123,Thursday,May
9/18/2024,21,22,Wind,Fall,8671,262,Wednesday,September
10/9/2025,8,9,Wind,Fall,2496,282,Thursday,October
9/11/2022,2,3,Wind,Fall,664,254,Sunday,September
1/29/2025,15,16,Wind,Winter,12248,29,Wednesday,January
3/29/2021,9,10,Wind,Spring,4622,88,Monday,March
5/31/2023,22,23,Wind,Spring,8211,151,Wednesday,May
8/31/2024,23,0,Wind,Summer,5370,244,Saturday,August
11/6/2023,1,2,Wind,Fall,12102,310,Monday,November
3/25/2021,8,9,Wind,Spring,2635,84,Thursday,March
8/5/2024,8,9,Solar,Summer,2548,218,Monday,August
7/2/2021,5,6,Wind,Summer,405,183,Friday,July
1/27/2025,4,5,Wind,Winter,18396,27,Monday,January
5/15/2020,18,19,Wind,Spring,4342,136,Friday,May
9/6/2021,4,5,Wind,Fall,1107,249,Monday,September
10/24/2021,20,21,Wind,Fall,3398,297,Sunday,October
12/6/2024,7,8,Wind,Winter,14357,341,Friday,December
8/26/2023,22,23,Wind,Summer,1513,238,Saturday,August
5/4/2020,16,17,Solar,Spring,5092,125,Monday,May
10/17/2022,7,8,Wind,Fall,7554,290,Monday,October
8/2/2022,10,11,Solar,Summer,5062,214,Tuesday,August
4/13/2025,15,16,Wind,Spring,4463,103,Sunday,April
4/25/2022,7,8,Wind,Spring,3208,115,Monday,April
10/26/2022,13,14,Wind,Fall,8890,299,Wednesday,October
12/7/2022,4,5,Wind,Winter,2473,341,Wednesday,December
10/24/2025,19,20,Wind,Fall,12506,297,Friday,October
8/31/2020,9,10,Wind,Summer,3237,244,Monday,August
6/30/2022,17,18,Wind,Summer,5168,181,Thursday,June
11/4/2025,15,16,Wind,Fall,12341,308,Tuesday,November
8/17/2022,21,22,Wind,Summer,1307,229,Wednesday,August
12/8/2020,11,12,Wind,Winter,2686,343,Tuesday,December
3/24/2020,1,2,Wind,Spring,6628,84,Tuesday,March
7/21/2023,14,15,Solar,Summer,8927,202,Friday,July
6/28/2023,0,1,Wind,Summer,2630,179,Wednesday,June
9/14/2022,12,13,Solar,Fall,5716,257,Wednesday,September
5/29/2020,15,16,Wind,Spring,7953,150,Friday,May
8/19/2022,17,18,Wind,Summer,7064,231,Friday,August
8/17/2025,4,5,Wind,Summer,6032,229,Sunday,August
4/1/2025,17,18,Wind,Spring,13004,91,Tuesday,April
10/13/2024,9,10,Wind,Fall,2980,287,Sunday,October
4/5/2022,12,13,Wind,Spring,9346,95,Tuesday,April
4/29/2021,14,15,Solar,Spring,4221,119,Thursday,April
2/25/2023,14,15,Wind,Winter,9931,56,Saturday,February
7/19/2023,17,18,Wind,Summer,11158,200,Wednesday,July
10/10/2022,1,2,Wind,Fall,4732,283,Monday,October
4/17/2021,0,1,Wind,Spring,4306,107,Saturday,April
12/21/2021,20,21,Wind,Winter,3015,355,Tuesday,December
4/22/2021,21,22,Wind,Spring,6303,112,Thursday,April
11/23/2025,17,18,Wind,Fall,10653,327,Sunday,November
6/11/2024,5,6,Wind,Summer,1874,163,Tuesday,June
5/27/2024,20,21,Wind,Spring,3315,148,Monday,May
9/28/2020,19,20,Wind,Fall,4208,272,Monday,September
8/7/2023,3,4,Wind,Summer,3593,219,Monday,August
3/29/2021,22,23,Wind,Spring,2491,88,Monday,March
5/22/2021,21,22,Wind,Spring,5778,142,Saturday,May
11/19/2021,14,15,Solar,Fall,3318,323,Friday,November
1/27/2025,5,6,Wind,Winter,18096,27,Monday,January
8/13/2025,9,10,Solar,Summer,4027,225,Wednesday,August
9/14/2021,17,18,Wind,Fall,3219,257,Tuesday,September
5/8/2022,2,3,Wind,Spring,4076,128,Sunday,May
7/3/2022,2,3,Wind,Summer,1530,184,Sunday,July
7/24/2021,0,1,Wind,Summer,5890,205,Saturday,July
11/21/2022,0,1,Wind,Fall,7993,325,Monday,November
4/5/2023,10,11,Solar,Spring,5948,95,Wednesday,April
8/11/2025,14,15,Solar,Summer,11543,223,Monday,August
7/13/2021,11,12,Wind,Summer,5885,194,Tuesday,July
9/19/2022,6,7,Wind,Fall,2502,262,Monday,September
12/5/2024,17,18,Wind,Winter,15699,340,Thursday,December
11/1/2025,9,10,Wind,Fall,14047,305,Saturday,November
11/17/2025,3,4,Wind,Fall,5317,321,Monday,November
8/16/2020,20,21,Wind,Summer,1759,229,Sunday,August
1/22/2023,12,13,Wind,Winter,7106,22,Sunday,January
5/24/2025,17,18,Wind,Spring,13001,144,Saturday,May
1/21/2021,12,13,Wind,Winter,12248,21,Thursday,January
7/17/2023,11,12,Solar,Summer,7791,198,Monday,July
10/28/2022,10,11,Wind,Fall,8983,301,Friday,October
7/8/2021,0,1,Wind,Summer,1738,189,Thursday,July
6/6/2021,19,20,Wind,Summer,2910,157,Sunday,June
9/12/2025,2,3,Wind,Fall,10052,255,Friday,September
10/13/2024,15,16,Solar,Fall,5251,287,Sunday,October
2/13/2023,5,6,Wind,Winter,3438,44,Monday,February
4/21/2023,16,17,Solar,Spring,7315,111,Friday,April
12/22/2024,4,5,Wind,Winter,18507,357,Sunday,December
6/11/2020,19,20,Wind,Summer,3890,163,Thursday,June
10/17/2021,4,5,Wind,Fall,1793,290,Sunday,October
4/7/2022,9,10,Wind,Spring,16777,97,Thursday,April
11/25/2024,19,20,Wind,Fall,6360,330,Monday,November
5/30/2024,14,15,Wind,Spring,11924,151,Thursday,May
11/19/2023,14,15,Wind,Fall,17043,323,Sunday,November
2/4/2024,20,21,Wind,Winter,8328,35,Sunday,February
9/23/2022,4,5,Wind,Fall,505,266,Friday,September
5/17/2023,15,16,Wind,Spring,13945,137,Wednesday,May
5/2/2024,23,0,Wind,Spring,9680,123,Thursday,May
9/21/2025,12,13,Solar,Fall,4035,264,Sunday,September
8/28/2025,13,14,Wind,Summer,12192,240,Thursday,August
1/15/2023,18,19,Wind,Winter,14920,15,Sunday,January
3/30/2024,0,1,Wind,Spring,4270,90,Saturday,March
11/27/2024,1,2,Wind,Fall,8974,332,Wednesday,November
3/11/2022,8,9,Wind,Spring,12227,70,Friday,March
8/27/2022,23,0,Wind,Summer,4610,239,Saturday,August
11/9/2025,16,17,Wind,Fall,4511,313,Sunday,November
4/3/2021,2,3,Wind,Spring,9279,93,Saturday,April
7/5/2022,12,13,Solar,Summer,7173,186,Tuesday,July
10/2/2020,16,17,Wind,Fall,4517,276,Friday,October
3/3/2024,19,20,Wind,Spring,4860,63,Sunday,March
10/30/2020,22,23,Wind,Fall,2173,304,Friday,October
1/29/2025,13,14,Wind,Winter,14188,29,Wednesday,January
6/7/2025,2,3,Wind,Summer,5372,158,Saturday,June
7/17/2022,4,5,Wind,Summer,5437,198,Sunday,July
9/21/2021,2,3,Wind,Fall,3038,264,Tuesday,September
8/21/2022,15,16,Solar,Summer,5244,233,Sunday,August
10/28/2022,1,2,Wind,Fall,7785,301,Friday,October
3/14/2025,1,2,Wind,Spring,2246,73,Friday,March
4/22/2024,23,0,Wind,Spring,4362,113,Monday,April
8/15/2021,14,15,Solar,Summer,6192,227,Sunday,August
11/1/2023,8,9,Wind,Fall,12856,305,Wednesday,November
12/19/2024,5,6,Wind,Winter,17699,354,Thursday,December
9/15/2024,14,15,Solar,Fall,6259,259,Sunday,September
7/1/2022,14,15,Solar,Summer,7548,182,Friday,July
1/11/2020,4,5,Wind,Winter,2401,11,Saturday,January
9/7/2021,14,15,Solar,Fall,7947,250,Tuesday,September
12/4/2022,23,0,Wind,Winter,708,338,Sunday,December
7/27/2025,11,12,Solar,Summer,8163,208,Sunday,July
3/19/2022,3,4,Wind,Spring,11419,78,Saturday,March
6/13/2023,12,13,Solar,Summer,7666,164,Tuesday,June
10/31/2020,15,16,Wind,Fall,9419,305,Saturday,October
6/19/2023,6,7,Wind,Summer,1407,170,Monday,June
5/15/2023,23,0,Wind,Spring,7719,135,Monday,May
3/16/2021,19,20,Wind,Spring,6005,75,Tuesday,March
6/12/2023,17,18,Solar,Summer,4747,163,Monday,June
7/3/2020,21,22,Wind,Summer,2958,185,Friday,July
6/19/2025,20,21,Wind,Summer,5164,170,Thursday,June
2/12/2020,7,8,Wind,Winter,8307,43,Wednesday,February
9/7/2024,19,20,Wind,Fall,4461,251,Saturday,September
12/17/2020,17,18,Wind,Winter,2892,352,Thursday,December
10/4/2021,22,23,Wind,Fall,6535,277,Monday,October
2/27/2021,6,7,Wind,Winter,5900,58,Saturday,February
12/14/2022,2,3,Wind,Winter,1972,348,Wednesday,December
1/1/2024,1,2,Wind,Winter,15228,1,Monday,January
7/25/2023,22,23,Wind,Summer,2896,206,Tuesday,July
7/18/2022,8,9,Wind,Summer,4324,199,Monday,July
5/10/2021,10,11,Wind,Spring,9543,130,Monday,May
11/8/2021,12,13,Solar,Fall,4759,312,Monday,November
12/10/2022,5,6,Wind,Winter,1514,344,Saturday,December
6/25/2020,17,18,Solar,Summer,3179,177,Thursday,June
11/29/2020,2,3,Wind,Fall,4361,334,Sunday,November
8/5/2023,4,5,Wind,Summer,2376,217,Saturday,August
10/12/2020,2,3,Wind,Fall,3229,286,Monday,October
1/13/2021,17,18,Wind,Winter,9862,13,Wednesday,January
4/20/2022,22,23,Wind,Spring,4403,110,Wednesday,April
3/6/2020,7,8,Wind,Spring,7635,66,Friday,March
1/15/2021,0,1,Wind,Winter,8913,15,Friday,January
2/16/2022,0,1,Wind,Winter,13892,47,Wednesday,February
4/2/2021,18,19,Wind,Spring,12278,92,Friday,April
11/24/2021,20,21,Wind,Fall,2080,328,Wednesday,November
9/18/2022,13,14,Solar,Fall,11642,261,Sunday,September
8/5/2025,18,19,Wind,Summer,11488,217,Tuesday,August
4/16/2022,11,12,Solar,Spring,9283,106,Saturday,April
5/2/2024,20,21,Wind,Spring,11202,123,Thursday,May
12/1/2022,8,9,Wind,Winter,4364,335,Thursday,December
9/17/2023,12,13,Solar,Fall,7328,260,Sunday,September
6/21/2025,13,14,Solar,Summer,10245,172,Saturday,June
5/27/2020,5,6,Wind,Spring,3501,148,Wednesday,May
2/27/2021,16,17,Wind,Winter,10738,58,Saturday,February
3/26/2024,21,22,Wind,Spring,8154,86,Tuesday,March
8/26/2022,16,17,Solar,Summer,6095,238,Friday,August
7/13/2022,21,22,Wind,Summer,1816,194,Wednesday,July
1/23/2020,6,7,Wind,Winter,5026,23,Thursday,January
8/17/2020,7,8,Wind,Summer,1942,230,Monday,August
3/26/2020,9,10,Wind,Spring,7178,86,Thursday,March
3/6/2024,21,22,Wind,Spring,1843,66,Wednesday,March
4/30/2025,23,0,Wind,Spring,5987,120,Wednesday,April
2/14/2020,7,8,Wind,Winter,3792,45,Friday,February
8/26/2022,18,19,Wind,Summer,4553,238,Friday,August
4/22/2025,6,7,Wind,Spring,1187,112,Tuesday,April
12/1/2022,17,18,Wind,Winter,3675,335,Thursday,December
2/5/2025,13,14,Solar,Winter,6610,36,Wednesday,February
1/30/2022,17,18,Wind,Winter,1434,30,Sunday,January
9/29/2021,21,22,Wind,Fall,3641,272,Wednesday,September
5/13/2024,6,7,Wind,Spring,1884,134,Monday,May
8/30/2020,21,22,Wind,Summer,3777,243,Sunday,August
7/11/2020,16,17,Solar,Summer,5785,193,Saturday,July
9/29/2025,12,13,Solar,Fall,8857,272,Monday,September
6/28/2024,8,9,Solar,Summer,3771,180,Friday,June
5/9/2020,11,12,Solar,Spring,3231,130,Saturday,May
5/22/2024,19,20,Wind,Spring,4870,143,Wednesday,May
7/3/2020,8,9,Wind,Summer,2944,185,Friday,July
11/23/2020,15,16,Solar,Fall,1643,328,Monday,November
2/24/2022,1,2,Wind,Winter,3851,55,Thursday,February
3/7/2025,7,8,Wind,Spring,9990,66,Friday,March
5/26/2020,6,7,Wind,Spring,3338,147,Tuesday,May
1/12/2023,9,10,Wind,Winter,16699,12,Thursday,January
11/30/2021,10,11,Wind,Fall,13024,334,Tuesday,November
6/19/2022,3,4,Wind,Summer,10066,170,Sunday,June
12/7/2022,7,8,Wind,Winter,2196,341,Wednesday,December
7/21/2022,23,0,Wind,Summer,2858,202,Thursday,July
5/17/2025,22,23,Wind,Spring,3077,137,Saturday,May
12/15/2024,21,22,Wind,Winter,9775,350,Sunday,December
9/28/2020,22,23,Wind,Fall,4092,272,Monday,September
3/5/2022,11,12,Solar,Spring,5186,64,Saturday,March
7/4/2025,12,13,Solar,Summer,10562,185,Friday,July
6/20/2024,5,6,Wind,Summer,4917,172,Thursday,June
2/4/2022,19,20,Wind,Winter,6944,35,Friday,February
1/18/2020,10,11,Wind,Winter,2843,18,Saturday,January
5/26/2021,21,22,Wind,Spring,2353,146,Wednesday,May
10/30/2024,7,8,Wind,Fall,2071,304,Wednesday,October
8/18/2020,2,3,Wind,Summer,1283,231,Tuesday,August
5/23/2022,13,14,Wind,Spring,9217,143,Monday,May
4/28/2025,3,4,Wind,Spring,3069,118,Monday,April
7/9/2024,4,5,Wind,Summer,5209,191,Tuesday,July
10/20/2025,17,18,Wind,Fall,17333,293,Monday,October
3/9/2020,12,13,Wind,Spring,9648,69,Monday,March
3/14/2025,2,3,Wind,Spring,2194,73,Friday,March
9/16/2020,6,7,Wind,Fall,526,260,Wednesday,September
6/26/2023,14,15,Solar,Summer,10618,177,Monday,June
5/6/2025,14,15,Wind,Spring,8761,126,Tuesday,May
10/27/2024,3,4,Wind,Fall,1944,301,Sunday,October
9/6/2024,4,5,Wind,Fall,1511,250,Friday,September
10/18/2020,3,4,Wind,Fall,583,292,Sunday,October
8/12/2020,14,15,Solar,Summer,4536,225,Wednesday,August
7/14/2021,23,0,Wind,Summer,7745,195,Wednesday,July
1/21/2024,10,11,Wind,Winter,14443,21,Sunday,January
6/19/2024,2,3,Wind,Summer,3425,171,Wednesday,June
9/22/2024,22,23,Wind,Fall,3299,266,Sunday,September
1/6/2022,21,22,Wind,Winter,7422,6,Thursday,January
1/3/2020,10,11,Wind,Winter,9189,3,Friday,January
1/21/2023,3,4,Wind,Winter,6960,21,Saturday,January
9/4/2021,16,17,Solar,Fall,3636,247,Saturday,September
6/19/2021,14,15,Solar,Summer,4390,170,Saturday,June
4/11/2021,0,1,Wind,Spring,4255,101,Sunday,April
3/13/2021,13,14,Wind,Spring,17323,72,Saturday,March
9/15/2025,11,12,Wind,Fall,11011,258,Monday,September
5/9/2024,1,2,Wind,Spring,4350,130,Thursday,May
8/31/2024,14,15,Solar,Summer,8366,244,Saturday,August
5/22/2025,18,19,Wind,Spring,9293,142,Thursday,May
3/30/2021,15,16,Solar,Spring,5587,89,Tuesday,March
4/29/2022,21,22,Wind,Spring,4703,119,Friday,April
6/24/2025,15,16,Solar,Summer,5446,175,Tuesday,June
6/19/2022,2,3,Wind,Summer,10201,170,Sunday,June
4/1/2020,17,18,Wind,Spring,3836,92,Wednesday,April
6/8/2020,4,5,Wind,Summer,1414,160,Monday,June
11/13/2025,19,20,Wind,Fall,11859,317,Thursday,November
10/3/2023,19,20,Wind,Fall,4989,276,Tuesday,October
1/11/2023,21,22,Wind,Winter,15556,11,Wednesday,January
8/20/2024,1,2,Wind,Summer,3390,233,Tuesday,August
3/1/2020,14,15,Wind,Spring,8968,61,Sunday,March
8/14/2021,21,22,Wind,Summer,916,226,Saturday,August
12/14/2021,2,3,Wind,Winter,587,348,Tuesday,December
10/27/2024,1,2,Wind,Fall,1635,301,Sunday,October
7/30/2021,1,2,Wind,Summer,1469,211,Friday,July
4/16/2025,6,7,Wind,Spring,3691,106,Wednesday,April
10/4/2020,0,1,Wind,Fall,7366,278,Sunday,October
12/18/2022,6,7,Wind,Winter,6077,352,Sunday,December
7/9/2021,21,22,Wind,Summer,370,190,Friday,July
1/17/2022,17,18,Wind,Winter,1397,17,Monday,January
2/10/2025,1,2,Wind,Winter,3221,41,Monday,February
7/23/2023,15,16,Wind,Summer,9714,204,Sunday,July
5/1/2020,5,6,Wind,Spring,6913,122,Friday,May
5/12/2023,18,19,Wind,Spring,5556,132,Friday,May
12/21/2022,19,20,Wind,Winter,11825,355,Wednesday,December
1/4/2020,10,11,Wind,Winter,4479,4,Saturday,January
7/14/2021,17,18,Wind,Summer,8231,195,Wednesday,July
7/8/2025,21,22,Wind,Summer,2398,189,Tuesday,July
5/31/2025,1,2,Wind,Spring,837,151,Saturday,May
9/17/2025,8,9,Wind,Fall,4458,260,Wednesday,September
5/10/2022,21,22,Wind,Spring,2140,130,Tuesday,May
3/31/2023,18,19,Wind,Spring,19093,90,Friday,March
10/4/2024,23,0,Wind,Fall,2882,278,Friday,October
2/4/2021,2,3,Wind,Winter,4372,35,Thursday,February
1/3/2020,11,12,Wind,Winter,9534,3,Friday,January
8/31/2020,23,0,Wind,Summer,1614,244,Monday,August
9/8/2025,9,10,Solar,Fall,3178,251,Monday,September
11/11/2022,18,19,Wind,Fall,3699,315,Friday,November
10/21/2024,15,16,Solar,Fall,8393,295,Monday,October
7/4/2022,15,16,Solar,Summer,6170,185,Monday,July
2/1/2025,2,3,Wind,Winter,3863,32,Saturday,February
5/23/2022,12,13,Wind,Spring,8430,143,Monday,May
6/20/2025,8,9,Solar,Summer,5469,171,Friday,June
5/22/2020,13,14,Solar,Spring,6982,143,Friday,May
1/1/2022,23,0,Wind,Winter,5385,1,Saturday,January
10/29/2022,8,9,Wind,Fall,7385,302,Saturday,October
1/3/2025,22,23,Wind,Winter,3446,3,Friday,January
3/29/2021,4,5,Wind,Spring,3859,88,Monday,March
1/24/2021,13,14,Wind,Winter,9132,24,Sunday,January
10/6/2021,6,7,Wind,Fall,8232,279,Wednesday,October
11/26/2023,15,16,Wind,Fall,3911,330,Sunday,November
5/28/2022,9,10,Solar,Spring,5809,148,Saturday,May
2/5/2024,4,5,Wind,Winter,7263,36,Monday,February
1/28/2025,7,8,Wind,Winter,18356,28,Tuesday,January
2/22/2023,17,18,Wind,Winter,2037,53,Wednesday,February
2/17/2024,1,2,Wind,Winter,3267,48,Saturday,February
10/3/2022,22,23,Wind,Fall,1692,276,Monday,October
11/25/2021,17,18,Wind,Fall,2854,329,Thursday,November
2/24/2025,10,11,Wind,Winter,15434,55,Monday,February
11/20/2021,8,9,Wind,Fall,1106,324,Saturday,November
8/20/2025,2,3,Wind,Summer,2739,232,Wednesday,August
11/14/2020,18,19,Wind,Fall,10406,319,Saturday,November
7/23/2025,16,17,Solar,Summer,6403,204,Wednesday,July
9/29/2021,20,21,Wind,Fall,3738,272,Wednesday,September
1/23/2024,20,21,Wind,Winter,17177,23,Tuesday,January
4/10/2025,11,12,Solar,Spring,11510,100,Thursday,April
12/24/2024,0,1,Wind,Winter,4716,359,Tuesday,December
8/15/2025,15,16,Solar,Summer,10700,227,Friday,August
6/3/2024,8,9,Solar,Summer,3377,155,Monday,June
1/10/2025,0,1,Wind,Winter,4208,10,Friday,January
5/28/2020,7,8,Wind,Spring,3834,149,Thursday,May
2/2/2024,6,7,Wind,Winter,5384,33,Friday,February
4/15/2021,1,2,Wind,Spring,5298,105,Thursday,April
7/16/2023,1,2,Wind,Summer,10971,197,Sunday,July
7/4/2022,0,1,Wind,Summer,3402,185,Monday,July
12/15/2022,18,19,Wind,Winter,8325,349,Thursday,December
5/31/2020,13,14,Wind,Spring,8072,152,Sunday,May
11/8/2020,9,10,Wind,Fall,3896,313,Sunday,November
7/25/2021,10,11,Wind,Summer,5701,206,Sunday,July
2/15/2020,17,18,Wind,Winter,10164,46,Saturday,February
5/22/2023,20,21,Wind,Spring,4807,142,Monday,May
6/20/2024,21,22,Wind,Summer,2123,172,Thursday,June
1/24/2022,7,8,Wind,Winter,3018,24,Monday,January
8/30/2021,23,0,Wind,Summer,4985,242,Monday,August
10/7/2021,14,15,Solar,Fall,5955,280,Thursday,October
6/18/2020,14,15,Solar,Summer,5121,170,Thursday,June
2/17/2020,5,6,Wind,Winter,6130,48,Monday,February
3/30/2020,1,2,Wind,Spring,11994,90,Monday,March
7/3/2025,8,9,Wind,Summer,5437,184,Thursday,July
12/10/2021,16,17,Wind,Winter,13856,344,Friday,December
3/8/2023,11,12,Wind,Spring,15972,67,Wednesday,March
7/31/2025,19,20,Wind,Summer,6732,212,Thursday,July
5/27/2023,0,1,Wind,Spring,8791,147,Saturday,May
10/29/2023,5,6,Wind,Fall,14125,302,Sunday,October
4/21/2024,8,9,Wind,Spring,7076,112,Sunday,April
11/30/2025,8,9,Wind,Fall,4801,334,Sunday,November
1/23/2022,19,20,Wind,Winter,4009,23,Sunday,January
12/10/2024,3,4,Wind,Winter,9960,345,Tuesday,December
7/16/2022,13,14,Solar,Summer,8810,197,Saturday,July
8/23/2020,15,16,Wind,Summer,8621,236,Sunday,August
10/20/2021,10,11,Wind,Fall,13349,293,Wednesday,October
5/5/2023,12,13,Solar,Spring,8234,125,Friday,May
5/28/2020,13,14,Solar,Spring,7312,149,Thursday,May
12/23/2022,8,9,Wind,Winter,9829,357,Friday,December
9/10/2025,16,17,Wind,Fall,6743,253,Wednesday,September
1/1/2023,22,23,Wind,Winter,12955,1,Sunday,January
5/30/2024,23,0,Wind,Spring,5756,151,Thursday,May
11/7/2024,17,18,Wind,Fall,2897,312,Thursday,November
6/30/2024,19,20,Wind,Summer,4150,182,Sunday,June
7/26/2020,2,3,Wind,Summer,4286,208,Sunday,July
11/1/2024,2,3,Wind,Fall,695,306,Friday,November
4/5/2024,3,4,Wind,Spring,8961,96,Friday,April
11/16/2020,18,19,Wind,Fall,4496,321,Monday,November
12/15/2022,13,14,Wind,Winter,6526,349,Thursday,December
10/12/2021,11,12,Solar,Fall,5020,285,Tuesday,October
6/25/2020,4,5,Wind,Summer,3496,177,Thursday,June
6/21/2023,18,19,Solar,Summer,2516,172,Wednesday,June
4/17/2025,16,17,Solar,Spring,7819,107,Thursday,April
3/7/2024,22,23,Wind,Spring,12265,67,Thursday,March
8/1/2025,21,22,Wind,Summer,4475,213,Friday,August
9/13/2025,12,13,Wind,Fall,13818,256,Saturday,September
7/8/2025,7,8,Wind,Summer,6101,189,Tuesday,July
3/14/2023,7,8,Wind,Spring,16522,73,Tuesday,March
7/17/2023,0,1,Wind,Summer,3144,198,Monday,July
7/24/2023,21,22,Wind,Summer,3610,205,Monday,July
5/1/2022,15,16,Solar,Spring,6259,121,Sunday,May
10/16/2021,1,2,Wind,Fall,1687,289,Saturday,October
7/19/2020,1,2,Wind,Summer,1362,201,Sunday,July
9/22/2024,8,9,Wind,Fall,3775,266,Sunday,September
7/27/2021,6,7,Wind,Summer,1578,208,Tuesday,July
1/23/2020,2,3,Wind,Winter,6707,23,Thursday,January
7/7/2023,11,12,Solar,Summer,8342,188,Friday,July
1/23/2022,9,10,Wind,Winter,3207,23,Sunday,January
5/2/2020,9,10,Wind,Spring,4667,123,Saturday,May
6/22/2022,2,3,Wind,Summer,3806,173,Wednesday,June
8/15/2024,1,2,Wind,Summer,1851,228,Thursday,August
10/4/2021,17,18,Wind,Fall,6267,277,Monday,October
1/21/2023,14,15,Wind,Winter,10389,21,Saturday,January
10/5/2021,16,17,Wind,Fall,12707,278,Tuesday,October
4/8/2025,22,23,Wind,Spring,5079,98,Tuesday,April
8/16/2021,6,7,Wind,Summer,4749,228,Monday,August
1/18/2020,5,6,Wind,Winter,4645,18,Saturday,January
8/16/2021,7,8,Wind,Summer,5046,228,Monday,August
1/5/2025,18,19,Wind,Winter,18488,5,Sunday,January
10/25/2020,5,6,Wind,Fall,7800,299,Sunday,October
6/11/2022,11,12,Solar,Summer,5797,162,Saturday,June
5/9/2024,6,7,Wind,Spring,3436,130,Thursday,May
7/7/2024,20,21,Wind,Summer,3000,189,Sunday,July
7/11/2023,14,15,Solar,Summer,9794,192,Tuesday,July
6/16/2020,21,22,Wind,Summer,1450,168,Tuesday,June
10/22/2022,12,13,Solar,Fall,6219,295,Saturday,October
6/22/2022,13,14,Solar,Summer,5622,173,Wednesday,June
6/12/2020,18,19,Wind,Summer,4969,164,Friday,June
3/29/2024,11,12,Wind,Spring,13290,89,Friday,March
12/27/2020,12,13,Wind,Winter,13159,362,Sunday,December
7/1/2021,14,15,Solar,Summer,5041,182,Thursday,July
8/4/2025,3,4,Wind,Summer,3303,216,Monday,August
12/2/2021,19,20,Wind,Winter,4964,336,Thursday,December
4/24/2023,14,15,Wind,Spring,10534,114,Monday,April
9/15/2022,23,0,Wind,Fall,2156,258,Thursday,September
12/12/2022,6,7,Wind,Winter,1038,346,Monday,December
12/11/2022,6,7,Wind,Winter,2415,345,Sunday,December
5/30/2021,23,0,Wind,Spring,5191,150,Sunday,May
6/7/2022,20,21,Wind,Summer,3487,158,Tuesday,June
12/20/2021,23,0,Wind,Winter,3377,354,Monday,December
10/26/2025,1,2,Wind,Fall,10453,299,Sunday,October
4/2/2023,8,9,Wind,Spring,10121,92,Sunday,April
4/26/2020,20,21,Wind,Spring,466,117,Sunday,April
4/19/2021,9,10,Solar,Spring,2735,109,Monday,April
3/1/2021,8,9,Wind,Spring,5349,60,Monday,March
8/26/2023,17,18,Wind,Summer,5041,238,Saturday,August
9/23/2024,8,9,Wind,Fall,4634,267,Monday,September
3/21/2023,16,17,Wind,Spring,8241,80,Tuesday,March
7/29/2020,11,12,Solar,Summer,3483,211,Wednesday,July
11/14/2024,0,1,Wind,Fall,4003,319,Thursday,November
8/5/2020,2,3,Wind,Summer,1003,218,Wednesday,August
7/15/2020,8,9,Wind,Summer,1905,197,Wednesday,July
4/24/2023,5,6,Wind,Spring,8273,114,Monday,April
6/13/2020,8,9,Wind,Summer,2926,165,Saturday,June
1/4/2020,18,19,Wind,Winter,2983,4,Saturday,January
6/25/2024,6,7,Wind,Summer,3497,177,Tuesday,June
1/12/2022,14,15,Solar,Winter,4731,12,Wednesday,January
8/19/2025,21,22,Wind,Summer,3579,231,Tuesday,August
6/28/2020,0,1,Wind,Summer,4765,180,Sunday,June
3/8/2025,6,7,Wind,Spring,10878,67,Saturday,March
9/6/2024,6,7,Wind,Fall,2426,250,Friday,September
5/31/2024,12,13,Wind,Spring,11737,152,Friday,May
6/1/2020,17,18,Wind,Summer,4261,153,Monday,June
11/2/2020,12,13,Wind,Fall,13394,307,Monday,November
4/11/2023,12,13,Wind,Spring,9998,101,Tuesday,April
3/1/2021,1,2,Wind,Spring,5776,60,Monday,March
2/24/2020,18,19,Wind,Winter,10814,55,Monday,February
9/15/2025,2,3,Wind,Fall,9831,258,Monday,September
5/23/2023,18,19,Wind,Spring,10411,143,Tuesday,May
3/4/2021,21,22,Wind,Spring,3114,63,Thursday,March
3/20/2022,6,7,Wind,Spring,4720,79,Sunday,March
6/21/2025,14,15,Solar,Summer,9972,172,Saturday,June
8/12/2023,4,5,Wind,Summer,1660,224,Saturday,August
2/11/2021,14,15,Wind,Winter,8606,42,Thursday,February
12/16/2020,8,9,Wind,Winter,6819,351,Wednesday,December
1/23/2022,10,11,Wind,Winter,4428,23,Sunday,January
8/22/2021,23,0,Wind,Summer,2991,234,Sunday,August
10/27/2024,14,15,Solar,Fall,3213,301,Sunday,October
9/8/2025,12,13,Solar,Fall,6498,251,Monday,September
2/27/2024,1,2,Wind,Winter,13652,58,Tuesday,February
2/2/2025,19,20,Wind,Winter,1296,33,Sunday,February
11/19/2022,8,9,Wind,Fall,2689,323,Saturday,November
1/10/2023,19,20,Wind,Winter,14924,10,Tuesday,January
12/26/2021,10,11,Wind,Winter,4021,360,Sunday,December
7/26/2021,17,18,Wind,Summer,6326,207,Monday,July
7/10/2023,8,9,Solar,Summer,2252,191,Monday,July
3/18/2022,1,2,Wind,Spring,6520,77,Friday,March
3/26/2024,6,7,Wind,Spring,4088,86,Tuesday,March
12/25/2021,10,11,Wind,Winter,1761,359,Saturday,December
3/9/2025,4,5,Wind,Spring,9371,68,Sunday,March
11/21/2025,22,23,Wind,Fall,3561,325,Friday,November
8/28/2024,11,12,Solar,Summer,8271,241,Wednesday,August
4/9/2022,7,8,Wind,Spring,3140,99,Saturday,April
8/27/2025,13,14,Wind,Summer,9935,239,Wednesday,August
7/24/2024,14,15,Solar,Summer,8396,206,Wednesday,July
12/1/2021,3,4,Wind,Winter,13696,335,Wednesday,December
10/2/2022,14,15,Wind,Fall,11081,275,Sunday,October
6/2/2021,18,19,Wind,Summer,5123,153,Wednesday,June
8/25/2025,0,1,Wind,Summer,4994,237,Monday,August
6/21/2025,10,11,Solar,Summer,7971,172,Saturday,June
6/20/2023,23,0,Wind,Summer,1043,171,Tuesday,June
8/9/2022,11,12,Solar,Summer,9212,221,Tuesday,August
5/7/2024,0,1,Wind,Spring,2917,128,Tuesday,May
2/20/2023,0,1,Wind,Winter,3125,51,Monday,February
10/17/2023,7,8,Wind,Fall,7154,290,Tuesday,October
12/18/2020,4,5,Wind,Winter,5875,353,Friday,December
5/29/2020,16,17,Wind,Spring,7583,150,Friday,May
8/14/2023,14,15,Solar,Summer,9682,226,Monday,August
5/4/2021,15,16,Wind,Spring,14449,124,Tuesday,May
3/1/2021,9,10,Wind,Spring,5489,60,Monday,March
2/4/2025,17,18,Wind,Winter,4150,35,Tuesday,February
5/20/2023,16,17,Wind,Spring,9396,140,Saturday,May
2/20/2021,6,7,Wind,Winter,11021,51,Saturday,February
6/8/2023,23,0,Wind,Summer,4890,159,Thursday,June
8/11/2021,8,9,Solar,Summer,1398,223,Wednesday,August
4/16/2022,1,2,Wind,Spring,5425,106,Saturday,April
2/22/2020,15,16,Wind,Winter,11215,53,Saturday,February
9/20/2020,5,6,Wind,Fall,1430,264,Sunday,September
7/26/2025,16,17,Solar,Summer,12297,207,Saturday,July
7/7/2020,16,17,Solar,Summer,4966,189,Tuesday,July
10/14/2024,7,8,Wind,Fall,4181,288,Monday,October
1/10/2021,12,13,Wind,Winter,4787,10,Sunday,January
5/26/2020,13,14,Solar,Spring,7674,147,Tuesday,May
6/11/2022,10,11,Solar,Summer,4978,162,Saturday,June
11/15/2021,3,4,Wind,Fall,3192,319,Monday,November
2/17/2024,2,3,Wind,Winter,2933,48,Saturday,February
8/4/2021,20,21,Wind,Summer,1904,216,Wednesday,August
2/24/2022,4,5,Wind,Winter,4560,55,Thursday,February
4/25/2021,16,17,Wind,Spring,10672,115,Sunday,April
10/10/2022,15,16,Solar,Fall,4814,283,Monday,October
6/7/2020,13,14,Solar,Summer,4010,159,Sunday,June
3/20/2023,21,22,Wind,Spring,1961,79,Monday,March
4/16/2022,19,20,Wind,Spring,6468,106,Saturday,April
2/21/2023,19,20,Wind,Winter,1282,52,Tuesday,February
9/16/2025,10,11,Wind,Fall,13417,259,Tuesday,September
10/15/2025,11,12,Solar,Fall,8271,288,Wednesday,October
4/30/2022,2,3,Wind,Spring,4404,120,Saturday,April
3/16/2023,13,14,Wind,Spring,12494,75,Thursday,March
6/18/2020,13,14,Solar,Summer,4693,170,Thursday,June
5/13/2022,11,12,Solar,Spring,5938,133,Friday,May
11/5/2020,11,12,Wind,Fall,6089,310,Thursday,November
4/29/2025,15,16,Solar,Spring,6311,119,Tuesday,April
5/4/2023,23,0,Wind,Spring,3643,124,Thursday,May
11/17/2025,0,1,Wind,Fall,5025,321,Monday,November
7/1/2021,5,6,Wind,Summer,651,182,Thursday,July
3/15/2023,11,12,Solar,Spring,6484,74,Wednesday,March
9/15/2023,10,11,Solar,Fall,5974,258,Friday,September
12/22/2023,23,0,Wind,Winter,13587,356,Friday,December
3/22/2021,4,5,Wind,Spring,4054,81,Monday,March
12/12/2022,22,23,Wind,Winter,6733,346,Monday,December
9/3/2023,11,12,Solar,Fall,7094,246,Sunday,September
11/9/2021,0,1,Wind,Fall,1819,313,Tuesday,November
1/17/2021,12,13,Wind,Winter,7552,17,Sunday,January
6/21/2023,7,8,Wind,Summer,1637,172,Wednesday,June
5/20/2021,18,19,Wind,Spring,9869,140,Thursday,May
4/16/2021,7,8,Wind,Spring,4456,106,Friday,April
12/17/2022,9,10,Wind,Winter,3658,351,Saturday,December
5/8/2022,6,7,Wind,Spring,3605,128,Sunday,May
12/22/2022,12,13,Wind,Winter,14188,356,Thursday,December
7/11/2021,19,20,Solar,Summer,1524,192,Sunday,July
1/27/2020,23,0,Wind,Winter,11841,27,Monday,January
6/15/2020,14,15,Solar,Summer,5662,167,Monday,June
1/17/2020,19,20,Wind,Winter,7060,17,Friday,January
8/8/2025,21,22,Wind,Summer,1377,220,Friday,August
12/22/2023,3,4,Wind,Winter,16098,356,Friday,December
10/22/2025,14,15,Solar,Fall,7599,295,Wednesday,October
5/21/2023,11,12,Wind,Spring,5316,141,Sunday,May
6/14/2025,23,0,Wind,Summer,2727,165,Saturday,June
7/7/2025,8,9,Wind,Summer,7413,188,Monday,July
1/9/2024,13,14,Wind,Winter,7152,9,Tuesday,January
1/21/2021,5,6,Wind,Winter,11117,21,Thursday,January
3/28/2024,0,1,Wind,Spring,14268,88,Thursday,March
3/24/2024,9,10,Wind,Spring,14489,84,Sunday,March
5/11/2022,7,8,Wind,Spring,3997,131,Wednesday,May
6/20/2021,19,20,Wind,Summer,3126,171,Sunday,June
12/23/2020,13,14,Wind,Winter,11166,358,Wednesday,December
4/14/2024,11,12,Solar,Spring,3777,105,Sunday,April
10/17/2025,1,2,Wind,Fall,5705,290,Friday,October
8/24/2023,5,6,Wind,Summer,3806,236,Thursday,August
10/5/2022,22,23,Wind,Fall,6523,278,Wednesday,October
3/4/2025,22,23,Wind,Spring,2922,63,Tuesday,March
6/15/2021,1,2,Wind,Summer,2375,166,Tuesday,June
6/27/2020,14,15,Wind,Summer,11830,179,Saturday,June
1/22/2020,23,0,Wind,Winter,6702,22,Wednesday,January
9/1/2023,0,1,Wind,Fall,4962,244,Friday,September
7/27/2024,7,8,Wind,Summer,942,209,Saturday,July
9/12/2024,13,14,Solar,Fall,11222,256,Thursday,September
9/5/2022,22,23,Wind,Fall,5367,248,Monday,September
6/22/2022,19,20,Wind,Summer,2962,173,Wednesday,June
9/6/2023,7,8,Wind,Fall,2356,249,Wednesday,September
8/26/2020,23,0,Wind,Summer,1950,239,Wednesday,August
2/19/2021,6,7,Wind,Winter,4981,50,Friday,February
6/14/2022,14,15,Solar,Summer,6715,165,Tuesday,June
2/22/2020,13,14,Wind,Winter,12629,53,Saturday,February
9/14/2022,11,12,Solar,Fall,5082,257,Wednesday,September
6/15/2024,13,14,Wind,Summer,11056,167,Saturday,June
1/1/2023,7,8,Wind,Winter,9266,1,Sunday,January
9/5/2021,17,18,Solar,Fall,2963,248,Sunday,September
11/24/2023,23,0,Wind,Fall,9503,328,Friday,November
5/26/2024,0,1,Wind,Spring,3450,147,Sunday,May
9/23/2025,4,5,Wind,Fall,4925,266,Tuesday,September
8/28/2022,5,6,Wind,Summer,3796,240,Sunday,August
11/17/2023,4,5,Wind,Fall,4902,321,Friday,November
12/15/2024,12,13,Wind,Winter,9874,350,Sunday,December
8/22/2020,17,18,Wind,Summer,10771,235,Saturday,August
10/3/2020,2,3,Wind,Fall,2954,277,Saturday,October
6/4/2024,22,23,Wind,Summer,4507,156,Tuesday,June
5/3/2024,15,16,Solar,Spring,10504,124,Friday,May
2/6/2020,11,12,Solar,Winter,4762,37,Thursday,February
1/19/2025,3,4,Wind,Winter,931,19,Sunday,January
7/6/2021,15,16,Wind,Summer,11191,187,Tuesday,July
8/12/2020,11,12,Solar,Summer,3755,225,Wednesday,August
2/3/2024,12,13,Wind,Winter,7803,34,Saturday,February
10/7/2025,9,10,Solar,Fall,3821,280,Tuesday,October
10/19/2024,13,14,Wind,Fall,10146,293,Saturday,October
10/28/2025,3,4,Wind,Fall,11254,301,Tuesday,October
8/11/2021,21,22,Wind,Summer,438,223,Wednesday,August
2/5/2024,22,23,Wind,Winter,8550,36,Monday,February
9/28/2022,23,0,Wind,Fall,2524,271,Wednesday,September
12/18/2024,8,9,Wind,Winter,15129,353,Wednesday,December
2/6/2022,2,3,Wind,Winter,13175,37,Sunday,February
10/12/2022,8,9,Wind,Fall,584,285,Wednesday,October
7/26/2022,21,22,Wind,Summer,2482,207,Tuesday,July
5/28/2021,14,15,Solar,Spring,5503,148,Friday,May
9/13/2023,19,20,Wind,Fall,1538,256,Wednesday,September
10/29/2025,11,12,Wind,Fall,7794,302,Wednesday,October
7/2/2024,13,14,Solar,Summer,8030,184,Tuesday,July
12/4/2024,23,0,Wind,Winter,6973,339,Wednesday,December
4/14/2021,1,2,Wind,Spring,4020,104,Wednesday,April
2/4/2023,10,11,Solar,Winter,4372,35,Saturday,February
9/17/2023,3,4,Wind,Fall,2904,260,Sunday,September
4/19/2023,4,5,Wind,Spring,7469,109,Wednesday,April
5/29/2021,3,4,Wind,Spring,2960,149,Saturday,May
5/5/2025,9,10,Wind,Spring,12112,125,Monday,May
6/22/2024,0,1,Wind,Summer,4950,174,Saturday,June
5/9/2020,18,19,Wind,Spring,2119,130,Saturday,May
3/27/2025,18,19,Wind,Spring,3241,86,Thursday,March
3/5/2022,7,8,Wind,Spring,2368,64,Saturday,March
5/15/2020,2,3,Wind,Spring,7692,136,Friday,May
10/15/2022,9,10,Wind,Fall,11169,288,Saturday,October
7/5/2023,5,6,Wind,Summer,9980,186,Wednesday,July
3/18/2022,9,10,Wind,Spring,9550,77,Friday,March
1/15/2022,11,12,Solar,Winter,3590,15,Saturday,January
10/21/2022,12,13,Wind,Fall,8623,294,Friday,October
10/1/2021,18,19,Wind,Fall,5384,274,Friday,October
9/15/2023,16,17,Solar,Fall,6137,258,Friday,September
5/18/2022,6,7,Wind,Spring,1431,138,Wednesday,May
1/26/2025,7,8,Wind,Winter,10617,26,Sunday,January
4/6/2021,4,5,Wind,Spring,4973,96,Tuesday,April
6/5/2024,15,16,Solar,Summer,8338,157,Wednesday,June
5/27/2023,16,17,Solar,Spring,7001,147,Saturday,May
10/7/2023,14,15,Solar,Fall,8412,280,Saturday,October
6/19/2025,23,0,Wind,Summer,6656,170,Thursday,June
7/14/2020,16,17,Solar,Summer,5502,196,Tuesday,July
1/30/2025,9,10,Wind,Winter,6843,30,Thursday,January
4/18/2020,10,11,Solar,Spring,2403,109,Saturday,April
5/1/2020,20,21,Wind,Spring,7607,122,Friday,May
12/17/2024,7,8,Wind,Winter,2584,352,Tuesday,December
10/20/2021,2,3,Wind,Fall,11312,293,Wednesday,October
1/19/2025,13,14,Solar,Winter,4287,19,Sunday,January
1/19/2020,12,13,Wind,Winter,7168,19,Sunday,January
4/3/2022,12,13,Wind,Spring,8072,93,Sunday,April
11/26/2022,16,17,Wind,Fall,4098,330,Saturday,November
4/6/2024,11,12,Wind,Spring,11113,97,Saturday,April
6/29/2024,9,10,Wind,Summer,4606,181,Saturday,June
6/21/2022,13,14,Solar,Summer,4725,172,Tuesday,June
5/24/2021,7,8,Wind,Spring,7606,144,Monday,May
7/19/2025,22,23,Wind,Summer,3591,200,Saturday,July
1/24/2023,6,7,Wind,Winter,7138,24,Tuesday,January
1/5/2023,5,6,Wind,Winter,8718,5,Thursday,January
3/31/2024,15,16,Wind,Spring,12871,91,Sunday,March
10/20/2021,4,5,Wind,Fall,10723,293,Wednesday,October
10/8/2020,16,17,Wind,Fall,10734,282,Thursday,October
11/22/2025,4,5,Wind,Fall,4238,326,Saturday,November
2/9/2021,7,8,Wind,Winter,1690,40,Tuesday,February
12/11/2022,4,5,Wind,Winter,2435,345,Sunday,December
10/2/2022,10,11,Wind,Fall,8595,275,Sunday,October
12/11/2021,21,22,Wind,Winter,4734,345,Saturday,December
1/29/2025,19,20,Wind,Winter,7676,29,Wednesday,January
10/17/2024,16,17,Wind,Fall,3148,291,Thursday,October
2/15/2020,10,11,Wind,Winter,9345,46,Saturday,February
8/30/2021,17,18,Wind,Summer,7498,242,Monday,August
12/1/2022,2,3,Wind,Winter,3707,335,Thursday,December
9/24/2023,23,0,Wind,Fall,6907,267,Sunday,September
1/29/2020,5,6,Wind,Winter,8170,29,Wednesday,January
6/27/2025,0,1,Wind,Summer,3718,178,Friday,June
3/23/2020,20,21,Wind,Spring,7815,83,Monday,March
6/3/2024,11,12,Solar,Summer,6838,155,Monday,June
6/3/2020,21,22,Wind,Summer,4054,155,Wednesday,June
3/15/2024,22,23,Wind,Spring,11551,75,Friday,March
5/6/2020,1,2,Wind,Spring,2902,127,Wednesday,May
6/20/2022,8,9,Wind,Summer,4120,171,Monday,June
8/4/2022,8,9,Wind,Summer,2352,216,Thursday,August
6/5/2025,2,3,Wind,Summer,3520,156,Thursday,June
5/22/2024,21,22,Wind,Spring,3246,143,Wednesday,May
5/31/2021,12,13,Solar,Spring,8251,151,Monday,May
5/17/2025,16,17,Solar,Spring,5091,137,Saturday,May
6/8/2023,3,4,Wind,Summer,4963,159,Thursday,June
6/10/2020,13,14,Solar,Summer,3476,162,Wednesday,June
4/6/2021,7,8,Wind,Spring,4483,96,Tuesday,April
5/12/2020,13,14,Wind,Spring,5427,133,Tuesday,May
10/22/2021,13,14,Wind,Fall,7756,295,Friday,October
10/25/2020,20,21,Wind,Fall,5286,299,Sunday,October
11/10/2024,9,10,Solar,Fall,2337,315,Sunday,November
8/27/2020,3,4,Wind,Summer,746,240,Thursday,August
12/8/2020,13,14,Wind,Winter,2927,343,Tuesday,December
2/25/2020,19,20,Wind,Winter,11340,56,Tuesday,February
5/25/2025,22,23,Wind,Spring,7827,145,Sunday,May
10/29/2024,8,9,Wind,Fall,2469,303,Tuesday,October
6/12/2023,2,3,Wind,Summer,1550,163,Monday,June
6/11/2022,18,19,Solar,Summer,3464,162,Saturday,June
10/14/2024,9,10,Wind,Fall,4669,288,Monday,October
11/29/2023,7,8,Wind,Fall,3138,333,Wednesday,November
5/11/2023,19,20,Wind,Spring,3543,131,Thursday,May
5/30/2022,5,6,Wind,Spring,3358,150,Monday,May
4/20/2023,1,2,Wind,Spring,9578,110,Thursday,April
10/26/2025,15,16,Wind,Fall,14457,299,Sunday,October
6/3/2021,12,13,Solar,Summer,4373,154,Thursday,June
5/9/2022,19,20,Solar,Spring,1377,129,Monday,May
12/20/2021,3,4,Wind,Winter,3033,354,Monday,December
10/9/2023,6,7,Wind,Fall,1355,282,Monday,October
9/15/2023,0,1,Wind,Fall,3113,258,Friday,September
9/8/2023,5,6,Wind,Fall,1193,251,Friday,September
6/24/2020,3,4,Wind,Summer,4927,176,Wednesday,June
11/30/2024,2,3,Wind,Fall,4784,335,Saturday,November
4/14/2025,4,5,Wind,Spring,625,104,Monday,April
8/13/2021,1,2,Wind,Summer,1385,225,Friday,August
7/6/2021,20,21,Wind,Summer,3252,187,Tuesday,July
5/2/2020,6,7,Wind,Spring,4527,123,Saturday,May
9/25/2021,7,8,Wind,Fall,1626,268,Saturday,September
9/13/2025,23,0,Wind,Fall,5473,256,Saturday,September
5/3/2022,20,21,Wind,Spring,3913,123,Tuesday,May
5/31/2022,6,7,Wind,Spring,629,151,Tuesday,May
4/4/2021,20,21,Wind,Spring,1822,94,Sunday,April
5/2/2022,14,15,Solar,Spring,6399,122,Monday,May
4/22/2022,6,7,Wind,Spring,4924,112,Friday,April
12/6/2021,13,14,Wind,Winter,6810,340,Monday,December
12/11/2021,4,5,Wind,Winter,7205,345,Saturday,December
2/28/2025,2,3,Wind,Winter,4602,59,Friday,February
2/9/2023,0,1,Wind,Winter,2302,40,Thursday,February
10/16/2020,12,13,Wind,Fall,4771,290,Friday,October
10/17/2023,19,20,Wind,Fall,9601,290,Tuesday,October
10/21/2025,0,1,Wind,Fall,16078,294,Tuesday,October
11/7/2023,15,16,Wind,Fall,10062,311,Tuesday,November
10/30/2025,20,21,Wind,Fall,7973,303,Thursday,October
10/19/2020,1,2,Wind,Fall,1282,293,Monday,October
9/8/2023,0,1,Wind,Fall,1364,251,Friday,September
10/19/2025,18,19,Wind,Fall,12954,292,Sunday,October
11/13/2022,15,16,Solar,Fall,2623,317,Sunday,November
2/24/2021,23,0,Wind,Winter,6614,55,Wednesday,February
4/16/2023,14,15,Solar,Spring,10098,106,Sunday,April
8/19/2024,21,22,Wind,Summer,2334,232,Monday,August
3/1/2024,20,21,Wind,Spring,13391,61,Friday,March
4/25/2025,23,0,Wind,Spring,5109,115,Friday,April
6/5/2025,0,1,Wind,Summer,2919,156,Thursday,June
5/4/2024,20,21,Wind,Spring,3018,125,Saturday,May
8/19/2023,17,18,Solar,Summer,5543,231,Saturday,August
3/21/2024,9,10,Solar,Spring,3781,81,Thursday,March
4/5/2021,1,2,Wind,Spring,3111,95,Monday,April
5/19/2021,22,23,Wind,Spring,3897,139,Wednesday,May
12/21/2023,3,4,Wind,Winter,14043,355,Thursday,December
2/22/2025,4,5,Wind,Winter,10381,53,Saturday,February
2/7/2021,23,0,Wind,Winter,1739,38,Sunday,February
5/10/2025,6,7,Wind,Spring,7169,130,Saturday,May
2/25/2025,14,15,Wind,Winter,13221,56,Tuesday,February
7/2/2024,2,3,Wind,Summer,2993,184,Tuesday,July
5/25/2023,6,7,Wind,Spring,7649,145,Thursday,May
4/13/2022,16,17,Solar,Spring,3243,103,Wednesday,April
2/15/2025,18,19,Wind,Winter,3681,46,Saturday,February
4/19/2022,5,6,Wind,Spring,2287,109,Tuesday,April
2/14/2021,23,0,Wind,Winter,10047,45,Sunday,February
1/13/2024,2,3,Wind,Winter,2005,13,Saturday,January
6/23/2024,21,22,Wind,Summer,1679,175,Sunday,June
6/23/2023,22,23,Wind,Summer,2045,174,Friday,June
12/13/2022,16,17,Wind,Winter,2696,347,Tuesday,December
10/3/2023,20,21,Wind,Fall,4434,276,Tuesday,October
7/13/2023,15,16,Solar,Summer,9653,194,Thursday,July
4/19/2020,17,18,Wind,Spring,4146,110,Sunday,April
12/1/2022,19,20,Wind,Winter,3999,335,Thursday,December
6/23/2025,19,20,Wind,Summer,9992,174,Monday,June
9/8/2020,1,2,Wind,Fall,1554,252,Tuesday,September
7/3/2024,18,19,Wind,Summer,9354,185,Wednesday,July
7/25/2025,3,4,Wind,Summer,2035,206,Friday,July
6/20/2021,10,11,Solar,Summer,3778,171,Sunday,June
5/31/2023,8,9,Wind,Spring,7123,151,Wednesday,May
5/1/2021,11,12,Solar,Spring,3323,121,Saturday,May
4/2/2023,12,13,Wind,Spring,12812,92,Sunday,April
1/8/2022,10,11,Wind,Winter,10733,8,Saturday,January
2/23/2024,13,14,Wind,Winter,16191,54,Friday,February
1/22/2021,17,18,Wind,Winter,3817,22,Friday,January
7/5/2025,4,5,Wind,Summer,2489,186,Saturday,July
4/18/2024,12,13,Solar,Spring,8623,109,Thursday,April
10/24/2024,0,1,Wind,Fall,6796,298,Thursday,October
8/8/2023,22,23,Wind,Summer,2582,220,Tuesday,August
1/13/2020,17,18,Wind,Winter,9926,13,Monday,January
6/27/2025,13,14,Solar,Summer,11541,178,Friday,June
7/1/2024,5,6,Wind,Summer,1695,183,Monday,July
5/11/2024,21,22,Wind,Spring,3472,132,Saturday,May
9/7/2025,14,15,Wind,Fall,7231,250,Sunday,September
11/19/2023,13,14,Wind,Fall,17786,323,Sunday,November
12/11/2020,18,19,Wind,Winter,6188,346,Friday,December
8/28/2020,5,6,Wind,Summer,4524,241,Friday,August
2/4/2025,13,14,Solar,Winter,8211,35,Tuesday,February
2/9/2020,5,6,Wind,Winter,11052,40,Sunday,February
4/13/2022,5,6,Wind,Spring,1227,103,Wednesday,April
10/24/2021,22,23,Wind,Fall,3438,297,Sunday,October
10/24/2024,5,6,Wind,Fall,6302,298,Thursday,October
2/16/2023,6,7,Wind,Winter,4250,47,Thursday,February
6/11/2024,4,5,Wind,Summer,1800,163,Tuesday,June
10/16/2020,23,0,Wind,Fall,1207,290,Friday,October
6/28/2020,3,4,Wind,Summer,4867,180,Sunday,June
3/23/2024,11,12,Wind,Spring,12855,83,Saturday,March
8/13/2025,3,4,Wind,Summer,1056,225,Wednesday,August
7/4/2022,1,2,Wind,Summer,3580,185,Monday,July
4/18/2022,15,16,Solar,Spring,5600,108,Monday,April
8/18/2025,16,17,Solar,Summer,7367,230,Monday,August
11/17/2024,18,19,Wind,Fall,4964,322,Sunday,November
4/30/2023,23,0,Wind,Spring,1696,120,Sunday,April
3/20/2020,2,3,Wind,Spring,3316,80,Friday,March
12/15/2023,12,13,Solar,Winter,4274,349,Friday,December
11/28/2021,13,14,Wind,Fall,10375,332,Sunday,November
10/31/2025,21,22,Wind,Fall,15246,304,Friday,October
10/5/2022,12,13,Wind,Fall,14483,278,Wednesday,October
6/23/2025,10,11,Wind,Summer,11567,174,Monday,June
3/1/2023,18,19,Wind,Spring,7450,60,Wednesday,March
12/12/2022,10,11,Wind,Winter,3288,346,Monday,December
11/12/2021,15,16,Wind,Fall,3879,316,Friday,November
12/21/2023,12,13,Wind,Winter,19358,355,Thursday,December
10/25/2024,2,3,Wind,Fall,6941,299,Friday,October
2/24/2023,18,19,Wind,Winter,3224,55,Friday,February
7/8/2022,11,12,Solar,Summer,7531,189,Friday,July
11/8/2020,1,2,Wind,Fall,4275,313,Sunday,November
11/1/2021,0,1,Wind,Fall,9125,305,Monday,November
11/23/2024,0,1,Wind,Fall,8044,328,Saturday,November
12/23/2024,5,6,Wind,Winter,17108,358,Monday,December
11/15/2023,21,22,Wind,Fall,4402,319,Wednesday,November
7/29/2020,13,14,Solar,Summer,4027,211,Wednesday,July
3/1/2020,16,17,Wind,Spring,8574,61,Sunday,March
12/16/2020,10,11,Wind,Winter,8045,351,Wednesday,December
11/2/2021,4,5,Wind,Fall,4888,306,Tuesday,November
11/9/2020,9,10,Wind,Fall,3308,314,Monday,November
10/4/2023,4,5,Wind,Fall,2628,277,Wednesday,October
2/16/2024,22,23,Wind,Winter,4567,47,Friday,February
3/21/2020,11,12,Wind,Spring,10973,81,Saturday,March
8/8/2021,5,6,Wind,Summer,5042,220,Sunday,August
5/29/2021,5,6,Wind,Spring,2581,149,Saturday,May
9/8/2023,14,15,Solar,Fall,7239,251,Friday,September
1/16/2024,2,3,Wind,Winter,1868,16,Tuesday,January
6/26/2025,21,22,Wind,Summer,4580,177,Thursday,June
9/28/2021,5,6,Wind,Fall,1599,271,Tuesday,September
3/6/2020,2,3,Wind,Spring,10808,66,Friday,March
10/10/2021,5,6,Wind,Fall,1374,283,Sunday,October
6/7/2025,18,19,Wind,Summer,13408,158,Saturday,June
12/2/2023,11,12,Solar,Winter,4402,336,Saturday,December
6/9/2020,20,21,Wind,Summer,2462,161,Tuesday,June
7/14/2025,19,20,Wind,Summer,8818,195,Monday,July
2/5/2021,21,22,Wind,Winter,2566,36,Friday,February
2/2/2023,21,22,Wind,Winter,7011,33,Thursday,February
5/26/2023,16,17,Solar,Spring,11645,146,Friday,May
8/3/2024,14,15,Solar,Summer,10343,216,Saturday,August
10/14/2022,0,1,Wind,Fall,3451,287,Friday,October
8/12/2025,12,13,Solar,Summer,10561,224,Tuesday,August
3/28/2022,7,8,Wind,Spring,1693,87,Monday,March
5/2/2025,4,5,Wind,Spring,3410,122,Friday,May
4/13/2025,17,18,Wind,Spring,5953,103,Sunday,April
10/9/2020,21,22,Wind,Fall,3453,283,Friday,October
8/6/2025,2,3,Wind,Summer,3916,218,Wednesday,August
6/11/2021,21,22,Wind,Summer,2176,162,Friday,June
6/19/2020,9,10,Solar,Summer,3181,171,Friday,June
1/24/2023,7,8,Wind,Winter,7104,24,Tuesday,January
9/15/2020,21,22,Wind,Fall,833,259,Tuesday,September
7/24/2023,7,8,Wind,Summer,4430,205,Monday,July
7/6/2025,16,17,Wind,Summer,14176,187,Sunday,July
4/15/2021,12,13,Wind,Spring,9189,105,Thursday,April
3/22/2025,23,0,Wind,Spring,4464,81,Saturday,March
1/4/2024,11,12,Wind,Winter,11461,4,Thursday,January
2/17/2023,7,8,Wind,Winter,8100,48,Friday,February
5/20/2024,4,5,Wind,Spring,1616,141,Monday,May
1/27/2024,10,11,Wind,Winter,5738,27,Saturday,January
8/31/2023,15,16,Wind,Summer,10018,243,Thursday,August
2/19/2021,3,4,Wind,Winter,4793,50,Friday,February
7/8/2021,14,15,Solar,Summer,5195,189,Thursday,July
5/19/2023,1,2,Wind,Spring,6367,139,Friday,May
1/29/2021,16,17,Wind,Winter,14125,29,Friday,January
6/1/2022,20,21,Wind,Summer,2172,152,Wednesday,June
4/30/2020,16,17,Wind,Spring,14234,121,Thursday,April
9/22/2021,21,22,Wind,Fall,2338,265,Wednesday,September
2/2/2024,4,5,Wind,Winter,4279,33,Friday,February
7/24/2022,15,16,Solar,Summer,7307,205,Sunday,July
5/25/2021,13,14,Wind,Spring,14393,145,Tuesday,May
7/17/2023,7,8,Wind,Summer,2338,198,Monday,July
6/8/2024,9,10,Solar,Summer,4101,160,Saturday,June
7/19/2022,8,9,Wind,Summer,5523,200,Tuesday,July
11/16/2020,10,11,Wind,Fall,9212,321,Monday,November
2/2/2024,23,0,Wind,Winter,6383,33,Friday,February
6/25/2020,20,21,Wind,Summer,1654,177,Thursday,June
7/10/2025,22,23,Wind,Summer,3466,191,Thursday,July
6/3/2022,5,6,Wind,Summer,2794,154,Friday,June
6/18/2020,2,3,Wind,Summer,1786,170,Thursday,June
3/21/2024,4,5,Wind,Spring,2332,81,Thursday,March
4/25/2023,1,2,Wind,Spring,2739,115,Tuesday,April
1/7/2022,9,10,Wind,Winter,9573,7,Friday,January
4/18/2023,12,13,Wind,Spring,12157,108,Tuesday,April
3/26/2023,8,9,Wind,Spring,14251,85,Sunday,March
12/19/2023,9,10,Wind,Winter,9075,353,Tuesday,December
10/26/2022,0,1,Wind,Fall,6850,299,Wednesday,October
6/3/2025,8,9,Wind,Summer,5477,154,Tuesday,June
6/17/2020,3,4,Wind,Summer,1304,169,Wednesday,June
8/29/2025,3,4,Wind,Summer,8790,241,Friday,August
2/16/2020,15,16,Wind,Winter,13620,47,Sunday,February
9/15/2020,4,5,Wind,Fall,3135,259,Tuesday,September
2/7/2022,14,15,Solar,Winter,6367,38,Monday,February
9/18/2021,21,22,Wind,Fall,2374,261,Saturday,September
5/9/2023,4,5,Wind,Spring,2754,129,Tuesday,May
3/18/2024,9,10,Solar,Spring,3934,78,Monday,March
1/10/2024,12,13,Wind,Winter,2707,10,Wednesday,January
12/24/2020,2,3,Wind,Winter,10311,359,Thursday,December
6/10/2024,8,9,Wind,Summer,7335,162,Monday,June
11/9/2022,1,2,Wind,Fall,9198,313,Wednesday,November
11/11/2024,1,2,Wind,Fall,2550,316,Monday,November
12/5/2022,19,20,Wind,Winter,1646,339,Monday,December
1/6/2020,22,23,Wind,Winter,6114,6,Monday,January
8/21/2023,21,22,Wind,Summer,1791,233,Monday,August
1/12/2020,17,18,Wind,Winter,4993,12,Sunday,January
10/12/2024,18,19,Wind,Fall,6137,286,Saturday,October
11/9/2020,13,14,Solar,Fall,2889,314,Monday,November
9/13/2022,0,1,Wind,Fall,2581,256,Tuesday,September
3/29/2020,16,17,Wind,Spring,13630,89,Sunday,March
2/15/2025,22,23,Wind,Winter,5661,46,Saturday,February
8/27/2025,0,1,Wind,Summer,2252,239,Wednesday,August
7/12/2023,22,23,Wind,Summer,3539,193,Wednesday,July
1/2/2025,7,8,Wind,Winter,6369,2,Thursday,January
2/19/2021,9,10,Wind,Winter,6811,50,Friday,February
9/23/2025,2,3,Wind,Fall,7896,266,Tuesday,September
7/10/2022,8,9,Wind,Summer,4514,191,Sunday,July
3/26/2021,5,6,Wind,Spring,3646,85,Friday,March
10/15/2021,6,7,Wind,Fall,1575,288,Friday,October
2/7/2025,15,16,Wind,Winter,10457,38,Friday,February
10/10/2025,18,19,Wind,Fall,3559,283,Friday,October
6/22/2023,15,16,Wind,Summer,9514,173,Thursday,June
2/24/2022,22,23,Wind,Winter,7938,55,Thursday,February
1/15/2025,16,17,Wind,Winter,3431,15,Wednesday,January
7/28/2021,4,5,Wind,Summer,3354,209,Wednesday,July
5/5/2025,15,16,Wind,Spring,15064,125,Monday,May
2/12/2023,21,22,Wind,Winter,4192,43,Sunday,February
10/5/2021,8,9,Wind,Fall,10165,278,Tuesday,October
7/16/2022,19,20,Wind,Summer,4533,197,Saturday,July
5/2/2023,16,17,Solar,Spring,8967,122,Tuesday,May
5/22/2021,9,10,Wind,Spring,12712,142,Saturday,May
4/14/2025,6,7,Wind,Spring,479,104,Monday,April
8/19/2022,11,12,Solar,Summer,6190,231,Friday,August
11/12/2020,8,9,Wind,Fall,5261,317,Thursday,November
6/5/2020,2,3,Wind,Summer,3265,157,Friday,June
8/10/2021,5,6,Wind,Summer,1248,222,Tuesday,August
2/15/2023,0,1,Wind,Winter,4757,46,Wednesday,February
7/26/2021,11,12,Solar,Summer,5093,207,Monday,July
2/6/2022,10,11,Wind,Winter,17304,37,Sunday,February
12/20/2020,19,20,Wind,Winter,5429,355,Sunday,December
5/29/2024,13,14,Wind,Spring,11498,150,Wednesday,May
3/14/2023,19,20,Wind,Spring,6322,73,Tuesday,March
3/17/2023,18,19,Wind,Spring,6610,76,Friday,March
8/8/2020,5,6,Wind,Summer,1149,221,Saturday,August
5/2/2021,2,3,Wind,Spring,2502,122,Sunday,May
1/21/2021,16,17,Wind,Winter,11579,21,Thursday,January
7/4/2020,2,3,Wind,Summer,3974,186,Saturday,July
8/7/2020,14,15,Solar,Summer,4514,220,Friday,August
4/1/2020,21,22,Wind,Spring,3851,92,Wednesday,April
9/15/2022,6,7,Wind,Fall,1567,258,Thursday,September
2/16/2023,10,11,Wind,Winter,7146,47,Thursday,February
5/18/2024,0,1,Wind,Spring,677,139,Saturday,May
12/30/2020,6,7,Wind,Winter,2807,365,Wednesday,December
4/28/2024,12,13,Wind,Spring,8476,119,Sunday,April
3/23/2021,15,16,Solar,Spring,3997,82,Tuesday,March
11/26/2023,1,2,Wind,Fall,2638,330,Sunday,November
4/25/2023,21,22,Wind,Spring,2248,115,Tuesday,April
8/24/2021,11,12,Wind,Summer,9610,236,Tuesday,August
1/27/2025,21,22,Wind,Winter,17504,27,Monday,January
1/3/2025,15,16,Wind,Winter,4264,3,Friday,January
7/3/2022,23,0,Wind,Summer,3250,184,Sunday,July
4/27/2022,18,19,Wind,Spring,7424,117,Wednesday,April
10/17/2022,20,21,Wind,Fall,1731,290,Monday,October
12/24/2024,20,21,Wind,Winter,2733,359,Tuesday,December
7/5/2025,7,8,Wind,Summer,3504,186,Saturday,July
3/24/2024,12,13,Wind,Spring,17542,84,Sunday,March
3/5/2021,9,10,Wind,Spring,5969,64,Friday,March
4/18/2023,0,1,Wind,Spring,7377,108,Tuesday,April
2/20/2020,14,15,Wind,Winter,13570,51,Thursday,February
4/22/2023,21,22,Wind,Spring,4685,112,Saturday,April
6/30/2021,22,23,Wind,Summer,1138,181,Wednesday,June
9/15/2023,5,6,Wind,Fall,2859,258,Friday,September
6/27/2021,19,20,Wind,Summer,1928,178,Sunday,June
12/18/2023,6,7,Wind,Winter,1983,352,Monday,December
1/3/2025,4,5,Wind,Winter,2458,3,Friday,January
10/11/2025,2,3,Wind,Fall,3113,284,Saturday,October
9/17/2022,16,17,Wind,Fall,10338,260,Saturday,September
10/19/2020,14,15,Wind,Fall,7098,293,Monday,October
10/10/2024,7,8,Wind,Fall,7668,284,Thursday,October
4/26/2022,5,6,Wind,Spring,2225,116,Tuesday,April
5/8/2023,14,15,Solar,Spring,6648,128,Monday,May
11/11/2021,17,18,Wind,Fall,380,315,Thursday,November
11/23/2023,20,21,Wind,Fall,8437,327,Thursday,November
4/27/2025,17,18,Solar,Spring,5174,117,Sunday,April
9/27/2025,21,22,Wind,Fall,2138,270,Saturday,September
10/4/2023,18,19,Wind,Fall,2050,277,Wednesday,October
4/3/2022,6,7,Wind,Spring,4104,93,Sunday,April
8/25/2020,1,2,Wind,Summer,723,238,Tuesday,August
7/17/2022,23,0,Wind,Summer,4351,198,Sunday,July
10/3/2025,13,14,Wind,Fall,11301,276,Friday,October
8/6/2021,11,12,Wind,Summer,11666,218,Friday,August
5/14/2021,10,11,Wind,Spring,6084,134,Friday,May
4/22/2024,15,16,Wind,Spring,11441,113,Monday,April
9/12/2021,3,4,Wind,Fall,833,255,Sunday,September
5/21/2025,12,13,Solar,Spring,9175,141,Wednesday,May
9/21/2020,15,16,Solar,Fall,2049,265,Monday,September
2/7/2021,20,21,Wind,Winter,3072,38,Sunday,February
8/27/2022,18,19,Solar,Summer,4302,239,Saturday,August
11/4/2022,8,9,Wind,Fall,6595,308,Friday,November
9/18/2022,21,22,Wind,Fall,4391,261,Sunday,September
6/18/2022,10,11,Solar,Summer,5292,169,Saturday,June
10/22/2021,3,4,Wind,Fall,2015,295,Friday,October
4/29/2020,12,13,Wind,Spring,9416,120,Wednesday,April
2/13/2023,3,4,Wind,Winter,3717,44,Monday,February
5/7/2022,18,19,Wind,Spring,5564,127,Saturday,May
7/4/2021,6,7,Wind,Summer,932,185,Sunday,July
1/15/2023,4,5,Wind,Winter,11169,15,Sunday,January
2/16/2023,18,19,Wind,Winter,6891,47,Thursday,February
8/5/2024,6,7,Wind,Summer,776,218,Monday,August
5/16/2021,1,2,Wind,Spring,5170,136,Sunday,May
3/8/2023,10,11,Wind,Spring,15041,67,Wednesday,March
10/30/2020,13,14,Wind,Fall,7334,304,Friday,October
4/26/2021,10,11,Wind,Spring,7918,116,Monday,April
7/7/2025,6,7,Wind,Summer,5004,188,Monday,July
8/24/2021,9,10,Wind,Summer,6030,236,Tuesday,August
4/1/2022,0,1,Wind,Spring,10193,91,Friday,April
8/21/2024,23,0,Wind,Summer,1351,234,Wednesday,August
1/19/2024,22,23,Wind,Winter,3386,19,Friday,January
5/24/2021,12,13,Wind,Spring,12352,144,Monday,May
5/18/2021,1,2,Wind,Spring,5826,138,Tuesday,May
11/4/2023,14,15,Wind,Fall,17543,308,Saturday,November
7/14/2024,9,10,Solar,Summer,2112,196,Sunday,July
3/10/2022,9,10,Wind,Spring,5077,69,Thursday,March
3/10/2024,1,2,Wind,Spring,3791,70,Sunday,March
2/28/2021,23,0,Wind,Winter,6317,59,Sunday,February
4/23/2025,0,1,Wind,Spring,4602,113,Wednesday,April
6/16/2025,8,9,Solar,Summer,4345,167,Monday,June
3/26/2021,7,8,Wind,Spring,4671,85,Friday,March
8/3/2022,7,8,Wind,Summer,1048,215,Wednesday,August
11/1/2023,7,8,Wind,Fall,12440,305,Wednesday,November
11/21/2022,12,13,Wind,Fall,10615,325,Monday,November
9/23/2020,21,22,Wind,Fall,7077,267,Wednesday,September
7/21/2021,9,10,Solar,Summer,2455,202,Wednesday,July
5/25/2025,23,0,Wind,Spring,7409,145,Sunday,May
1/20/2020,18,19,Wind,Winter,5481,20,Monday,January
7/16/2020,23,0,Wind,Summer,1793,198,Thursday,July
4/11/2025,3,4,Wind,Spring,4126,101,Friday,April
7/30/2023,2,3,Wind,Summer,5343,211,Sunday,July
12/19/2022,23,0,Wind,Winter,13567,353,Monday,December
12/4/2024,2,3,Wind,Winter,1630,339,Wednesday,December
6/10/2022,11,12,Solar,Summer,7582,161,Friday,June
11/17/2021,9,10,Wind,Fall,2394,321,Wednesday,November
4/24/2022,3,4,Wind,Spring,2963,114,Sunday,April
5/28/2023,0,1,Wind,Spring,5726,148,Sunday,May
1/24/2025,10,11,Wind,Winter,19742,24,Friday,January
6/8/2023,11,12,Solar,Summer,8461,159,Thursday,June
11/19/2024,7,8,Wind,Fall,18100,324,Tuesday,November
7/10/2022,5,6,Wind,Summer,4280,191,Sunday,July
5/15/2022,7,8,Wind,Spring,4614,135,Sunday,May
9/28/2022,9,10,Wind,Fall,4568,271,Wednesday,September
2/17/2021,12,13,Wind,Winter,11639,48,Wednesday,February
10/9/2024,12,13,Wind,Fall,12368,283,Wednesday,October
6/4/2025,14,15,Solar,Summer,8787,155,Wednesday,June
11/4/2020,11,12,Solar,Fall,3051,309,Wednesday,November
2/26/2022,8,9,Wind,Winter,5296,57,Saturday,February
3/17/2024,12,13,Solar,Spring,8354,77,Sunday,March
2/15/2023,14,15,Solar,Winter,5873,46,Wednesday,February
7/31/2020,8,9,Wind,Summer,3969,213,Friday,July
4/15/2022,9,10,Solar,Spring,3210,105,Friday,April
12/12/2020,5,6,Wind,Winter,4914,347,Saturday,December
9/2/2022,8,9,Wind,Fall,2497,245,Friday,September
3/16/2020,7,8,Wind,Spring,3407,76,Monday,March
11/21/2024,15,16,Wind,Fall,9569,326,Thursday,November
8/7/2021,3,4,Wind,Summer,3328,219,Saturday,August
2/28/2025,12,13,Solar,Winter,10622,59,Friday,February
4/23/2022,3,4,Wind,Spring,5891,113,Saturday,April
1/7/2025,4,5,Wind,Winter,14713,7,Tuesday,January
10/25/2021,23,0,Wind,Fall,3138,298,Monday,October
11/7/2021,1,2,Wind,Fall,6691,311,Sunday,November
2/4/2021,19,20,Wind,Winter,3434,35,Thursday,February
2/22/2020,4,5,Wind,Winter,8062,53,Saturday,February
10/23/2024,23,0,Wind,Fall,6864,297,Wednesday,October
8/17/2023,0,1,Wind,Summer,2496,229,Thursday,August
3/2/2025,13,14,Solar,Spring,12215,61,Sunday,March
2/5/2023,0,1,Wind,Winter,3594,36,Sunday,February
2/7/2024,7,8,Wind,Winter,17057,38,Wednesday,February
6/20/2023,13,14,Solar,Summer,7992,171,Tuesday,June
1/13/2020,4,5,Wind,Winter,2614,13,Monday,January
9/22/2024,2,3,Wind,Fall,4342,266,Sunday,September
8/27/2025,23,0,Wind,Summer,2306,239,Wednesday,August
11/9/2024,22,23,Wind,Fall,654,314,Saturday,November
1/28/2021,5,6,Wind,Winter,10801,28,Thursday,January
11/8/2024,4,5,Wind,Fall,2745,313,Friday,November
6/27/2024,9,10,Solar,Summer,4237,179,Thursday,June
2/5/2025,15,16,Solar,Winter,5425,36,Wednesday,February
2/24/2025,20,21,Wind,Winter,6233,55,Monday,February
8/9/2022,14,15,Solar,Summer,10463,221,Tuesday,August
8/6/2020,0,1,Wind,Summer,1316,219,Thursday,August
12/20/2022,16,17,Wind,Winter,8489,354,Tuesday,December
5/6/2022,13,14,Solar,Spring,6950,126,Friday,May
5/23/2025,2,3,Wind,Spring,3630,143,Friday,May
1/29/2022,19,20,Wind,Winter,9050,29,Saturday,January
1/8/2023,4,5,Wind,Winter,11271,8,Sunday,January
12/7/2024,7,8,Wind,Winter,18470,342,Saturday,December
1/16/2020,7,8,Wind,Winter,5457,16,Thursday,January
6/8/2022,17,18,Wind,Summer,10342,159,Wednesday,June
5/20/2021,14,15,Wind,Spring,11590,140,Thursday,May
7/25/2021,8,9,Wind,Summer,3518,206,Sunday,July
5/7/2020,15,16,Solar,Spring,4042,128,Thursday,May
3/26/2021,18,19,Wind,Spring,8689,85,Friday,March
6/27/2023,1,2,Wind,Summer,3541,178,Tuesday,June
10/24/2024,1,2,Wind,Fall,6617,298,Thursday,October
8/24/2020,15,16,Solar,Summer,6376,237,Monday,August
10/23/2021,1,2,Wind,Fall,1627,296,Saturday,October
4/4/2020,23,0,Wind,Spring,6994,95,Saturday,April
2/2/2023,22,23,Wind,Winter,6620,33,Thursday,February
11/16/2022,4,5,Wind,Fall,8639,320,Wednesday,November
9/10/2020,6,7,Wind,Fall,1588,254,Thursday,September
3/9/2022,19,20,Wind,Spring,5409,68,Wednesday,March
7/23/2025,4,5,Wind,Summer,981,204,Wednesday,July
3/10/2022,15,16,Wind,Spring,6480,69,Thursday,March
12/4/2021,21,22,Wind,Winter,11148,338,Saturday,December
9/2/2024,4,5,Wind,Fall,1417,246,Monday,September
8/5/2025,7,8,Wind,Summer,4930,217,Tuesday,August
2/19/2024,4,5,Wind,Winter,3561,50,Monday,February
9/23/2025,20,21,Wind,Fall,7015,266,Tuesday,September
3/17/2025,5,6,Wind,Spring,5480,76,Monday,March
12/12/2020,0,1,Wind,Winter,6148,347,Saturday,December
6/2/2022,11,12,Solar,Summer,6196,153,Thursday,June
8/11/2024,20,21,Wind,Summer,4609,224,Sunday,August
7/27/2021,17,18,Wind,Summer,6091,208,Tuesday,July
10/1/2022,18,19,Wind,Fall,9643,274,Saturday,October
12/12/2023,20,21,Wind,Winter,12126,346,Tuesday,December
3/17/2020,6,7,Wind,Spring,985,77,Tuesday,March
6/5/2024,21,22,Wind,Summer,2061,157,Wednesday,June
6/20/2021,5,6,Wind,Summer,3261,171,Sunday,June
10/31/2025,3,4,Wind,Fall,9983,304,Friday,October
1/3/2024,22,23,Wind,Winter,16866,3,Wednesday,January
4/25/2021,2,3,Wind,Spring,8382,115,Sunday,April
1/23/2024,10,11,Wind,Winter,10479,23,Tuesday,January
6/12/2023,5,6,Wind,Summer,1553,163,Monday,June
2/19/2022,1,2,Wind,Winter,11830,50,Saturday,February
1/29/2020,7,8,Wind,Winter,7825,29,Wednesday,January
12/20/2020,18,19,Wind,Winter,5033,355,Sunday,December
6/2/2020,15,16,Solar,Summer,3567,154,Tuesday,June
5/28/2024,8,9,Wind,Spring,6596,149,Tuesday,May
1/30/2023,9,10,Wind,Winter,7712,30,Monday,January
5/4/2020,18,19,Wind,Spring,4761,125,Monday,May
11/1/2021,12,13,Wind,Fall,12570,305,Monday,November
3/26/2020,17,18,Wind,Spring,6738,86,Thursday,March
3/20/2022,11,12,Solar,Spring,5199,79,Sunday,March
11/9/2021,18,19,Wind,Fall,1386,313,Tuesday,November
6/2/2020,6,7,Wind,Summer,1579,154,Tuesday,June
3/14/2021,6,7,Wind,Spring,10061,73,Sunday,March
4/2/2024,17,18,Wind,Spring,14399,93,Tuesday,April
4/4/2025,10,11,Solar,Spring,8357,94,Friday,April
1/17/2023,7,8,Wind,Winter,2989,17,Tuesday,January
1/12/2023,8,9,Wind,Winter,16345,12,Thursday,January
9/22/2022,4,5,Wind,Fall,2032,265,Thursday,September
5/2/2020,7,8,Wind,Spring,4238,123,Saturday,May
9/26/2024,2,3,Wind,Fall,12285,270,Thursday,September
8/15/2024,16,17,Solar,Summer,9170,228,Thursday,August
12/19/2024,23,0,Wind,Winter,10852,354,Thursday,December
8/4/2025,21,22,Wind,Summer,4350,216,Monday,August
8/27/2023,20,21,Wind,Summer,4122,239,Sunday,August
5/25/2023,10,11,Wind,Spring,12510,145,Thursday,May
12/12/2020,2,3,Wind,Winter,5549,347,Saturday,December
9/11/2023,7,8,Wind,Fall,1487,254,Monday,September
2/29/2024,15,16,Wind,Winter,11785,60,Thursday,February
2/18/2025,17,18,Wind,Winter,7911,49,Tuesday,February
8/11/2020,6,7,Wind,Summer,789,224,Tuesday,August
7/12/2021,21,22,Wind,Summer,3009,193,Monday,July
12/10/2022,9,10,Wind,Winter,2001,344,Saturday,December
9/8/2022,1,2,Wind,Fall,3781,251,Thursday,September
4/13/2024,1,2,Wind,Spring,2145,104,Saturday,April
5/19/2022,11,12,Wind,Spring,8552,139,Thursday,May
5/15/2024,1,2,Wind,Spring,3240,136,Wednesday,May
1/4/2024,0,1,Wind,Winter,15949,4,Thursday,January
3/16/2024,4,5,Wind,Spring,7152,76,Saturday,March
4/17/2024,2,3,Wind,Spring,5485,108,Wednesday,April
10/10/2023,23,0,Wind,Fall,2350,283,Tuesday,October
7/20/2021,17,18,Solar,Summer,5061,201,Tuesday,July
6/28/2024,19,20,Solar,Summer,2931,180,Friday,June
10/17/2022,4,5,Wind,Fall,8371,290,Monday,October
5/4/2024,16,17,Wind,Spring,7097,125,Saturday,May
11/23/2022,16,17,Wind,Fall,11998,327,Wednesday,November
7/25/2024,14,15,Solar,Summer,10189,207,Thursday,July
11/22/2023,0,1,Wind,Fall,7046,326,Wednesday,November
5/23/2023,13,14,Wind,Spring,11450,143,Tuesday,May
10/17/2024,14,15,Wind,Fall,3422,291,Thursday,October
6/18/2020,15,16,Solar,Summer,5327,170,Thursday,June
9/16/2020,19,20,Wind,Fall,4286,260,Wednesday,September
9/1/2024,10,11,Solar,Fall,5454,245,Sunday,September
11/29/2022,1,2,Wind,Fall,2348,333,Tuesday,November
7/31/2022,0,1,Wind,Summer,2172,212,Sunday,July
11/11/2022,22,23,Wind,Fall,4710,315,Friday,November
10/24/2024,13,14,Solar,Fall,8418,298,Thursday,October
9/9/2025,1,2,Wind,Fall,2328,252,Tuesday,September
6/3/2022,10,11,Solar,Summer,3195,154,Friday,June
4/11/2020,12,13,Solar,Spring,4030,102,Saturday,April
3/28/2025,6,7,Wind,Spring,2900,87,Friday,March
9/24/2024,1,2,Wind,Fall,5173,268,Tuesday,September
5/29/2021,8,9,Wind,Spring,2818,149,Saturday,May
12/13/2020,17,18,Wind,Winter,8724,348,Sunday,December
12/21/2024,15,16,Wind,Winter,16264,356,Saturday,December
1/30/2021,9,10,Wind,Winter,7466,30,Saturday,January
4/28/2023,19,20,Wind,Spring,4416,118,Friday,April
2/22/2023,8,9,Wind,Winter,3681,53,Wednesday,February
7/4/2024,2,3,Wind,Summer,4917,186,Thursday,July
8/17/2023,22,23,Wind,Summer,3285,229,Thursday,August
3/1/2025,6,7,Wind,Spring,6964,60,Saturday,March
4/5/2021,17,18,Wind,Spring,11176,95,Monday,April
4/24/2025,3,4,Wind,Spring,2874,114,Thursday,April
1/1/2023,11,12,Wind,Winter,11352,1,Sunday,January
9/21/2024,18,19,Wind,Fall,3706,265,Saturday,September
2/6/2022,8,9,Wind,Winter,15231,37,Sunday,February
6/22/2023,12,13,Wind,Summer,8029,173,Thursday,June
6/19/2022,23,0,Wind,Summer,6609,170,Sunday,June
12/29/2022,7,8,Wind,Winter,14628,363,Thursday,December
10/8/2021,16,17,Wind,Fall,7401,281,Friday,October
3/3/2021,15,16,Solar,Spring,2297,62,Wednesday,March
8/25/2022,9,10,Solar,Summer,4102,237,Thursday,August
11/2/2023,12,13,Wind,Fall,15749,306,Thursday,November
4/28/2023,15,16,Wind,Spring,11332,118,Friday,April
3/19/2024,8,9,Solar,Spring,2995,79,Tuesday,March
10/18/2025,2,3,Wind,Fall,5298,291,Saturday,October
9/9/2025,18,19,Wind,Fall,3952,252,Tuesday,September
2/26/2020,6,7,Wind,Winter,10052,57,Wednesday,February
8/2/2023,3,4,Wind,Summer,11426,214,Wednesday,August
1/27/2024,4,5,Wind,Winter,2168,27,Saturday,January
12/29/2022,9,10,Wind,Winter,14107,363,Thursday,December
8/31/2024,5,6,Wind,Summer,4126,244,Saturday,August
1/12/2025,4,5,Wind,Winter,2882,12,Sunday,January
10/10/2021,12,13,Solar,Fall,5083,283,Sunday,October
3/6/2025,12,13,Solar,Spring,15080,65,Thursday,March
9/27/2023,20,21,Wind,Fall,6093,270,Wednesday,September
3/21/2022,6,7,Wind,Spring,4047,80,Monday,March
7/25/2022,14,15,Wind,Summer,13252,206,Monday,July
1/7/2020,20,21,Wind,Winter,5559,7,Tuesday,January
6/19/2025,12,13,Solar,Summer,5699,170,Thursday,June
10/2/2023,22,23,Wind,Fall,9165,275,Monday,October
10/22/2025,6,7,Wind,Fall,4199,295,Wednesday,October
8/20/2020,1,2,Wind,Summer,4652,233,Thursday,August
1/5/2023,8,9,Wind,Winter,6315,5,Thursday,January
4/15/2021,8,9,Wind,Spring,4765,105,Thursday,April
4/3/2023,6,7,Wind,Spring,5730,93,Monday,April
7/28/2022,16,17,Solar,Summer,4699,209,Thursday,July
3/16/2022,22,23,Wind,Spring,4803,75,Wednesday,March
2/11/2024,23,0,Wind,Winter,5948,42,Sunday,February
4/18/2022,10,11,Solar,Spring,4102,108,Monday,April
8/20/2020,0,1,Wind,Summer,4778,233,Thursday,August
5/30/2021,18,19,Wind,Spring,5283,150,Sunday,May
2/3/2024,0,1,Wind,Winter,5398,34,Saturday,February
2/2/2022,12,13,Wind,Winter,7343,33,Wednesday,February
8/11/2022,16,17,Solar,Summer,7985,223,Thursday,August
3/2/2020,0,1,Wind,Spring,8237,62,Monday,March
7/20/2020,12,13,Solar,Summer,6001,202,Monday,July
2/25/2025,6,7,Wind,Winter,5499,56,Tuesday,February
9/27/2023,9,10,Solar,Fall,4720,270,Wednesday,September
1/28/2021,7,8,Wind,Winter,13384,28,Thursday,January
4/11/2021,9,10,Wind,Spring,6470,101,Sunday,April
1/4/2023,13,14,Wind,Winter,17387,4,Wednesday,January
5/22/2023,7,8,Wind,Spring,2460,142,Monday,May
6/1/2020,23,0,Wind,Summer,2810,153,Monday,June
1/12/2025,7,8,Wind,Winter,3280,12,Sunday,January
12/28/2020,14,15,Wind,Winter,9585,363,Monday,December
3/26/2024,11,12,Wind,Spring,5113,86,Tuesday,March
5/5/2021,3,4,Wind,Spring,6830,125,Wednesday,May
2/3/2022,8,9,Wind,Winter,3193,34,Thursday,February
11/15/2022,23,0,Wind,Fall,8025,319,Tuesday,November
1/13/2025,17,18,Wind,Winter,3745,13,Monday,January
10/29/2021,11,12,Wind,Fall,12826,302,Friday,October
2/20/2020,21,22,Wind,Winter,9235,51,Thursday,February
9/11/2020,20,21,Wind,Fall,978,255,Friday,September
4/20/2022,13,14,Wind,Spring,6149,110,Wednesday,April
2/26/2021,9,10,Wind,Winter,3431,57,Friday,February
3/21/2023,2,3,Wind,Spring,3815,80,Tuesday,March
8/24/2022,6,7,Wind,Summer,918,236,Wednesday,August
3/4/2023,3,4,Wind,Spring,4696,63,Saturday,March
7/12/2025,6,7,Wind,Summer,3675,193,Saturday,July
8/8/2021,8,9,Wind,Summer,5143,220,Sunday,August
3/26/2020,11,12,Wind,Spring,9436,86,Thursday,March
4/14/2023,18,19,Wind,Spring,9132,104,Friday,April
2/24/2022,2,3,Wind,Winter,4044,55,Thursday,February
1/19/2020,21,22,Wind,Winter,7199,19,Sunday,January
9/28/2025,18,19,Wind,Fall,1930,271,Sunday,September
7/25/2025,20,21,Wind,Summer,3699,206,Friday,July
9/21/2022,15,16,Solar,Fall,7231,264,Wednesday,September
3/27/2023,21,22,Wind,Spring,2171,86,Monday,March
1/10/2022,17,18,Wind,Winter,1854,10,Monday,January
6/15/2025,11,12,Solar,Summer,3323,166,Sunday,June
9/27/2025,19,20,Wind,Fall,988,270,Saturday,September
6/5/2024,16,17,Solar,Summer,5467,157,Wednesday,June
1/31/2022,12,13,Wind,Winter,16588,31,Monday,January
5/10/2025,15,16,Solar,Spring,6026,130,Saturday,May
11/9/2020,12,13,Solar,Fall,3129,314,Monday,November
12/8/2024,9,10,Wind,Winter,17595,343,Sunday,December
3/4/2021,10,11,Solar,Spring,2510,63,Thursday,March
7/10/2020,6,7,Wind,Summer,2854,192,Friday,July
3/12/2025,15,16,Solar,Spring,3819,71,Wednesday,March
9/1/2023,18,19,Solar,Fall,3528,244,Friday,September
1/12/2024,7,8,Wind,Winter,6614,12,Friday,January
7/14/2023,10,11,Solar,Summer,9021,195,Friday,July
11/29/2020,14,15,Wind,Fall,3884,334,Sunday,November
11/3/2023,20,21,Wind,Fall,11587,307,Friday,November
7/15/2024,2,3,Wind,Summer,806,197,Monday,July
1/13/2021,21,22,Wind,Winter,10124,13,Wednesday,January
5/5/2021,19,20,Wind,Spring,7103,125,Wednesday,May
3/21/2023,21,22,Wind,Spring,6853,80,Tuesday,March
7/3/2024,16,17,Wind,Summer,12507,185,Wednesday,July
7/11/2025,2,3,Wind,Summer,4561,192,Friday,July
7/30/2021,10,11,Wind,Summer,7443,211,Friday,July
4/6/2022,8,9,Wind,Spring,5703,96,Wednesday,April
11/9/2025,10,11,Solar,Fall,6137,313,Sunday,November
2/8/2024,9,10,Wind,Winter,14578,39,Thursday,February
5/6/2021,23,0,Wind,Spring,2774,126,Thursday,May
10/23/2021,9,10,Wind,Fall,2533,296,Saturday,October
10/7/2022,23,0,Wind,Fall,2893,280,Friday,October
2/2/2024,20,21,Wind,Winter,7591,33,Friday,February
12/13/2022,18,19,Wind,Winter,3271,347,Tuesday,December
5/28/2022,23,0,Wind,Spring,6736,148,Saturday,May
4/8/2023,15,16,Solar,Spring,8121,98,Saturday,April
6/5/2024,3,4,Wind,Summer,2600,157,Wednesday,June
3/26/2025,8,9,Wind,Spring,4117,85,Wednesday,March
8/27/2024,7,8,Wind,Summer,4362,240,Tuesday,August
3/22/2020,5,6,Wind,Spring,8012,82,Sunday,March
4/26/2022,22,23,Wind,Spring,5243,116,Tuesday,April
5/19/2023,15,16,Wind,Spring,10001,139,Friday,May
1/24/2022,3,4,Wind,Winter,2969,24,Monday,January
2/1/2022,8,9,Wind,Winter,7682,32,Tuesday,February
12/16/2024,4,5,Wind,Winter,7471,351,Monday,December
12/16/2023,11,12,Solar,Winter,5289,350,Saturday,December
10/29/2023,17,18,Wind,Fall,13201,302,Sunday,October
1/6/2022,20,21,Wind,Winter,6842,6,Thursday,January
4/6/2022,15,16,Wind,Spring,13079,96,Wednesday,April
6/16/2023,22,23,Wind,Summer,1185,167,Friday,June
10/26/2021,1,2,Wind,Fall,3058,299,Tuesday,October
11/26/2025,13,14,Solar,Fall,6697,330,Wednesday,November
12/8/2022,12,13,Wind,Winter,2588,342,Thursday,December
1/25/2021,7,8,Wind,Winter,5382,25,Monday,January
3/30/2020,18,19,Wind,Spring,11078,90,Monday,March
12/8/2023,12,13,Wind,Winter,5928,342,Friday,December
9/3/2022,7,8,Wind,Fall,1564,246,Saturday,September
5/13/2024,2,3,Wind,Spring,2486,134,Monday,May
7/17/2024,6,7,Wind,Summer,1311,199,Wednesday,July
8/1/2021,14,15,Solar,Summer,6936,213,Sunday,August
7/25/2024,7,8,Wind,Summer,1757,207,Thursday,July
4/30/2021,16,17,Solar,Spring,2380,120,Friday,April
8/23/2025,17,18,Solar,Summer,7139,235,Saturday,August
10/12/2021,21,22,Wind,Fall,3745,285,Tuesday,October
12/29/2020,2,3,Wind,Winter,6417,364,Tuesday,December
1/6/2023,1,2,Wind,Winter,7136,6,Friday,January
4/18/2025,14,15,Solar,Spring,7510,108,Friday,April
10/27/2021,15,16,Solar,Fall,5169,300,Wednesday,October
12/9/2023,0,1,Wind,Winter,8230,343,Saturday,December
12/21/2024,0,1,Wind,Winter,11974,356,Saturday,December
1/5/2025,8,9,Wind,Winter,17589,5,Sunday,January
10/6/2021,22,23,Wind,Fall,2961,279,Wednesday,October
1/16/2024,13,14,Solar,Winter,3645,16,Tuesday,January
9/21/2022,0,1,Wind,Fall,2874,264,Wednesday,September
11/8/2024,5,6,Wind,Fall,2488,313,Friday,November
1/29/2021,9,10,Wind,Winter,14288,29,Friday,January
8/7/2021,1,2,Wind,Summer,2984,219,Saturday,August
7/23/2024,20,21,Wind,Summer,4481,205,Tuesday,July
6/27/2025,6,7,Wind,Summer,2148,178,Friday,June
10/9/2020,6,7,Wind,Fall,2199,283,Friday,October
8/15/2020,13,14,Solar,Summer,3858,228,Saturday,August
10/13/2024,19,20,Wind,Fall,846,287,Sunday,October
11/18/2021,0,1,Wind,Fall,1595,322,Thursday,November
4/29/2021,7,8,Wind,Spring,2584,119,Thursday,April
9/24/2024,19,20,Wind,Fall,4603,268,Tuesday,September
10/13/2020,15,16,Wind,Fall,6503,287,Tuesday,October
9/7/2025,2,3,Wind,Fall,6502,250,Sunday,September
3/28/2024,1,2,Wind,Spring,14376,88,Thursday,March
7/7/2020,20,21,Wind,Summer,2114,189,Tuesday,July
5/22/2020,17,18,Wind,Spring,6372,143,Friday,May
1/26/2023,10,11,Wind,Winter,5197,26,Thursday,January
4/25/2020,13,14,Solar,Spring,4085,116,Saturday,April
7/14/2024,10,11,Solar,Summer,2634,196,Sunday,July
12/11/2024,14,15,Wind,Winter,6865,346,Wednesday,December
10/20/2023,18,19,Wind,Fall,7162,293,Friday,October
7/31/2022,7,8,Wind,Summer,1873,212,Sunday,July
11/19/2020,22,23,Wind,Fall,4071,324,Thursday,November
5/13/2023,13,14,Wind,Spring,9897,133,Saturday,May
1/29/2024,17,18,Wind,Winter,5859,29,Monday,January
4/19/2024,14,15,Wind,Spring,18551,110,Friday,April
6/9/2020,16,17,Wind,Summer,5018,161,Tuesday,June
3/30/2025,21,22,Wind,Spring,6026,89,Sunday,March
7/4/2020,0,1,Wind,Summer,2880,186,Saturday,July
4/21/2023,12,13,Solar,Spring,7908,111,Friday,April
3/11/2025,9,10,Wind,Spring,5850,70,Tuesday,March
9/1/2021,21,22,Wind,Fall,7034,244,Wednesday,September
8/18/2025,5,6,Wind,Summer,5172,230,Monday,August
1/16/2022,11,12,Wind,Winter,5504,16,Sunday,January
4/8/2020,22,23,Wind,Spring,690,99,Wednesday,April
3/20/2024,8,9,Wind,Spring,4474,80,Wednesday,March
9/2/2021,8,9,Wind,Fall,6040,245,Thursday,September
6/6/2025,5,6,Wind,Summer,8130,157,Friday,June
4/5/2025,15,16,Solar,Spring,6317,95,Saturday,April
7/18/2021,5,6,Wind,Summer,4909,199,Sunday,July
5/30/2020,8,9,Wind,Spring,3028,151,Saturday,May
1/15/2023,2,3,Wind,Winter,9467,15,Sunday,January
9/8/2022,22,23,Wind,Fall,5397,251,Thursday,September
10/22/2025,20,21,Wind,Fall,10734,295,Wednesday,October
12/28/2021,14,15,Wind,Winter,15685,362,Tuesday,December
9/29/2024,22,23,Wind,Fall,10984,273,Sunday,September
6/14/2020,13,14,Solar,Summer,5704,166,Sunday,June
12/23/2021,10,11,Wind,Winter,9426,357,Thursday,December
3/18/2024,23,0,Wind,Spring,933,78,Monday,March
8/24/2023,15,16,Wind,Summer,13574,236,Thursday,August
10/29/2021,9,10,Wind,Fall,12500,302,Friday,October
6/16/2025,17,18,Solar,Summer,8507,167,Monday,June
10/7/2024,14,15,Wind,Fall,6327,281,Monday,October
8/25/2021,2,3,Wind,Summer,6018,237,Wednesday,August
3/3/2023,6,7,Wind,Spring,4375,62,Friday,March
7/22/2024,22,23,Wind,Summer,3692,204,Monday,July
8/12/2025,19,20,Wind,Summer,3451,224,Tuesday,August
4/18/2023,1,2,Wind,Spring,7360,108,Tuesday,April
3/25/2024,4,5,Wind,Spring,1955,85,Monday,March
1/17/2022,14,15,Solar,Winter,3473,17,Monday,January
5/5/2024,0,1,Wind,Spring,3218,126,Sunday,May
4/8/2023,21,22,Wind,Spring,3198,98,Saturday,April
8/1/2022,16,17,Solar,Summer,6020,213,Monday,August
3/5/2024,10,11,Wind,Spring,9324,65,Tuesday,March
6/2/2025,7,8,Wind,Summer,2418,153,Monday,June
11/4/2024,7,8,Wind,Fall,2712,309,Monday,November
8/11/2025,4,5,Wind,Summer,5798,223,Monday,August
12/25/2023,18,19,Wind,Winter,12549,359,Monday,December
4/13/2022,23,0,Wind,Spring,1056,103,Wednesday,April
10/13/2024,12,13,Solar,Fall,5958,287,Sunday,October
7/30/2023,19,20,Wind,Summer,8854,211,Sunday,July
9/14/2020,5,6,Wind,Fall,2506,258,Monday,September
11/14/2023,23,0,Wind,Fall,12183,318,Tuesday,November
8/25/2024,0,1,Wind,Summer,8078,238,Sunday,August
9/29/2025,7,8,Wind,Fall,1685,272,Monday,September
4/23/2024,22,23,Wind,Spring,4207,114,Tuesday,April
11/14/2022,6,7,Wind,Fall,3756,318,Monday,November
6/21/2025,5,6,Wind,Summer,3209,172,Saturday,June
1/2/2024,22,23,Wind,Winter,17304,2,Tuesday,January
4/29/2020,14,15,Wind,Spring,11037,120,Wednesday,April
1/4/2021,1,2,Wind,Winter,1985,4,Monday,January
10/26/2025,22,23,Wind,Fall,14963,299,Sunday,October
6/23/2024,8,9,Solar,Summer,3443,175,Sunday,June
12/4/2022,3,4,Wind,Winter,3339,338,Sunday,December
1/20/2022,5,6,Wind,Winter,3390,20,Thursday,January
6/21/2020,22,23,Wind,Summer,3262,173,Sunday,June
4/7/2024,3,4,Wind,Spring,9110,98,Sunday,April
5/21/2024,6,7,Wind,Spring,1742,142,Tuesday,May
3/8/2023,22,23,Wind,Spring,14517,67,Wednesday,March
8/26/2021,15,16,Solar,Summer,8587,238,Thursday,August
10/16/2025,1,2,Wind,Fall,4833,289,Thursday,October
11/6/2020,15,16,Wind,Fall,5205,311,Friday,November
10/20/2022,18,19,Wind,Fall,5532,293,Thursday,October
2/22/2025,16,17,Wind,Winter,8303,53,Saturday,February
11/8/2021,19,20,Wind,Fall,1830,312,Monday,November
4/16/2024,15,16,Wind,Spring,10661,107,Tuesday,April
4/7/2022,20,21,Wind,Spring,13977,97,Thursday,April
11/7/2023,18,19,Wind,Fall,8342,311,Tuesday,November
5/16/2020,23,0,Wind,Spring,4229,137,Saturday,May
12/8/2021,17,18,Wind,Winter,4609,342,Wednesday,December
4/27/2022,8,9,Wind,Spring,5412,117,Wednesday,April
1/31/2025,23,0,Wind,Winter,3781,31,Friday,January
12/26/2022,15,16,Wind,Winter,8297,360,Monday,December
5/15/2023,20,21,Wind,Spring,8937,135,Monday,May
2/22/2022,14,15,Wind,Winter,14800,53,Tuesday,February
6/3/2023,8,9,Wind,Summer,4876,154,Saturday,June
3/3/2021,19,20,Wind,Spring,854,62,Wednesday,March
6/18/2020,21,22,Wind,Summer,1799,170,Thursday,June
9/28/2024,16,17,Solar,Fall,7308,272,Saturday,September
6/13/2020,13,14,Wind,Summer,5636,165,Saturday,June
12/26/2024,7,8,Wind,Winter,2631,361,Thursday,December
7/28/2020,23,0,Wind,Summer,2945,210,Tuesday,July
9/12/2020,20,21,Wind,Fall,1281,256,Saturday,September
12/1/2023,4,5,Wind,Winter,1917,335,Friday,December
2/5/2021,5,6,Wind,Winter,1882,36,Friday,February
5/25/2024,21,22,Wind,Spring,1504,146,Saturday,May
2/8/2023,0,1,Wind,Winter,4023,39,Wednesday,February
